timestamp,temperature_c,humidity_pct,wind_speed_ms,is_real_data
2025-01-01 00:00:00,2.3,90,1.8888888888888888,True
2025-01-01 01:00:00,3.0,86,1.6666666666666665,True
2025-01-01 02:00:00,3.1,86,1.8055555555555556,True
2025-01-01 03:00:00,3.0,87,1.6666666666666665,True
2025-01-01 04:00:00,2.9,88,1.5833333333333333,True
2025-01-01 05:00:00,3.1,88,1.5833333333333333,True
2025-01-01 06:00:00,3.8,86,1.6388888888888888,True
2025-01-01 07:00:00,4.0,85,1.6388888888888888,True
2025-01-01 08:00:00,5.2,83,1.6666666666666665,True
2025-01-01 09:00:00,7.2,80,1.611111111111111,True
2025-01-01 10:00:00,8.7,74,0.888888888888889,True
2025-01-01 11:00:00,9.2,77,2.055555555555556,True
2025-01-01 12:00:00,9.5,77,2.4166666666666665,True
2025-01-01 13:00:00,9.5,81,2.1666666666666665,True
2025-01-01 14:00:00,9.1,83,2.1666666666666665,True
2025-01-01 15:00:00,8.2,92,2.0,True
2025-01-01 16:00:00,7.5,96,1.1111111111111112,True
2025-01-01 17:00:00,7.2,97,0.8055555555555555,True
2025-01-01 18:00:00,7.0,99,1.5555555555555554,True
2025-01-01 19:00:00,7.1,99,2.4444444444444446,True
2025-01-01 20:00:00,7.1,99,2.2777777777777777,True
2025-01-01 21:00:00,7.1,99,2.2222222222222223,True
2025-01-01 22:00:00,6.9,99,2.111111111111111,True
2025-01-01 23:00:00,6.5,99,1.8611111111111112,True
2025-01-02 00:00:00,6.1,100,1.3888888888888888,True
2025-01-02 01:00:00,6.9,97,0.5833333333333334,True
2025-01-02 02:00:00,7.1,98,1.4166666666666665,True
2025-01-02 03:00:00,7.1,99,1.5555555555555554,True
2025-01-02 04:00:00,6.9,99,1.5555555555555554,True
2025-01-02 05:00:00,7.1,98,1.5555555555555554,True
2025-01-02 06:00:00,7.3,99,3.138888888888889,True
2025-01-02 07:00:00,7.1,98,2.3333333333333335,True
2025-01-02 08:00:00,7.2,99,2.5277777777777777,True
2025-01-02 09:00:00,7.4,98,3.194444444444444,True
2025-01-02 10:00:00,7.6,99,3.888888888888889,True
2025-01-02 11:00:00,7.9,97,4.138888888888889,True
2025-01-02 12:00:00,8.2,92,4.333333333333333,True
2025-01-02 13:00:00,7.0,100,2.833333333333333,True
2025-01-02 14:00:00,7.3,98,1.5277777777777777,True
2025-01-02 15:00:00,8.1,95,3.0277777777777777,True
2025-01-02 16:00:00,8.4,94,3.861111111111111,True
2025-01-02 17:00:00,8.5,97,4.083333333333333,True
2025-01-02 18:00:00,8.2,98,3.3055555555555554,True
2025-01-02 19:00:00,7.5,98,1.6666666666666665,True
2025-01-02 20:00:00,7.5,98,1.3055555555555556,True
2025-01-02 21:00:00,7.9,98,3.2499999999999996,True
2025-01-02 22:00:00,8.1,98,3.222222222222222,True
2025-01-02 23:00:00,8.9,93,4.277777777777778,True
2025-01-03 00:00:00,9.3,93,5.527777777777778,True
2025-01-03 01:00:00,9.5,95,3.3611111111111107,True
2025-01-03 02:00:00,9.1,97,1.6666666666666665,True
2025-01-03 03:00:00,8.7,97,1.25,True
2025-01-03 04:00:00,8.3,97,0.5555555555555556,True
2025-01-03 05:00:00,8.1,97,2.6666666666666665,True
2025-01-03 06:00:00,7.5,90,5.694444444444445,True
2025-01-03 07:00:00,6.6,81,6.111111111111111,True
2025-01-03 08:00:00,6.9,72,6.25,True
2025-01-03 09:00:00,8.3,58,6.694444444444445,True
2025-01-03 10:00:00,8.7,57,6.333333333333333,True
2025-01-03 11:00:00,9.1,51,6.472222222222222,True
2025-01-03 12:00:00,9.0,47,6.722222222222221,True
2025-01-03 13:00:00,8.5,53,6.833333333333334,True
2025-01-03 14:00:00,7.5,55,6.333333333333333,True
2025-01-03 15:00:00,6.3,58,6.277777777777778,True
2025-01-03 16:00:00,4.9,64,6.333333333333333,True
2025-01-03 17:00:00,4.2,65,6.194444444444445,True
2025-01-03 18:00:00,3.9,65,5.555555555555555,True
2025-01-03 19:00:00,3.3,68,4.138888888888889,True
2025-01-03 20:00:00,2.7,71,3.6944444444444446,True
2025-01-03 21:00:00,2.1,74,3.5,True
2025-01-03 22:00:00,1.7,75,3.8055555555555554,True
2025-01-03 23:00:00,1.3,76,4.138888888888889,True
2025-01-04 00:00:00,1.0,77,4.166666666666667,True
2025-01-04 01:00:00,0.9,77,4.361111111111111,True
2025-01-04 02:00:00,1.0,76,4.444444444444445,True
2025-01-04 03:00:00,0.9,75,4.5,True
2025-01-04 04:00:00,0.9,75,4.555555555555555,True
2025-01-04 05:00:00,1.1,73,4.416666666666667,True
2025-01-04 06:00:00,1.3,71,4.416666666666667,True
2025-01-04 07:00:00,1.6,69,4.805555555555555,True
2025-01-04 08:00:00,3.2,60,5.083333333333333,True
2025-01-04 09:00:00,5.4,53,5.166666666666667,True
2025-01-04 10:00:00,7.2,45,5.083333333333333,True
2025-01-04 11:00:00,8.2,39,4.444444444444445,True
2025-01-04 12:00:00,8.9,37,3.6666666666666665,True
2025-01-04 13:00:00,7.8,47,4.527777777777778,True
2025-01-04 14:00:00,6.8,49,4.75,True
2025-01-04 15:00:00,5.3,54,4.361111111111111,True
2025-01-04 16:00:00,3.4,62,3.8055555555555554,True
2025-01-04 17:00:00,2.7,65,3.888888888888889,True
2025-01-04 18:00:00,1.9,68,3.9722222222222223,True
2025-01-04 19:00:00,1.5,69,3.6944444444444446,True
2025-01-04 20:00:00,1.3,68,3.4722222222222223,True
2025-01-04 21:00:00,1.4,64,3.1111111111111107,True
2025-01-04 22:00:00,1.8,58,2.5555555555555554,True
2025-01-04 23:00:00,1.7,59,2.5,True
2025-01-05 00:00:00,2.3,59,2.0833333333333335,True
2025-01-05 01:00:00,4.4,63,1.3333333333333333,True
2025-01-05 02:00:00,3.5,67,1.3888888888888888,True
2025-01-05 03:00:00,3.9,65,0.8611111111111112,True
2025-01-05 04:00:00,5.0,61,1.0,True
2025-01-05 05:00:00,5.2,62,0.6944444444444444,True
2025-01-05 06:00:00,5.4,68,0.41666666666666663,True
2025-01-05 07:00:00,4.9,75,0.6111111111111112,True
2025-01-05 08:00:00,4.8,82,0.888888888888889,True
2025-01-05 09:00:00,5.8,83,1.3055555555555556,True
2025-01-05 10:00:00,6.4,78,1.1666666666666667,True
2025-01-05 11:00:00,6.5,79,0.8611111111111112,True
2025-01-05 12:00:00,6.6,82,1.1111111111111112,True
2025-01-05 13:00:00,5.4,98,0.8333333333333333,True
2025-01-05 14:00:00,5.0,98,1.5277777777777777,True
2025-01-05 15:00:00,4.8,98,1.8055555555555556,True
2025-01-05 16:00:00,4.7,98,1.9166666666666667,True
2025-01-05 17:00:00,4.9,97,1.7222222222222223,True
2025-01-05 18:00:00,5.1,97,1.3611111111111112,True
2025-01-05 19:00:00,5.3,97,1.5555555555555554,True
2025-01-05 20:00:00,5.4,97,1.6388888888888888,True
2025-01-05 21:00:00,5.5,96,1.0833333333333333,True
2025-01-05 22:00:00,5.6,95,1.0555555555555556,True
2025-01-05 23:00:00,5.7,96,1.3611111111111112,True
2025-01-06 00:00:00,5.7,97,1.0555555555555556,True
2025-01-06 01:00:00,6.6,93,0.19444444444444442,True
2025-01-06 02:00:00,6.6,93,0.22222222222222224,True
2025-01-06 03:00:00,6.1,97,0.8333333333333333,True
2025-01-06 04:00:00,6.5,92,0.1388888888888889,True
2025-01-06 05:00:00,6.9,89,0.05555555555555556,True
2025-01-06 06:00:00,6.5,91,0.5555555555555556,True
2025-01-06 07:00:00,6.6,93,0.6111111111111112,True
2025-01-06 08:00:00,7.3,88,0.08333333333333333,True
2025-01-06 09:00:00,7.9,87,0.05555555555555556,True
2025-01-06 10:00:00,8.0,96,1.25,True
2025-01-06 11:00:00,8.0,98,1.1666666666666667,True
2025-01-06 12:00:00,8.5,97,0.38888888888888884,True
2025-01-06 13:00:00,10.4,90,4.805555555555555,True
2025-01-06 14:00:00,10.5,89,3.9722222222222223,True
2025-01-06 15:00:00,8.8,96,2.3333333333333335,True
2025-01-06 16:00:00,8.3,97,1.3333333333333333,True
2025-01-06 17:00:00,8.5,95,1.0555555555555556,True
2025-01-06 18:00:00,8.8,92,1.3611111111111112,True
2025-01-06 19:00:00,9.0,91,2.138888888888889,True
2025-01-06 20:00:00,9.1,92,1.472222222222222,True
2025-01-06 21:00:00,9.3,90,0.9722222222222222,True
2025-01-06 22:00:00,9.3,90,0.6111111111111112,True
2025-01-06 23:00:00,9.5,90,0.75,True
2025-01-07 00:00:00,9.4,91,1.2222222222222223,True
2025-01-07 01:00:00,11.9,89,4.111111111111112,True
2025-01-07 02:00:00,12.2,85,4.361111111111111,True
2025-01-07 03:00:00,10.8,91,1.1944444444444444,True
2025-01-07 04:00:00,8.7,96,1.5,True
2025-01-07 05:00:00,9.1,91,1.6666666666666665,True
2025-01-07 06:00:00,10.7,94,3.1111111111111107,True
2025-01-07 07:00:00,11.1,93,3.944444444444444,True
2025-01-07 08:00:00,11.6,89,5.083333333333333,True
2025-01-07 09:00:00,12.4,82,5.722222222222222,True
2025-01-07 10:00:00,12.7,80,5.888888888888888,True
2025-01-07 11:00:00,11.4,95,5.527777777777778,True
2025-01-07 12:00:00,11.0,96,5.722222222222222,True
2025-01-07 13:00:00,11.1,97,5.5,True
2025-01-07 14:00:00,10.3,99,3.0277777777777777,True
2025-01-07 15:00:00,10.0,99,1.027777777777778,True
2025-01-07 16:00:00,9.7,98,0.3333333333333333,True
2025-01-07 17:00:00,9.7,97,0.3333333333333333,True
2025-01-07 18:00:00,9.4,97,0.9166666666666666,True
2025-01-07 19:00:00,9.5,95,0.4722222222222222,True
2025-01-07 20:00:00,9.1,97,0.9444444444444444,True
2025-01-07 21:00:00,9.0,97,0.888888888888889,True
2025-01-07 22:00:00,8.8,97,0.9166666666666666,True
2025-01-07 23:00:00,8.8,98,1.3611111111111112,True
2025-01-08 00:00:00,9.1,95,2.0,True
2025-01-08 01:00:00,9.6,96,2.2777777777777777,True
2025-01-08 02:00:00,9.3,97,1.972222222222222,True
2025-01-08 03:00:00,9.2,95,1.8611111111111112,True
2025-01-08 04:00:00,8.8,97,2.8055555555555554,True
2025-01-08 05:00:00,8.5,96,2.4444444444444446,True
2025-01-08 06:00:00,8.2,94,2.8055555555555554,True
2025-01-08 07:00:00,7.9,94,3.0555555555555554,True
2025-01-08 08:00:00,8.6,92,3.861111111111111,True
2025-01-08 09:00:00,9.3,92,4.361111111111111,True
2025-01-08 10:00:00,10.0,89,4.944444444444445,True
2025-01-08 11:00:00,10.1,89,3.75,True
2025-01-08 12:00:00,9.9,89,2.388888888888889,True
2025-01-08 13:00:00,8.5,94,2.111111111111111,True
2025-01-08 14:00:00,8.1,98,2.2777777777777777,True
2025-01-08 15:00:00,7.9,98,1.3888888888888888,True
2025-01-08 16:00:00,8.0,98,0.8611111111111112,True
2025-01-08 17:00:00,8.0,98,1.027777777777778,True
2025-01-08 18:00:00,8.1,98,1.972222222222222,True
2025-01-08 19:00:00,8.0,98,1.9166666666666667,True
2025-01-08 20:00:00,8.1,98,1.1944444444444444,True
2025-01-08 21:00:00,8.3,97,0.7222222222222222,True
2025-01-08 22:00:00,8.9,94,0.8333333333333333,True
2025-01-08 23:00:00,9.4,93,1.0555555555555556,True
2025-01-09 00:00:00,9.4,95,1.1388888888888888,True
2025-01-09 01:00:00,9.7,97,1.1944444444444444,True
2025-01-09 02:00:00,9.8,97,1.3888888888888888,True
2025-01-09 03:00:00,10.1,98,2.111111111111111,True
2025-01-09 04:00:00,10.4,98,2.694444444444444,True
2025-01-09 05:00:00,10.6,98,2.6666666666666665,True
2025-01-09 06:00:00,10.8,97,3.3055555555555554,True
2025-01-09 07:00:00,10.9,97,4.277777777777778,True
2025-01-09 08:00:00,10.9,96,5.111111111111111,True
2025-01-09 09:00:00,11.1,96,5.055555555555555,True
2025-01-09 10:00:00,11.2,96,5.694444444444445,True
2025-01-09 11:00:00,11.1,97,5.444444444444445,True
2025-01-09 12:00:00,11.4,96,7.305555555555555,True
2025-01-09 13:00:00,11.7,95,7.694444444444444,True
2025-01-09 14:00:00,11.8,93,6.25,True
2025-01-09 15:00:00,11.2,98,5.055555555555555,True
2025-01-09 16:00:00,11.4,98,4.722222222222222,True
2025-01-09 17:00:00,11.4,98,5.416666666666667,True
2025-01-09 18:00:00,11.5,94,6.222222222222221,True
2025-01-09 19:00:00,11.4,95,5.916666666666667,True
2025-01-09 20:00:00,11.3,95,4.555555555555555,True
2025-01-09 21:00:00,10.8,98,3.4444444444444446,True
2025-01-09 22:00:00,10.1,99,3.0555555555555554,True
2025-01-09 23:00:00,9.8,99,2.5,True
2025-01-10 00:00:00,9.9,98,2.5555555555555554,True
2025-01-10 01:00:00,10.5,99,2.8055555555555554,True
2025-01-10 02:00:00,10.0,98,1.6388888888888888,True
2025-01-10 03:00:00,9.8,98,1.7222222222222223,True
2025-01-10 04:00:00,9.8,97,0.5555555555555556,True
2025-01-10 05:00:00,9.2,97,4.611111111111112,True
2025-01-10 06:00:00,4.8,95,5.694444444444445,True
2025-01-10 07:00:00,6.0,66,8.083333333333334,True
2025-01-10 08:00:00,5.9,73,8.722222222222221,True
2025-01-10 09:00:00,6.4,62,7.388888888888889,True
2025-01-10 10:00:00,7.0,55,6.388888888888888,True
2025-01-10 11:00:00,7.4,48,6.222222222222221,True
2025-01-10 12:00:00,7.5,43,6.166666666666666,True
2025-01-10 13:00:00,8.2,44,6.416666666666667,True
2025-01-10 14:00:00,7.7,46,6.861111111111111,True
2025-01-10 15:00:00,6.9,48,5.611111111111111,True
2025-01-10 16:00:00,5.5,51,4.666666666666667,True
2025-01-10 17:00:00,4.4,53,5.222222222222222,True
2025-01-10 18:00:00,3.9,55,4.75,True
2025-01-10 19:00:00,3.5,56,4.472222222222222,True
2025-01-10 20:00:00,3.0,59,3.8333333333333335,True
2025-01-10 21:00:00,3.4,61,4.083333333333333,True
2025-01-10 22:00:00,3.8,62,3.888888888888889,True
2025-01-10 23:00:00,4.0,59,3.9166666666666665,True
2025-01-11 00:00:00,4.1,55,3.8333333333333335,True
2025-01-11 01:00:00,4.6,63,4.138888888888889,True
2025-01-11 02:00:00,4.2,64,4.333333333333333,True
2025-01-11 03:00:00,3.7,64,4.388888888888889,True
2025-01-11 04:00:00,3.0,65,4.611111111111112,True
2025-01-11 05:00:00,2.3,67,4.638888888888888,True
2025-01-11 06:00:00,1.9,67,4.777777777777778,True
2025-01-11 07:00:00,1.7,66,4.694444444444444,True
2025-01-11 08:00:00,3.2,58,4.833333333333333,True
2025-01-11 09:00:00,5.6,51,4.694444444444444,True
2025-01-11 10:00:00,7.3,42,5.277777777777778,True
2025-01-11 11:00:00,7.9,35,5.277777777777778,True
2025-01-11 12:00:00,8.3,34,5.249999999999999,True
2025-01-11 13:00:00,7.7,39,5.333333333333333,True
2025-01-11 14:00:00,7.4,37,5.416666666666667,True
2025-01-11 15:00:00,6.3,41,5.555555555555555,True
2025-01-11 16:00:00,4.6,46,6.0,True
2025-01-11 17:00:00,3.8,51,5.888888888888888,True
2025-01-11 18:00:00,3.1,56,5.694444444444445,True
2025-01-11 19:00:00,3.3,52,6.333333333333333,True
2025-01-11 20:00:00,3.6,47,6.861111111111111,True
2025-01-11 21:00:00,3.3,47,5.777777777777778,True
2025-01-11 22:00:00,2.7,47,4.944444444444445,True
2025-01-11 23:00:00,2.7,45,5.194444444444444,True
2025-01-12 00:00:00,2.7,44,5.388888888888888,True
2025-01-12 01:00:00,3.5,44,6.416666666666667,True
2025-01-12 02:00:00,3.3,44,6.111111111111111,True
2025-01-12 03:00:00,2.9,45,5.388888888888888,True
2025-01-12 04:00:00,2.2,48,4.472222222222222,True
2025-01-12 05:00:00,1.6,48,4.166666666666667,True
2025-01-12 06:00:00,1.1,48,3.7777777777777777,True
2025-01-12 07:00:00,1.1,47,3.5833333333333335,True
2025-01-12 08:00:00,2.4,45,3.8333333333333335,True
2025-01-12 09:00:00,4.6,40,3.6666666666666665,True
2025-01-12 10:00:00,6.0,34,4.722222222222222,True
2025-01-12 11:00:00,6.6,32,5.527777777777778,True
2025-01-12 12:00:00,7.0,33,4.916666666666666,True
2025-01-12 13:00:00,7.6,36,4.722222222222222,True
2025-01-12 14:00:00,7.1,39,4.944444444444445,True
2025-01-12 15:00:00,5.8,43,4.472222222222222,True
2025-01-12 16:00:00,4.5,46,4.194444444444445,True
2025-01-12 17:00:00,3.5,49,3.9722222222222223,True
2025-01-12 18:00:00,2.5,55,3.194444444444444,True
2025-01-12 19:00:00,1.5,60,2.888888888888889,True
2025-01-12 20:00:00,0.8,63,2.944444444444444,True
2025-01-12 21:00:00,0.2,65,2.5833333333333335,True
2025-01-12 22:00:00,-0.1,65,2.8055555555555554,True
2025-01-12 23:00:00,-0.2,64,2.944444444444444,True
2025-01-13 00:00:00,0.2,60,3.8055555555555554,True
2025-01-13 01:00:00,1.6,57,4.472222222222222,True
2025-01-13 02:00:00,1.2,58,3.5277777777777777,True
2025-01-13 03:00:00,0.6,61,3.0,True
2025-01-13 04:00:00,0.7,59,3.555555555555556,True
2025-01-13 05:00:00,1.0,53,5.111111111111111,True
2025-01-13 06:00:00,1.2,49,6.194444444444445,True
2025-01-13 07:00:00,1.2,48,6.305555555555555,True
2025-01-13 08:00:00,2.0,46,5.472222222222222,True
2025-01-13 09:00:00,2.8,47,3.3611111111111107,True
2025-01-13 10:00:00,4.4,41,3.2777777777777777,True
2025-01-13 11:00:00,5.1,39,5.527777777777778,True
2025-01-13 12:00:00,5.3,39,5.888888888888888,True
2025-01-13 13:00:00,4.9,41,6.555555555555555,True
2025-01-13 14:00:00,4.3,44,6.833333333333334,True
2025-01-13 15:00:00,3.8,46,5.722222222222222,True
2025-01-13 16:00:00,3.1,48,4.305555555555555,True
2025-01-13 17:00:00,2.6,50,3.9722222222222223,True
2025-01-13 18:00:00,2.4,52,4.972222222222221,True
2025-01-13 19:00:00,2.0,56,5.416666666666667,True
2025-01-13 20:00:00,1.6,59,5.666666666666666,True
2025-01-13 21:00:00,1.4,61,6.111111111111111,True
2025-01-13 22:00:00,1.4,60,7.638888888888888,True
2025-01-13 23:00:00,1.6,58,9.277777777777777,True
2025-01-14 00:00:00,1.8,56,10.666666666666666,True
2025-01-14 01:00:00,2.4,56,10.416666666666666,True
2025-01-14 02:00:00,2.7,53,12.083333333333332,True
2025-01-14 03:00:00,2.9,52,12.722222222222221,True
2025-01-14 04:00:00,2.9,51,9.333333333333334,True
2025-01-14 05:00:00,2.1,54,6.611111111111111,True
2025-01-14 06:00:00,1.9,56,6.527777777777778,True
2025-01-14 07:00:00,1.7,57,6.555555555555555,True
2025-01-14 08:00:00,2.3,55,6.027777777777778,True
2025-01-14 09:00:00,3.2,54,4.0,True
2025-01-14 10:00:00,4.6,48,3.8055555555555554,True
2025-01-14 11:00:00,5.6,44,4.0,True
2025-01-14 12:00:00,6.4,41,3.6666666666666665,True
2025-01-14 13:00:00,6.6,40,4.361111111111111,True
2025-01-14 14:00:00,6.3,40,3.7777777777777777,True
2025-01-14 15:00:00,5.4,43,4.472222222222222,True
2025-01-14 16:00:00,4.2,45,4.972222222222221,True
2025-01-14 17:00:00,3.0,51,4.75,True
2025-01-14 18:00:00,2.3,54,5.416666666666667,True
2025-01-14 19:00:00,2.5,53,5.944444444444444,True
2025-01-14 20:00:00,2.3,54,6.0,True
2025-01-14 21:00:00,2.4,55,5.972222222222222,True
2025-01-14 22:00:00,2.5,55,5.249999999999999,True
2025-01-14 23:00:00,1.8,57,4.5,True
2025-01-15 00:00:00,1.5,57,4.527777777777778,True
2025-01-15 01:00:00,2.2,52,4.805555555555555,True
2025-01-15 02:00:00,1.7,53,3.9722222222222223,True
2025-01-15 03:00:00,1.8,52,3.611111111111111,True
2025-01-15 04:00:00,1.4,51,3.2777777777777777,True
2025-01-15 05:00:00,1.2,50,3.222222222222222,True
2025-01-15 06:00:00,2.5,46,3.083333333333333,True
2025-01-15 07:00:00,3.1,44,3.333333333333333,True
2025-01-15 08:00:00,4.6,40,3.8333333333333335,True
2025-01-15 09:00:00,5.6,40,5.111111111111111,True
2025-01-15 10:00:00,6.5,43,4.833333333333333,True
2025-01-15 11:00:00,7.2,40,4.833333333333333,True
2025-01-15 12:00:00,9.6,35,4.583333333333333,True
2025-01-15 13:00:00,10.6,37,3.9722222222222223,True
2025-01-15 14:00:00,9.9,40,4.638888888888888,True
2025-01-15 15:00:00,8.4,45,5.611111111111111,True
2025-01-15 16:00:00,6.1,52,6.083333333333333,True
2025-01-15 17:00:00,5.2,56,5.222222222222222,True
2025-01-15 18:00:00,4.5,60,4.916666666666666,True
2025-01-15 19:00:00,4.0,63,5.249999999999999,True
2025-01-15 20:00:00,3.5,66,5.083333333333333,True
2025-01-15 21:00:00,3.7,66,5.222222222222222,True
2025-01-15 22:00:00,4.2,65,4.805555555555555,True
2025-01-15 23:00:00,3.7,69,4.416666666666667,True
2025-01-16 00:00:00,3.2,71,4.333333333333333,True
2025-01-16 01:00:00,4.2,69,4.138888888888889,True
2025-01-16 02:00:00,4.1,70,3.1111111111111107,True
2025-01-16 03:00:00,3.5,73,2.2222222222222223,True
2025-01-16 04:00:00,3.0,75,2.25,True
2025-01-16 05:00:00,3.3,75,2.4444444444444446,True
2025-01-16 06:00:00,3.4,76,2.6666666666666665,True
2025-01-16 07:00:00,3.7,75,2.138888888888889,True
2025-01-16 08:00:00,5.0,70,1.5555555555555554,True
2025-01-16 09:00:00,6.2,64,3.0277777777777777,True
2025-01-16 10:00:00,6.4,62,4.666666666666667,True
2025-01-16 11:00:00,6.5,61,6.027777777777778,True
2025-01-16 12:00:00,6.3,62,6.111111111111111,True
2025-01-16 13:00:00,6.6,61,7.0,True
2025-01-16 14:00:00,6.4,62,8.027777777777777,True
2025-01-16 15:00:00,5.6,65,8.75,True
2025-01-16 16:00:00,5.4,64,8.944444444444445,True
2025-01-16 17:00:00,5.3,65,9.0,True
2025-01-16 18:00:00,5.5,64,8.944444444444445,True
2025-01-16 19:00:00,5.6,64,9.138888888888888,True
2025-01-16 20:00:00,5.7,63,9.527777777777777,True
2025-01-16 21:00:00,5.5,63,9.61111111111111,True
2025-01-16 22:00:00,5.0,65,9.527777777777777,True
2025-01-16 23:00:00,4.4,68,9.444444444444445,True
2025-01-17 00:00:00,4.4,68,9.277777777777777,True
2025-01-17 01:00:00,4.3,69,8.083333333333334,True
2025-01-17 02:00:00,4.2,69,8.75,True
2025-01-17 03:00:00,4.3,68,9.194444444444445,True
2025-01-17 04:00:00,4.2,68,9.083333333333334,True
2025-01-17 05:00:00,3.9,69,8.61111111111111,True
2025-01-17 06:00:00,3.8,67,8.25,True
2025-01-17 07:00:00,3.5,66,7.861111111111111,True
2025-01-17 08:00:00,3.6,64,7.666666666666667,True
2025-01-17 09:00:00,4.1,63,7.861111111111111,True
2025-01-17 10:00:00,4.8,59,7.805555555555555,True
2025-01-17 11:00:00,5.8,53,7.749999999999999,True
2025-01-17 12:00:00,6.2,50,7.638888888888888,True
2025-01-17 13:00:00,6.1,50,7.5,True
2025-01-17 14:00:00,5.6,51,7.666666666666667,True
2025-01-17 15:00:00,4.8,53,7.916666666666666,True
2025-01-17 16:00:00,3.5,57,8.583333333333332,True
2025-01-17 17:00:00,2.9,58,9.0,True
2025-01-17 18:00:00,2.7,60,9.194444444444445,True
2025-01-17 19:00:00,2.4,60,9.86111111111111,True
2025-01-17 20:00:00,2.3,61,10.13888888888889,True
2025-01-17 21:00:00,2.0,63,9.805555555555555,True
2025-01-17 22:00:00,1.8,64,9.833333333333332,True
2025-01-17 23:00:00,2.0,62,9.75,True
2025-01-18 00:00:00,2.1,62,9.555555555555555,True
2025-01-18 01:00:00,2.5,62,10.277777777777777,True
2025-01-18 02:00:00,2.6,62,10.416666666666666,True
2025-01-18 03:00:00,2.6,61,10.555555555555555,True
2025-01-18 04:00:00,2.7,60,10.472222222222223,True
2025-01-18 05:00:00,2.8,60,9.583333333333334,True
2025-01-18 06:00:00,2.8,60,9.249999999999998,True
2025-01-18 07:00:00,3.0,58,9.833333333333332,True
2025-01-18 08:00:00,3.8,56,10.11111111111111,True
2025-01-18 09:00:00,4.6,58,9.055555555555555,True
2025-01-18 10:00:00,6.4,51,8.86111111111111,True
2025-01-18 11:00:00,8.2,45,8.416666666666666,True
2025-01-18 12:00:00,9.4,40,8.777777777777779,True
2025-01-18 13:00:00,9.0,41,9.777777777777779,True
2025-01-18 14:00:00,8.4,42,9.527777777777777,True
2025-01-18 15:00:00,7.9,39,11.13888888888889,True
2025-01-18 16:00:00,6.7,39,10.944444444444445,True
2025-01-18 17:00:00,6.2,39,10.638888888888888,True
2025-01-18 18:00:00,5.9,41,10.75,True
2025-01-18 19:00:00,5.5,44,10.416666666666666,True
2025-01-18 20:00:00,5.3,45,8.5,True
2025-01-18 21:00:00,4.9,47,7.777777777777778,True
2025-01-18 22:00:00,4.8,48,7.694444444444444,True
2025-01-18 23:00:00,4.7,48,7.527777777777778,True
2025-01-19 00:00:00,4.9,47,7.916666666666666,True
2025-01-19 01:00:00,5.3,50,9.833333333333332,True
2025-01-19 02:00:00,5.6,50,10.13888888888889,True
2025-01-19 03:00:00,5.4,52,9.972222222222221,True
2025-01-19 04:00:00,5.4,54,9.75,True
2025-01-19 05:00:00,5.4,55,9.722222222222221,True
2025-01-19 06:00:00,5.2,56,9.361111111111112,True
2025-01-19 07:00:00,5.0,58,8.972222222222221,True
2025-01-19 08:00:00,5.6,58,8.166666666666666,True
2025-01-19 09:00:00,6.5,56,6.444444444444444,True
2025-01-19 10:00:00,8.1,51,5.888888888888888,True
2025-01-19 11:00:00,9.4,47,5.555555555555555,True
2025-01-19 12:00:00,10.1,45,6.194444444444445,True
2025-01-19 13:00:00,8.9,49,6.694444444444445,True
2025-01-19 14:00:00,8.4,50,5.861111111111112,True
2025-01-19 15:00:00,7.4,52,6.527777777777778,True
2025-01-19 16:00:00,6.5,55,7.277777777777778,True
2025-01-19 17:00:00,5.8,56,6.388888888888888,True
2025-01-19 18:00:00,5.3,57,6.361111111111111,True
2025-01-19 19:00:00,5.1,57,5.916666666666667,True
2025-01-19 20:00:00,4.8,57,6.027777777777778,True
2025-01-19 21:00:00,4.7,58,5.777777777777778,True
2025-01-19 22:00:00,4.8,58,5.666666666666666,True
2025-01-19 23:00:00,4.9,58,4.888888888888889,True
2025-01-20 00:00:00,4.8,59,4.75,True
2025-01-20 01:00:00,4.8,62,5.305555555555556,True
2025-01-20 02:00:00,4.9,63,5.444444444444445,True
2025-01-20 03:00:00,4.5,68,5.277777777777778,True
2025-01-20 04:00:00,4.5,67,5.083333333333333,True
2025-01-20 05:00:00,3.9,67,5.277777777777778,True
2025-01-20 06:00:00,3.3,69,5.361111111111112,True
2025-01-20 07:00:00,3.1,71,5.277777777777778,True
2025-01-20 08:00:00,3.9,70,5.444444444444445,True
2025-01-20 09:00:00,5.9,63,4.777777777777778,True
2025-01-20 10:00:00,8.1,58,4.555555555555555,True
2025-01-20 11:00:00,9.9,55,3.9166666666666665,True
2025-01-20 12:00:00,11.2,54,3.5,True
2025-01-20 13:00:00,9.4,57,4.611111111111112,True
2025-01-20 14:00:00,8.8,57,4.638888888888888,True
2025-01-20 15:00:00,7.2,63,5.166666666666667,True
2025-01-20 16:00:00,5.6,69,5.277777777777778,True
2025-01-20 17:00:00,4.4,73,5.583333333333334,True
2025-01-20 18:00:00,4.1,73,5.444444444444445,True
2025-01-20 19:00:00,3.8,74,5.583333333333334,True
2025-01-20 20:00:00,3.5,74,5.611111111111111,True
2025-01-20 21:00:00,3.2,75,5.472222222222222,True
2025-01-20 22:00:00,3.1,76,5.583333333333334,True
2025-01-20 23:00:00,3.3,74,5.305555555555556,True
2025-01-21 00:00:00,3.2,75,5.305555555555556,True
2025-01-21 01:00:00,4.0,74,5.194444444444444,True
2025-01-21 02:00:00,3.8,75,5.055555555555555,True
2025-01-21 03:00:00,4.0,75,4.555555555555555,True
2025-01-21 04:00:00,4.0,77,4.638888888888888,True
2025-01-21 05:00:00,4.0,77,4.666666666666667,True
2025-01-21 06:00:00,4.1,75,4.472222222222222,True
2025-01-21 07:00:00,3.8,77,4.138888888888889,True
2025-01-21 08:00:00,5.2,72,3.9166666666666665,True
2025-01-21 09:00:00,6.9,67,3.2499999999999996,True
2025-01-21 10:00:00,8.3,64,2.6666666666666665,True
2025-01-21 11:00:00,9.5,64,2.055555555555556,True
2025-01-21 12:00:00,10.6,66,1.1388888888888888,True
2025-01-21 13:00:00,10.1,80,0.5277777777777778,True
2025-01-21 14:00:00,10.0,82,0.16666666666666666,True
2025-01-21 15:00:00,9.8,86,1.1111111111111112,True
2025-01-21 16:00:00,8.9,93,1.3333333333333333,True
2025-01-21 17:00:00,8.3,95,1.1111111111111112,True
2025-01-21 18:00:00,8.9,93,1.027777777777778,True
2025-01-21 19:00:00,8.7,92,1.2777777777777777,True
2025-01-21 20:00:00,8.5,92,1.7222222222222223,True
2025-01-21 21:00:00,8.2,94,1.6388888888888888,True
2025-01-21 22:00:00,8.1,94,1.6944444444444442,True
2025-01-21 23:00:00,8.0,94,1.777777777777778,True
2025-01-22 00:00:00,7.8,94,1.5833333333333333,True
2025-01-22 01:00:00,8.3,93,1.3055555555555556,True
2025-01-22 02:00:00,8.2,93,1.3888888888888888,True
2025-01-22 03:00:00,8.1,92,1.2777777777777777,True
2025-01-22 04:00:00,8.0,91,1.3333333333333333,True
2025-01-22 05:00:00,7.3,96,1.1666666666666667,True
2025-01-22 06:00:00,7.5,97,1.5,True
2025-01-22 07:00:00,7.8,97,2.1666666666666665,True
2025-01-22 08:00:00,8.2,98,2.388888888888889,True
2025-01-22 09:00:00,8.6,92,2.5833333333333335,True
2025-01-22 10:00:00,8.4,91,3.3611111111111107,True
2025-01-22 11:00:00,8.7,92,2.8055555555555554,True
2025-01-22 12:00:00,8.6,91,3.4444444444444446,True
2025-01-22 13:00:00,8.1,92,2.638888888888889,True
2025-01-22 14:00:00,7.8,92,2.5555555555555554,True
2025-01-22 15:00:00,7.7,92,2.0277777777777777,True
2025-01-22 16:00:00,7.6,95,1.611111111111111,True
2025-01-22 17:00:00,7.6,95,1.1666666666666667,True
2025-01-22 18:00:00,7.7,93,1.0833333333333333,True
2025-01-22 19:00:00,7.5,97,0.888888888888889,True
2025-01-22 20:00:00,7.5,96,0.5,True
2025-01-22 21:00:00,7.6,94,0.05555555555555556,True
2025-01-22 22:00:00,7.3,97,1.0,True
2025-01-22 23:00:00,7.1,98,1.6944444444444442,True
2025-01-23 00:00:00,7.0,98,1.6944444444444442,True
2025-01-23 01:00:00,7.5,98,1.1111111111111112,True
2025-01-23 02:00:00,7.6,97,0.6944444444444444,True
2025-01-23 03:00:00,7.9,95,0.5833333333333334,True
2025-01-23 04:00:00,8.3,93,0.38888888888888884,True
2025-01-23 05:00:00,8.6,92,0.6388888888888888,True
2025-01-23 06:00:00,8.9,97,1.3055555555555556,True
2025-01-23 07:00:00,9.6,97,2.5833333333333335,True
2025-01-23 08:00:00,10.0,98,3.861111111111111,True
2025-01-23 09:00:00,10.2,97,4.583333333333333,True
2025-01-23 10:00:00,10.4,98,4.638888888888888,True
2025-01-23 11:00:00,10.6,99,4.194444444444445,True
2025-01-23 12:00:00,10.5,99,4.111111111111112,True
2025-01-23 13:00:00,11.0,99,4.777777777777778,True
2025-01-23 14:00:00,10.2,100,3.8333333333333335,True
2025-01-23 15:00:00,9.8,99,2.75,True
2025-01-23 16:00:00,9.8,99,2.6666666666666665,True
2025-01-23 17:00:00,9.8,99,2.611111111111111,True
2025-01-23 18:00:00,9.6,98,0.8055555555555555,True
2025-01-23 19:00:00,9.4,98,0.6388888888888888,True
2025-01-23 20:00:00,9.2,98,1.25,True
2025-01-23 21:00:00,9.1,98,1.611111111111111,True
2025-01-23 22:00:00,9.2,97,1.611111111111111,True
2025-01-23 23:00:00,9.1,98,1.027777777777778,True
2025-01-24 00:00:00,8.8,96,0.5555555555555556,True
2025-01-24 01:00:00,9.3,99,0.3333333333333333,True
2025-01-24 02:00:00,9.3,99,0.6111111111111112,True
2025-01-24 03:00:00,9.5,97,0.41666666666666663,True
2025-01-24 04:00:00,9.3,98,0.75,True
2025-01-24 05:00:00,8.6,85,4.472222222222222,True
2025-01-24 06:00:00,6.9,80,4.75,True
2025-01-24 07:00:00,6.5,79,3.638888888888889,True
2025-01-24 08:00:00,7.9,72,3.2499999999999996,True
2025-01-24 09:00:00,9.3,67,3.2777777777777777,True
2025-01-24 10:00:00,10.9,63,2.9166666666666665,True
2025-01-24 11:00:00,12.1,62,1.027777777777778,True
2025-01-24 12:00:00,12.4,65,0.7777777777777777,True
2025-01-24 13:00:00,12.8,66,1.9166666666666667,True
2025-01-24 14:00:00,11.4,79,2.9166666666666665,True
2025-01-24 15:00:00,9.6,91,1.6388888888888888,True
2025-01-24 16:00:00,7.4,99,0.6666666666666666,True
2025-01-24 17:00:00,7.3,99,0.6388888888888888,True
2025-01-24 18:00:00,8.0,99,0.2777777777777778,True
2025-01-24 19:00:00,8.5,99,0.22222222222222224,True
2025-01-24 20:00:00,8.8,97,0.8611111111111112,True
2025-01-24 21:00:00,8.6,97,0.6111111111111112,True
2025-01-24 22:00:00,7.5,99,0.9166666666666666,True
2025-01-24 23:00:00,7.6,96,0.888888888888889,True
2025-01-25 00:00:00,7.7,95,0.8333333333333333,True
2025-01-25 01:00:00,8.8,100,1.1666666666666667,True
2025-01-25 02:00:00,8.6,99,1.027777777777778,True
2025-01-25 03:00:00,8.5,99,0.75,True
2025-01-25 04:00:00,8.5,99,0.9444444444444444,True
2025-01-25 05:00:00,8.5,99,0.7777777777777777,True
2025-01-25 06:00:00,8.5,100,0.8055555555555555,True
2025-01-25 07:00:00,8.6,99,1.2777777777777777,True
2025-01-25 08:00:00,8.9,99,1.4166666666666665,True
2025-01-25 09:00:00,9.1,99,1.75,True
2025-01-25 10:00:00,9.1,99,1.611111111111111,True
2025-01-25 11:00:00,9.2,99,2.25,True
2025-01-25 12:00:00,9.1,99,1.75,True
2025-01-25 13:00:00,9.2,97,1.1388888888888888,True
2025-01-25 14:00:00,9.2,96,1.1388888888888888,True
2025-01-25 15:00:00,9.0,99,1.0555555555555556,True
2025-01-25 16:00:00,8.8,99,1.3888888888888888,True
2025-01-25 17:00:00,8.6,99,1.2777777777777777,True
2025-01-25 18:00:00,8.6,99,1.777777777777778,True
2025-01-25 19:00:00,8.7,99,1.6944444444444442,True
2025-01-25 20:00:00,9.1,98,1.9166666666666667,True
2025-01-25 21:00:00,9.0,99,1.1944444444444444,True
2025-01-25 22:00:00,9.1,97,0.41666666666666663,True
2025-01-25 23:00:00,9.0,98,0.4722222222222222,True
2025-01-26 00:00:00,8.9,97,0.6111111111111112,True
2025-01-26 01:00:00,9.7,99,0.8611111111111112,True
2025-01-26 02:00:00,9.7,99,0.3333333333333333,True
2025-01-26 03:00:00,9.9,99,1.5,True
2025-01-26 04:00:00,10.3,97,2.861111111111111,True
2025-01-26 05:00:00,10.3,97,2.5277777777777777,True
2025-01-26 06:00:00,10.4,98,2.1944444444444446,True
2025-01-26 07:00:00,10.8,96,2.6666666666666665,True
2025-01-26 08:00:00,11.5,94,3.0277777777777777,True
2025-01-26 09:00:00,12.4,87,2.7222222222222223,True
2025-01-26 10:00:00,12.7,88,3.555555555555556,True
2025-01-26 11:00:00,12.3,92,5.055555555555555,True
2025-01-26 12:00:00,12.7,89,5.111111111111111,True
2025-01-26 13:00:00,12.0,97,5.666666666666666,True
2025-01-26 14:00:00,11.4,95,6.305555555555555,True
2025-01-26 15:00:00,10.8,94,5.944444444444444,True
2025-01-26 16:00:00,10.7,94,6.083333333333333,True
2025-01-26 17:00:00,10.0,97,4.555555555555555,True
2025-01-26 18:00:00,9.9,96,3.138888888888889,True
2025-01-26 19:00:00,9.7,96,3.2777777777777777,True
2025-01-26 20:00:00,9.7,96,2.944444444444444,True
2025-01-26 21:00:00,9.3,96,3.333333333333333,True
2025-01-26 22:00:00,9.4,95,3.75,True
2025-01-26 23:00:00,9.1,94,3.1111111111111107,True
2025-01-27 00:00:00,8.7,93,3.0555555555555554,True
2025-01-27 01:00:00,8.7,89,2.1944444444444446,True
2025-01-27 02:00:00,8.7,89,3.3055555555555554,True
2025-01-27 03:00:00,8.7,88,3.555555555555556,True
2025-01-27 04:00:00,8.9,88,2.5833333333333335,True
2025-01-27 05:00:00,9.5,84,3.1111111111111107,True
2025-01-27 06:00:00,9.9,88,4.305555555555555,True
2025-01-27 07:00:00,9.9,91,3.638888888888889,True
2025-01-27 08:00:00,10.5,87,3.3055555555555554,True
2025-01-27 09:00:00,10.8,87,3.0277777777777777,True
2025-01-27 10:00:00,11.3,83,3.083333333333333,True
2025-01-27 11:00:00,11.5,82,2.8055555555555554,True
2025-01-27 12:00:00,12.2,74,4.0,True
2025-01-27 13:00:00,11.8,88,2.305555555555556,True
2025-01-27 14:00:00,10.8,95,2.9166666666666665,True
2025-01-27 15:00:00,10.7,94,2.3333333333333335,True
2025-01-27 16:00:00,11.5,85,3.5833333333333335,True
2025-01-27 17:00:00,11.7,81,3.8333333333333335,True
2025-01-27 18:00:00,12.6,75,5.777777777777778,True
2025-01-27 19:00:00,13.2,66,7.527777777777778,True
2025-01-27 20:00:00,11.4,91,6.666666666666666,True
2025-01-27 21:00:00,11.4,94,6.777777777777777,True
2025-01-27 22:00:00,11.6,95,6.944444444444445,True
2025-01-27 23:00:00,12.4,88,6.583333333333333,True
2025-01-28 00:00:00,12.7,89,7.722222222222222,True
2025-01-28 01:00:00,12.8,94,9.055555555555555,True
2025-01-28 02:00:00,12.5,95,8.277777777777779,True
2025-01-28 03:00:00,12.4,95,9.777777777777779,True
2025-01-28 04:00:00,12.7,91,9.527777777777777,True
2025-01-28 05:00:00,13.2,86,10.583333333333334,True
2025-01-28 06:00:00,13.2,85,10.25,True
2025-01-28 07:00:00,13.5,81,10.555555555555555,True
2025-01-28 08:00:00,13.9,77,11.194444444444443,True
2025-01-28 09:00:00,14.2,80,8.666666666666666,True
2025-01-28 10:00:00,15.1,75,9.5,True
2025-01-28 11:00:00,14.3,79,9.055555555555555,True
2025-01-28 12:00:00,13.7,88,7.888888888888888,True
2025-01-28 13:00:00,12.2,96,7.583333333333333,True
2025-01-28 14:00:00,13.4,82,7.027777777777778,True
2025-01-28 15:00:00,13.8,72,6.833333333333334,True
2025-01-28 16:00:00,12.6,75,6.305555555555555,True
2025-01-28 17:00:00,12.7,62,7.055555555555555,True
2025-01-28 18:00:00,12.0,59,7.527777777777778,True
2025-01-28 19:00:00,11.6,61,8.25,True
2025-01-28 20:00:00,10.7,67,7.138888888888888,True
2025-01-28 21:00:00,8.9,88,6.305555555555555,True
2025-01-28 22:00:00,9.7,82,6.194444444444445,True
2025-01-28 23:00:00,10.3,72,6.694444444444445,True
2025-01-29 00:00:00,9.7,74,6.499999999999999,True
2025-01-29 01:00:00,9.0,88,6.25,True
2025-01-29 02:00:00,8.3,84,6.027777777777778,True
2025-01-29 03:00:00,8.7,77,3.9722222222222223,True
2025-01-29 04:00:00,9.2,80,3.9722222222222223,True
2025-01-29 05:00:00,8.8,80,3.7222222222222223,True
2025-01-29 06:00:00,8.9,79,3.083333333333333,True
2025-01-29 07:00:00,8.9,79,3.3611111111111107,True
2025-01-29 08:00:00,10.1,74,3.2777777777777777,True
2025-01-29 09:00:00,11.6,67,2.944444444444444,True
2025-01-29 10:00:00,12.9,62,3.611111111111111,True
2025-01-29 11:00:00,12.8,64,3.888888888888889,True
2025-01-29 12:00:00,12.9,62,2.0833333333333335,True
2025-01-29 13:00:00,13.3,61,1.5833333333333333,True
2025-01-29 14:00:00,13.4,60,1.4166666666666665,True
2025-01-29 15:00:00,13.1,60,2.055555555555556,True
2025-01-29 16:00:00,10.8,71,1.5277777777777777,True
2025-01-29 17:00:00,9.7,77,1.472222222222222,True
2025-01-29 18:00:00,9.2,80,2.4166666666666665,True
2025-01-29 19:00:00,8.4,82,2.2222222222222223,True
2025-01-29 20:00:00,6.8,86,1.1111111111111112,True
2025-01-29 21:00:00,6.6,92,2.25,True
2025-01-29 22:00:00,6.0,94,2.4722222222222223,True
2025-01-29 23:00:00,5.6,93,2.4444444444444446,True
2025-01-30 00:00:00,5.4,91,2.611111111111111,True
2025-01-30 01:00:00,5.1,87,2.2222222222222223,True
2025-01-30 02:00:00,4.8,87,2.361111111111111,True
2025-01-30 03:00:00,4.6,86,2.4166666666666665,True
2025-01-30 04:00:00,4.7,84,2.9166666666666665,True
2025-01-30 05:00:00,5.0,82,3.0,True
2025-01-30 06:00:00,5.4,81,3.0555555555555554,True
2025-01-30 07:00:00,5.4,81,2.638888888888889,True
2025-01-30 08:00:00,7.9,74,2.361111111111111,True
2025-01-30 09:00:00,11.3,65,1.0,True
2025-01-30 10:00:00,12.9,59,0.4722222222222222,True
2025-01-30 11:00:00,13.3,59,1.3333333333333333,True
2025-01-30 12:00:00,13.3,60,1.8611111111111112,True
2025-01-30 13:00:00,13.3,61,1.6388888888888888,True
2025-01-30 14:00:00,12.9,65,1.6388888888888888,True
2025-01-30 15:00:00,12.0,70,1.0833333333333333,True
2025-01-30 16:00:00,9.5,80,0.05555555555555556,True
2025-01-30 17:00:00,8.4,80,0.5277777777777778,True
2025-01-30 18:00:00,7.7,78,0.5833333333333334,True
2025-01-30 19:00:00,7.5,75,0.41666666666666663,True
2025-01-30 20:00:00,7.5,73,0.41666666666666663,True
2025-01-30 21:00:00,6.9,75,1.0,True
2025-01-30 22:00:00,7.1,75,1.7222222222222223,True
2025-01-30 23:00:00,6.1,81,2.111111111111111,True
2025-01-31 00:00:00,5.8,83,1.6944444444444442,True
2025-01-31 01:00:00,6.5,84,1.8888888888888888,True
2025-01-31 02:00:00,6.2,85,2.0,True
2025-01-31 03:00:00,6.0,86,1.9166666666666667,True
2025-01-31 04:00:00,5.7,87,2.0,True
2025-01-31 05:00:00,4.8,89,1.6944444444444442,True
2025-01-31 06:00:00,4.2,89,1.1666666666666667,True
2025-01-31 07:00:00,4.5,89,1.25,True
2025-01-31 08:00:00,7.0,84,1.6666666666666665,True
2025-01-31 09:00:00,8.7,81,1.3611111111111112,True
2025-01-31 10:00:00,9.3,84,0.7777777777777777,True
2025-01-31 11:00:00,10.1,79,0.41666666666666663,True
2025-01-31 12:00:00,10.7,75,0.7222222222222222,True
2025-01-31 13:00:00,11.1,74,1.2222222222222223,True
2025-01-31 14:00:00,10.8,78,0.75,True
2025-01-31 15:00:00,10.4,83,0.3611111111111111,True
2025-01-31 16:00:00,9.2,89,0.11111111111111112,True
2025-01-31 17:00:00,8.3,91,0.11111111111111112,True
2025-01-31 18:00:00,8.0,92,0.6111111111111112,True
2025-01-31 19:00:00,7.5,94,0.9166666666666666,True
2025-01-31 20:00:00,7.6,94,1.3888888888888888,True
2025-01-31 21:00:00,7.3,98,1.611111111111111,True
2025-01-31 22:00:00,7.4,98,1.9166666666666667,True
2025-01-31 23:00:00,7.4,98,2.5555555555555554,True
2025-02-01 00:00:00,7.6,96,3.416666666666667,True
2025-02-01 01:00:00,8.0,96,3.888888888888889,True
2025-02-01 02:00:00,8.3,89,5.666666666666666,True
2025-02-01 03:00:00,8.2,81,6.277777777777778,True
2025-02-01 04:00:00,7.3,84,6.694444444444445,True
2025-02-01 05:00:00,6.4,89,7.222222222222222,True
2025-02-01 06:00:00,6.0,86,7.805555555555555,True
2025-02-01 07:00:00,6.1,74,7.666666666666667,True
2025-02-01 08:00:00,6.6,68,7.888888888888888,True
2025-02-01 09:00:00,7.0,64,7.416666666666666,True
2025-02-01 10:00:00,7.8,61,7.194444444444444,True
2025-02-01 11:00:00,8.8,57,6.944444444444445,True
2025-02-01 12:00:00,10.2,53,6.722222222222221,True
2025-02-01 13:00:00,11.2,52,6.25,True
2025-02-01 14:00:00,11.0,52,5.888888888888888,True
2025-02-01 15:00:00,10.2,54,5.805555555555555,True
2025-02-01 16:00:00,8.8,58,6.416666666666667,True
2025-02-01 17:00:00,7.6,62,6.083333333333333,True
2025-02-01 18:00:00,6.9,64,5.666666666666666,True
2025-02-01 19:00:00,6.5,66,5.555555555555555,True
2025-02-01 20:00:00,6.1,66,5.333333333333333,True
2025-02-01 21:00:00,5.8,66,5.249999999999999,True
2025-02-01 22:00:00,5.5,66,5.277777777777778,True
2025-02-01 23:00:00,5.2,65,5.305555555555556,True
2025-02-02 00:00:00,5.0,65,5.305555555555556,True
2025-02-02 01:00:00,5.0,70,5.361111111111112,True
2025-02-02 02:00:00,4.8,70,5.138888888888888,True
2025-02-02 03:00:00,4.7,70,5.0,True
2025-02-02 04:00:00,4.6,70,4.972222222222221,True
2025-02-02 05:00:00,4.7,70,4.805555555555555,True
2025-02-02 06:00:00,4.5,70,4.805555555555555,True
2025-02-02 07:00:00,4.3,70,5.0,True
2025-02-02 08:00:00,6.0,64,5.083333333333333,True
2025-02-02 09:00:00,8.3,58,4.416666666666667,True
2025-02-02 10:00:00,10.7,52,4.027777777777778,True
2025-02-02 11:00:00,12.4,47,4.166666666666667,True
2025-02-02 12:00:00,13.4,45,4.027777777777778,True
2025-02-02 13:00:00,13.5,47,4.0,True
2025-02-02 14:00:00,13.2,48,4.027777777777778,True
2025-02-02 15:00:00,12.1,50,4.694444444444444,True
2025-02-02 16:00:00,9.8,55,5.75,True
2025-02-02 17:00:00,8.2,59,6.305555555555555,True
2025-02-02 18:00:00,7.5,59,6.972222222222222,True
2025-02-02 19:00:00,6.8,61,7.194444444444444,True
2025-02-02 20:00:00,6.4,62,7.944444444444445,True
2025-02-02 21:00:00,5.9,64,8.13888888888889,True
2025-02-02 22:00:00,5.6,66,8.222222222222223,True
2025-02-02 23:00:00,5.2,68,8.166666666666666,True
2025-02-03 00:00:00,5.1,68,8.222222222222223,True
2025-02-03 01:00:00,6.0,68,8.083333333333334,True
2025-02-03 02:00:00,6.0,68,8.25,True
2025-02-03 03:00:00,5.9,68,8.333333333333334,True
2025-02-03 04:00:00,5.8,69,8.63888888888889,True
2025-02-03 05:00:00,5.8,68,9.166666666666666,True
2025-02-03 06:00:00,5.7,67,9.75,True
2025-02-03 07:00:00,6.0,65,10.0,True
2025-02-03 08:00:00,6.4,63,9.388888888888888,True
2025-02-03 09:00:00,6.9,60,10.222222222222221,True
2025-02-03 10:00:00,7.4,57,10.972222222222221,True
2025-02-03 11:00:00,7.8,53,11.11111111111111,True
2025-02-03 12:00:00,8.5,49,9.916666666666668,True
2025-02-03 13:00:00,9.2,49,8.75,True
2025-02-03 14:00:00,8.9,49,9.083333333333334,True
2025-02-03 15:00:00,8.3,49,8.86111111111111,True
2025-02-03 16:00:00,7.2,51,8.694444444444445,True
2025-02-03 17:00:00,6.3,52,7.972222222222221,True
2025-02-03 18:00:00,5.7,52,7.666666666666667,True
2025-02-03 19:00:00,5.4,53,7.5,True
2025-02-03 20:00:00,5.0,55,7.694444444444444,True
2025-02-03 21:00:00,4.9,55,8.027777777777777,True
2025-02-03 22:00:00,4.8,55,8.0,True
2025-02-03 23:00:00,4.3,56,7.472222222222221,True
2025-02-04 00:00:00,3.8,57,7.305555555555555,True
2025-02-04 01:00:00,3.7,60,6.722222222222221,True
2025-02-04 02:00:00,3.6,60,7.5,True
2025-02-04 03:00:00,3.5,60,8.11111111111111,True
2025-02-04 04:00:00,3.3,60,8.472222222222221,True
2025-02-04 05:00:00,3.1,60,8.277777777777779,True
2025-02-04 06:00:00,2.9,60,8.027777777777777,True
2025-02-04 07:00:00,3.0,59,8.027777777777777,True
2025-02-04 08:00:00,4.0,57,7.638888888888888,True
2025-02-04 09:00:00,5.9,50,7.472222222222221,True
2025-02-04 10:00:00,7.4,44,7.25,True
2025-02-04 11:00:00,8.6,40,6.444444444444444,True
2025-02-04 12:00:00,9.5,38,6.0,True
2025-02-04 13:00:00,10.0,36,6.444444444444444,True
2025-02-04 14:00:00,9.9,36,6.527777777777778,True
2025-02-04 15:00:00,9.2,37,6.305555555555555,True
2025-02-04 16:00:00,7.7,41,6.055555555555555,True
2025-02-04 17:00:00,6.1,46,5.222222222222222,True
2025-02-04 18:00:00,5.1,49,4.416666666666667,True
2025-02-04 19:00:00,4.7,50,4.5,True
2025-02-04 20:00:00,4.6,50,4.777777777777778,True
2025-02-04 21:00:00,4.4,51,4.888888888888889,True
2025-02-04 22:00:00,4.3,52,5.027777777777778,True
2025-02-04 23:00:00,4.2,53,5.166666666666667,True
2025-02-05 00:00:00,4.0,53,4.833333333333333,True
2025-02-05 01:00:00,3.7,55,5.083333333333333,True
2025-02-05 02:00:00,3.3,56,4.555555555555555,True
2025-02-05 03:00:00,2.9,55,4.5,True
2025-02-05 04:00:00,2.9,53,4.361111111111111,True
2025-02-05 05:00:00,3.0,51,4.027777777777778,True
2025-02-05 06:00:00,3.0,50,3.861111111111111,True
2025-02-05 07:00:00,3.4,50,3.9166666666666665,True
2025-02-05 08:00:00,5.8,46,3.611111111111111,True
2025-02-05 09:00:00,9.0,40,3.0277777777777777,True
2025-02-05 10:00:00,11.8,33,2.888888888888889,True
2025-02-05 11:00:00,13.7,25,3.333333333333333,True
2025-02-05 12:00:00,14.6,23,3.555555555555556,True
2025-02-05 13:00:00,15.2,21,3.4722222222222223,True
2025-02-05 14:00:00,14.9,20,3.6944444444444446,True
2025-02-05 15:00:00,13.6,23,4.25,True
2025-02-05 16:00:00,10.2,28,4.444444444444445,True
2025-02-05 17:00:00,7.2,33,4.694444444444444,True
2025-02-05 18:00:00,5.9,34,4.805555555555555,True
2025-02-05 19:00:00,5.7,34,4.972222222222221,True
2025-02-05 20:00:00,6.0,34,5.305555555555556,True
2025-02-05 21:00:00,6.0,37,5.5,True
2025-02-05 22:00:00,5.6,40,5.472222222222222,True
2025-02-05 23:00:00,5.8,40,5.833333333333333,True
2025-02-06 00:00:00,6.0,40,6.083333333333333,True
2025-02-06 01:00:00,5.2,48,5.611111111111111,True
2025-02-06 02:00:00,5.9,44,6.0,True
2025-02-06 03:00:00,6.0,44,6.361111111111111,True
2025-02-06 04:00:00,5.8,45,7.0,True
2025-02-06 05:00:00,5.5,46,7.555555555555555,True
2025-02-06 06:00:00,5.3,48,8.0,True
2025-02-06 07:00:00,5.4,49,8.194444444444445,True
2025-02-06 08:00:00,6.9,50,8.027777777777777,True
2025-02-06 09:00:00,8.2,50,7.5,True
2025-02-06 10:00:00,9.3,49,8.11111111111111,True
2025-02-06 11:00:00,10.0,50,8.61111111111111,True
2025-02-06 12:00:00,9.9,51,8.083333333333334,True
2025-02-06 13:00:00,9.5,55,8.055555555555555,True
2025-02-06 14:00:00,9.3,55,8.11111111111111,True
2025-02-06 15:00:00,8.3,58,8.305555555555555,True
2025-02-06 16:00:00,7.0,61,8.972222222222221,True
2025-02-06 17:00:00,6.0,64,9.86111111111111,True
2025-02-06 18:00:00,5.9,62,9.833333333333332,True
2025-02-06 19:00:00,5.8,60,10.083333333333332,True
2025-02-06 20:00:00,5.5,60,10.388888888888888,True
2025-02-06 21:00:00,5.0,64,10.083333333333332,True
2025-02-06 22:00:00,4.7,67,10.055555555555555,True
2025-02-06 23:00:00,4.8,66,10.13888888888889,True
2025-02-07 00:00:00,4.6,67,9.75,True
2025-02-07 01:00:00,5.1,63,9.416666666666666,True
2025-02-07 02:00:00,4.7,64,9.055555555555555,True
2025-02-07 03:00:00,4.7,64,8.555555555555555,True
2025-02-07 04:00:00,4.4,66,8.11111111111111,True
2025-02-07 05:00:00,4.2,66,7.972222222222221,True
2025-02-07 06:00:00,3.8,68,7.722222222222222,True
2025-02-07 07:00:00,3.7,68,7.722222222222222,True
2025-02-07 08:00:00,4.7,64,7.388888888888889,True
2025-02-07 09:00:00,5.7,59,6.722222222222221,True
2025-02-07 10:00:00,7.0,54,5.972222222222222,True
2025-02-07 11:00:00,8.3,49,5.194444444444444,True
2025-02-07 12:00:00,9.6,45,4.25,True
2025-02-07 13:00:00,9.6,45,4.083333333333333,True
2025-02-07 14:00:00,9.6,44,3.8333333333333335,True
2025-02-07 15:00:00,9.0,46,3.555555555555556,True
2025-02-07 16:00:00,7.4,52,3.5277777777777777,True
2025-02-07 17:00:00,5.4,58,3.5,True
2025-02-07 18:00:00,4.2,62,3.8333333333333335,True
2025-02-07 19:00:00,3.7,64,4.0,True
2025-02-07 20:00:00,3.2,66,3.888888888888889,True
2025-02-07 21:00:00,2.8,68,3.9166666666666665,True
2025-02-07 22:00:00,2.6,69,4.027777777777778,True
2025-02-07 23:00:00,2.6,69,3.9722222222222223,True
2025-02-08 00:00:00,2.7,69,4.083333333333333,True
2025-02-08 01:00:00,1.8,75,4.277777777777778,True
2025-02-08 02:00:00,1.7,75,4.138888888888889,True
2025-02-08 03:00:00,1.6,76,4.166666666666667,True
2025-02-08 04:00:00,1.8,75,4.138888888888889,True
2025-02-08 05:00:00,1.9,75,3.9722222222222223,True
2025-02-08 06:00:00,2.0,75,4.055555555555555,True
2025-02-08 07:00:00,2.5,74,4.166666666666667,True
2025-02-08 08:00:00,5.6,65,3.6944444444444446,True
2025-02-08 09:00:00,9.0,60,2.2222222222222223,True
2025-02-08 10:00:00,11.4,59,0.8611111111111112,True
2025-02-08 11:00:00,12.2,58,1.4444444444444444,True
2025-02-08 12:00:00,12.5,60,1.1666666666666667,True
2025-02-08 13:00:00,12.1,62,0.8611111111111112,True
2025-02-08 14:00:00,12.3,61,0.9166666666666666,True
2025-02-08 15:00:00,11.9,63,1.027777777777778,True
2025-02-08 16:00:00,10.3,72,0.5277777777777778,True
2025-02-08 17:00:00,7.7,79,1.6666666666666665,True
2025-02-08 18:00:00,5.0,87,3.083333333333333,True
2025-02-08 19:00:00,5.9,79,3.8333333333333335,True
2025-02-08 20:00:00,6.7,80,4.0,True
2025-02-08 21:00:00,6.1,79,3.888888888888889,True
2025-02-08 22:00:00,5.7,89,3.9166666666666665,True
2025-02-08 23:00:00,5.2,96,3.75,True
2025-02-09 00:00:00,5.1,96,4.027777777777778,True
2025-02-09 01:00:00,6.0,89,4.277777777777778,True
2025-02-09 02:00:00,6.2,85,4.25,True
2025-02-09 03:00:00,5.6,95,4.194444444444445,True
2025-02-09 04:00:00,5.9,92,4.472222222222222,True
2025-02-09 05:00:00,5.7,96,4.388888888888889,True
2025-02-09 06:00:00,6.1,91,4.555555555555555,True
2025-02-09 07:00:00,6.6,84,4.5,True
2025-02-09 08:00:00,7.6,76,4.333333333333333,True
2025-02-09 09:00:00,8.3,73,4.222222222222222,True
2025-02-09 10:00:00,9.1,69,3.75,True
2025-02-09 11:00:00,10.9,64,2.6666666666666665,True
2025-02-09 12:00:00,12.1,61,1.5555555555555554,True
2025-02-09 13:00:00,9.3,99,2.388888888888889,True
2025-02-09 14:00:00,9.4,99,2.3333333333333335,True
2025-02-09 15:00:00,9.0,96,2.5,True
2025-02-09 16:00:00,8.6,96,2.388888888888889,True
2025-02-09 17:00:00,8.0,96,2.4722222222222223,True
2025-02-09 18:00:00,7.7,94,2.75,True
2025-02-09 19:00:00,7.5,92,2.8055555555555554,True
2025-02-09 20:00:00,6.4,93,2.6666666666666665,True
2025-02-09 21:00:00,6.1,91,2.7777777777777777,True
2025-02-09 22:00:00,5.5,91,2.944444444444444,True
2025-02-09 23:00:00,5.3,89,2.638888888888889,True
2025-02-10 00:00:00,5.2,89,2.4166666666666665,True
2025-02-10 01:00:00,6.5,87,2.5277777777777777,True
2025-02-10 02:00:00,5.9,90,2.388888888888889,True
2025-02-10 03:00:00,5.8,89,2.833333333333333,True
2025-02-10 04:00:00,5.9,86,2.7777777777777777,True
2025-02-10 05:00:00,5.7,84,3.1666666666666665,True
2025-02-10 06:00:00,6.0,85,3.3055555555555554,True
2025-02-10 07:00:00,6.3,84,3.2777777777777777,True
2025-02-10 08:00:00,7.7,80,2.944444444444444,True
2025-02-10 09:00:00,9.9,75,1.9444444444444444,True
2025-02-10 10:00:00,11.5,70,1.1111111111111112,True
2025-02-10 11:00:00,12.5,64,0.5277777777777778,True
2025-02-10 12:00:00,12.5,67,1.7222222222222223,True
2025-02-10 13:00:00,12.0,77,2.0277777777777777,True
2025-02-10 14:00:00,11.2,85,1.8055555555555556,True
2025-02-10 15:00:00,10.7,88,1.1666666666666667,True
2025-02-10 16:00:00,9.7,94,1.2777777777777777,True
2025-02-10 17:00:00,7.7,99,0.38888888888888884,True
2025-02-10 18:00:00,6.6,97,0.8611111111111112,True
2025-02-10 19:00:00,6.2,87,2.111111111111111,True
2025-02-10 20:00:00,5.6,78,2.9166666666666665,True
2025-02-10 21:00:00,5.2,77,3.222222222222222,True
2025-02-10 22:00:00,5.1,75,3.4722222222222223,True
2025-02-10 23:00:00,5.6,70,3.6944444444444446,True
2025-02-11 00:00:00,5.3,71,4.138888888888889,True
2025-02-11 01:00:00,5.7,71,4.361111111111111,True
2025-02-11 02:00:00,6.1,68,4.361111111111111,True
2025-02-11 03:00:00,6.5,65,4.416666666666667,True
2025-02-11 04:00:00,6.7,63,4.277777777777778,True
2025-02-11 05:00:00,6.5,63,4.361111111111111,True
2025-02-11 06:00:00,6.0,63,4.222222222222222,True
2025-02-11 07:00:00,6.1,62,4.111111111111112,True
2025-02-11 08:00:00,6.7,60,4.166666666666667,True
2025-02-11 09:00:00,7.8,57,4.583333333333333,True
2025-02-11 10:00:00,9.9,53,4.027777777777778,True
2025-02-11 11:00:00,10.4,53,3.5277777777777777,True
2025-02-11 12:00:00,10.2,53,3.555555555555556,True
2025-02-11 13:00:00,11.2,51,3.194444444444444,True
2025-02-11 14:00:00,10.7,51,3.3888888888888884,True
2025-02-11 15:00:00,9.7,54,3.8055555555555554,True
2025-02-11 16:00:00,8.5,58,3.7777777777777777,True
2025-02-11 17:00:00,7.7,61,3.4722222222222223,True
2025-02-11 18:00:00,7.6,61,3.7777777777777777,True
2025-02-11 19:00:00,7.4,62,3.5833333333333335,True
2025-02-11 20:00:00,7.2,65,3.555555555555556,True
2025-02-11 21:00:00,7.0,68,3.638888888888889,True
2025-02-11 22:00:00,6.7,70,3.638888888888889,True
2025-02-11 23:00:00,6.4,75,3.5833333333333335,True
2025-02-12 00:00:00,5.5,95,3.3055555555555554,True
2025-02-12 01:00:00,5.5,97,3.3888888888888884,True
2025-02-12 02:00:00,5.5,97,3.222222222222222,True
2025-02-12 03:00:00,5.5,97,3.2499999999999996,True
2025-02-12 04:00:00,5.6,96,3.0277777777777777,True
2025-02-12 05:00:00,5.7,96,2.888888888888889,True
2025-02-12 06:00:00,5.6,97,3.0555555555555554,True
2025-02-12 07:00:00,5.6,97,3.138888888888889,True
2025-02-12 08:00:00,5.8,97,3.3055555555555554,True
2025-02-12 09:00:00,6.1,97,3.1666666666666665,True
2025-02-12 10:00:00,7.4,93,2.833333333333333,True
2025-02-12 11:00:00,8.9,90,1.9166666666666667,True
2025-02-12 12:00:00,10.1,91,1.611111111111111,True
2025-02-12 13:00:00,9.3,92,1.6666666666666665,True
2025-02-12 14:00:00,10.0,91,1.4444444444444444,True
2025-02-12 15:00:00,10.0,91,1.0833333333333333,True
2025-02-12 16:00:00,9.5,93,0.9722222222222222,True
2025-02-12 17:00:00,9.1,94,0.888888888888889,True
2025-02-12 18:00:00,8.8,96,0.5,True
2025-02-12 19:00:00,8.9,95,0.3333333333333333,True
2025-02-12 20:00:00,8.7,96,0.6388888888888888,True
2025-02-12 21:00:00,8.6,98,0.6388888888888888,True
2025-02-12 22:00:00,8.6,97,0.5,True
2025-02-12 23:00:00,8.6,97,0.6111111111111112,True
2025-02-13 00:00:00,8.7,97,0.4444444444444445,True
2025-02-13 01:00:00,8.4,98,0.6388888888888888,True
2025-02-13 02:00:00,8.4,96,0.6111111111111112,True
2025-02-13 03:00:00,8.4,97,0.9166666666666666,True
2025-02-13 04:00:00,8.4,97,1.1666666666666667,True
2025-02-13 05:00:00,8.4,96,1.3333333333333333,True
2025-02-13 06:00:00,8.4,97,1.1944444444444444,True
2025-02-13 07:00:00,8.6,97,0.8333333333333333,True
2025-02-13 08:00:00,9.1,97,0.6111111111111112,True
2025-02-13 09:00:00,9.2,97,0.9166666666666666,True
2025-02-13 10:00:00,9.3,98,1.1944444444444444,True
2025-02-13 11:00:00,9.8,99,1.777777777777778,True
2025-02-13 12:00:00,9.8,94,1.8055555555555556,True
2025-02-13 13:00:00,10.5,86,1.6666666666666665,True
2025-02-13 14:00:00,10.8,86,2.2222222222222223,True
2025-02-13 15:00:00,9.8,90,2.055555555555556,True
2025-02-13 16:00:00,9.0,97,0.38888888888888884,True
2025-02-13 17:00:00,8.8,96,0.16666666666666666,True
2025-02-13 18:00:00,9.1,95,0.5,True
2025-02-13 19:00:00,8.9,99,0.8611111111111112,True
2025-02-13 20:00:00,8.9,96,0.9444444444444444,True
2025-02-13 21:00:00,8.9,97,0.9722222222222222,True
2025-02-13 22:00:00,8.6,97,1.1388888888888888,True
2025-02-13 23:00:00,8.5,98,1.8055555555555556,True
2025-02-14 00:00:00,8.5,97,1.5,True
2025-02-14 01:00:00,9.0,97,2.138888888888889,True
2025-02-14 02:00:00,9.0,97,1.027777777777778,True
2025-02-14 03:00:00,9.0,95,0.8611111111111112,True
2025-02-14 04:00:00,8.5,96,2.5833333333333335,True
2025-02-14 05:00:00,7.2,95,4.833333333333333,True
2025-02-14 06:00:00,5.3,96,8.86111111111111,True
2025-02-14 07:00:00,4.4,94,11.13888888888889,True
2025-02-14 08:00:00,4.1,92,10.88888888888889,True
2025-02-14 09:00:00,5.0,78,11.277777777777779,True
2025-02-14 10:00:00,5.4,71,8.083333333333334,True
2025-02-14 11:00:00,5.4,68,8.944444444444445,True
2025-02-14 12:00:00,5.7,65,8.61111111111111,True
2025-02-14 13:00:00,6.3,61,5.0,True
2025-02-14 14:00:00,6.2,61,5.75,True
2025-02-14 15:00:00,5.7,64,6.916666666666666,True
2025-02-14 16:00:00,5.2,68,6.305555555555555,True
2025-02-14 17:00:00,5.1,65,7.444444444444445,True
2025-02-14 18:00:00,4.8,69,8.222222222222223,True
2025-02-14 19:00:00,4.8,66,8.305555555555555,True
2025-02-14 20:00:00,4.7,63,8.555555555555555,True
2025-02-14 21:00:00,4.7,60,8.63888888888889,True
2025-02-14 22:00:00,4.2,59,7.805555555555555,True
2025-02-14 23:00:00,3.7,58,7.5,True
2025-02-15 00:00:00,3.2,58,8.055555555555555,True
2025-02-15 01:00:00,4.1,58,10.305555555555555,True
2025-02-15 02:00:00,3.8,58,11.444444444444445,True
2025-02-15 03:00:00,3.4,59,11.694444444444445,True
2025-02-15 04:00:00,3.3,59,12.027777777777777,True
2025-02-15 05:00:00,3.0,59,12.25,True
2025-02-15 06:00:00,2.7,57,11.36111111111111,True
2025-02-15 07:00:00,2.6,56,10.333333333333334,True
2025-02-15 08:00:00,2.9,57,9.722222222222221,True
2025-02-15 09:00:00,3.4,55,9.944444444444443,True
2025-02-15 10:00:00,3.7,53,10.666666666666666,True
2025-02-15 11:00:00,4.4,49,10.277777777777777,True
2025-02-15 12:00:00,5.1,45,9.86111111111111,True
2025-02-15 13:00:00,4.3,49,10.222222222222221,True
2025-02-15 14:00:00,4.1,49,9.972222222222221,True
2025-02-15 15:00:00,3.4,52,9.416666666666666,True
2025-02-15 16:00:00,2.7,55,9.055555555555555,True
2025-02-15 17:00:00,2.0,57,9.166666666666666,True
2025-02-15 18:00:00,1.9,56,9.388888888888888,True
2025-02-15 19:00:00,1.7,56,9.472222222222223,True
2025-02-15 20:00:00,1.4,55,9.027777777777777,True
2025-02-15 21:00:00,1.1,56,8.444444444444445,True
2025-02-15 22:00:00,0.8,56,8.5,True
2025-02-15 23:00:00,0.6,56,8.0,True
2025-02-16 00:00:00,0.5,56,7.833333333333333,True
2025-02-16 01:00:00,1.6,60,7.833333333333333,True
2025-02-16 02:00:00,1.2,62,7.749999999999999,True
2025-02-16 03:00:00,1.0,64,7.722222222222222,True
2025-02-16 04:00:00,1.0,63,7.777777777777778,True
2025-02-16 05:00:00,0.9,64,8.027777777777777,True
2025-02-16 06:00:00,0.9,64,8.0,True
2025-02-16 07:00:00,1.0,64,7.638888888888888,True
2025-02-16 08:00:00,1.9,60,7.777777777777778,True
2025-02-16 09:00:00,2.8,56,7.527777777777778,True
2025-02-16 10:00:00,4.0,52,7.166666666666667,True
2025-02-16 11:00:00,4.9,49,7.138888888888888,True
2025-02-16 12:00:00,5.2,47,7.305555555555555,True
2025-02-16 13:00:00,4.7,50,7.666666666666667,True
2025-02-16 14:00:00,4.5,50,7.916666666666666,True
2025-02-16 15:00:00,3.7,52,8.305555555555555,True
2025-02-16 16:00:00,2.9,56,8.694444444444445,True
2025-02-16 17:00:00,2.2,59,9.138888888888888,True
2025-02-16 18:00:00,1.8,60,9.249999999999998,True
2025-02-16 19:00:00,1.7,60,9.416666666666666,True
2025-02-16 20:00:00,1.5,60,9.249999999999998,True
2025-02-16 21:00:00,1.3,59,9.194444444444445,True
2025-02-16 22:00:00,1.1,57,9.361111111111112,True
2025-02-16 23:00:00,0.9,56,9.222222222222223,True
2025-02-17 00:00:00,0.8,57,9.61111111111111,True
2025-02-17 01:00:00,1.1,57,9.86111111111111,True
2025-02-17 02:00:00,1.1,56,9.86111111111111,True
2025-02-17 03:00:00,0.8,56,9.583333333333334,True
2025-02-17 04:00:00,0.5,56,9.944444444444443,True
2025-02-17 05:00:00,0.4,56,9.805555555555555,True
2025-02-17 06:00:00,0.2,58,9.722222222222221,True
2025-02-17 07:00:00,0.5,58,9.944444444444443,True
2025-02-17 08:00:00,1.3,56,10.0,True
2025-02-17 09:00:00,2.2,53,9.63888888888889,True
2025-02-17 10:00:00,3.1,50,9.138888888888888,True
2025-02-17 11:00:00,3.7,49,8.805555555555555,True
2025-02-17 12:00:00,4.1,48,9.055555555555555,True
2025-02-17 13:00:00,4.3,49,8.083333333333334,True
2025-02-17 14:00:00,3.8,51,8.055555555555555,True
2025-02-17 15:00:00,3.1,53,8.277777777777779,True
2025-02-17 16:00:00,2.1,57,8.305555555555555,True
2025-02-17 17:00:00,1.5,58,8.86111111111111,True
2025-02-17 18:00:00,1.3,58,8.833333333333334,True
2025-02-17 19:00:00,1.1,58,8.583333333333332,True
2025-02-17 20:00:00,0.8,59,8.222222222222223,True
2025-02-17 21:00:00,0.7,59,8.027777777777777,True
2025-02-17 22:00:00,0.6,60,7.361111111111111,True
2025-02-17 23:00:00,0.5,59,6.666666666666666,True
2025-02-18 00:00:00,0.3,60,6.083333333333333,True
2025-02-18 01:00:00,0.5,64,5.805555555555555,True
2025-02-18 02:00:00,0.4,64,5.888888888888888,True
2025-02-18 03:00:00,0.3,64,5.888888888888888,True
2025-02-18 04:00:00,0.1,65,5.805555555555555,True
2025-02-18 05:00:00,0.0,64,6.222222222222221,True
2025-02-18 06:00:00,-0.0,62,6.861111111111111,True
2025-02-18 07:00:00,0.6,59,7.25,True
2025-02-18 08:00:00,1.9,55,6.888888888888889,True
2025-02-18 09:00:00,3.3,50,7.166666666666667,True
2025-02-18 10:00:00,4.4,48,7.083333333333333,True
2025-02-18 11:00:00,5.4,45,7.055555555555555,True
2025-02-18 12:00:00,6.2,41,7.138888888888888,True
2025-02-18 13:00:00,5.8,42,7.583333333333333,True
2025-02-18 14:00:00,5.6,41,7.916666666666666,True
2025-02-18 15:00:00,5.0,42,7.722222222222222,True
2025-02-18 16:00:00,4.0,45,7.972222222222221,True
2025-02-18 17:00:00,3.1,46,7.861111111111111,True
2025-02-18 18:00:00,2.6,47,8.055555555555555,True
2025-02-18 19:00:00,2.3,45,8.722222222222221,True
2025-02-18 20:00:00,1.8,45,9.027777777777777,True
2025-02-18 21:00:00,1.4,44,9.083333333333334,True
2025-02-18 22:00:00,1.2,44,9.333333333333334,True
2025-02-18 23:00:00,0.9,43,9.583333333333334,True
2025-02-19 00:00:00,0.7,43,9.722222222222221,True
2025-02-19 01:00:00,0.8,48,9.222222222222223,True
2025-02-19 02:00:00,0.6,48,8.86111111111111,True
2025-02-19 03:00:00,0.4,48,9.055555555555555,True
2025-02-19 04:00:00,0.1,48,8.86111111111111,True
2025-02-19 05:00:00,-0.1,50,8.444444444444445,True
2025-02-19 06:00:00,-0.3,51,8.222222222222223,True
2025-02-19 07:00:00,0.1,50,7.916666666666666,True
2025-02-19 08:00:00,1.4,47,7.166666666666667,True
2025-02-19 09:00:00,2.9,40,6.472222222222222,True
2025-02-19 10:00:00,4.2,35,6.194444444444445,True
2025-02-19 11:00:00,5.2,35,5.722222222222222,True
2025-02-19 12:00:00,5.9,34,5.333333333333333,True
2025-02-19 13:00:00,6.2,33,5.555555555555555,True
2025-02-19 14:00:00,6.0,33,5.666666666666666,True
2025-02-19 15:00:00,5.5,35,5.583333333333334,True
2025-02-19 16:00:00,4.3,38,5.444444444444445,True
2025-02-19 17:00:00,2.8,41,5.277777777777778,True
2025-02-19 18:00:00,2.2,43,5.333333333333333,True
2025-02-19 19:00:00,1.9,43,5.361111111111112,True
2025-02-19 20:00:00,1.4,44,5.111111111111111,True
2025-02-19 21:00:00,1.0,46,4.972222222222221,True
2025-02-19 22:00:00,0.7,47,4.694444444444444,True
2025-02-19 23:00:00,0.5,47,4.611111111111112,True
2025-02-20 00:00:00,0.5,47,4.722222222222222,True
2025-02-20 01:00:00,0.3,50,5.166666666666667,True
2025-02-20 02:00:00,0.2,51,5.166666666666667,True
2025-02-20 03:00:00,0.0,51,5.194444444444444,True
2025-02-20 04:00:00,-0.1,52,5.194444444444444,True
2025-02-20 05:00:00,-0.3,52,4.916666666666666,True
2025-02-20 06:00:00,-0.5,53,4.583333333333333,True
2025-02-20 07:00:00,0.0,52,4.583333333333333,True
2025-02-20 08:00:00,2.0,47,3.861111111111111,True
2025-02-20 09:00:00,4.6,40,3.75,True
2025-02-20 10:00:00,6.8,33,2.944444444444444,True
2025-02-20 11:00:00,8.4,30,2.0277777777777777,True
2025-02-20 12:00:00,9.6,28,1.1944444444444444,True
2025-02-20 13:00:00,10.1,30,1.2777777777777777,True
2025-02-20 14:00:00,10.3,31,1.1944444444444444,True
2025-02-20 15:00:00,9.9,32,0.888888888888889,True
2025-02-20 16:00:00,7.5,53,0.6111111111111112,True
2025-02-20 17:00:00,4.1,53,0.9444444444444444,True
2025-02-20 18:00:00,2.3,55,1.972222222222222,True
2025-02-20 19:00:00,1.0,60,3.222222222222222,True
2025-02-20 20:00:00,0.4,60,3.4722222222222223,True
2025-02-20 21:00:00,0.4,58,3.416666666666667,True
2025-02-20 22:00:00,0.2,58,3.3611111111111107,True
2025-02-20 23:00:00,0.0,57,3.416666666666667,True
2025-02-21 00:00:00,-0.0,57,3.5,True
2025-02-21 01:00:00,0.5,58,3.861111111111111,True
2025-02-21 02:00:00,0.6,57,3.6944444444444446,True
2025-02-21 03:00:00,0.4,58,3.5277777777777777,True
2025-02-21 04:00:00,0.1,58,3.4444444444444446,True
2025-02-21 05:00:00,0.0,59,3.3888888888888884,True
2025-02-21 06:00:00,0.0,59,3.6666666666666665,True
2025-02-21 07:00:00,1.5,55,3.8055555555555554,True
2025-02-21 08:00:00,4.7,47,2.5833333333333335,True
2025-02-21 09:00:00,8.1,39,1.027777777777778,True
2025-02-21 10:00:00,10.1,36,0.5555555555555556,True
2025-02-21 11:00:00,11.0,37,1.8333333333333333,True
2025-02-21 12:00:00,10.8,44,2.5555555555555554,True
2025-02-21 13:00:00,10.8,49,2.361111111111111,True
2025-02-21 14:00:00,10.0,54,2.0833333333333335,True
2025-02-21 15:00:00,8.7,57,1.8333333333333333,True
2025-02-21 16:00:00,5.9,67,0.5,True
2025-02-21 17:00:00,3.6,63,1.0,True
2025-02-21 18:00:00,2.7,57,1.8333333333333333,True
2025-02-21 19:00:00,0.9,64,3.3055555555555554,True
2025-02-21 20:00:00,1.1,60,3.9166666666666665,True
2025-02-21 21:00:00,1.5,56,3.944444444444444,True
2025-02-21 22:00:00,1.9,53,3.9166666666666665,True
2025-02-21 23:00:00,1.7,53,3.8333333333333335,True
2025-02-22 00:00:00,1.3,55,3.4722222222222223,True
2025-02-22 01:00:00,1.5,62,3.416666666666667,True
2025-02-22 02:00:00,1.4,64,3.2499999999999996,True
2025-02-22 03:00:00,2.1,64,3.138888888888889,True
2025-02-22 04:00:00,2.4,66,2.9166666666666665,True
2025-02-22 05:00:00,2.3,70,2.5555555555555554,True
2025-02-22 06:00:00,2.2,74,2.0833333333333335,True
2025-02-22 07:00:00,4.4,69,1.3888888888888888,True
2025-02-22 08:00:00,7.4,61,0.8611111111111112,True
2025-02-22 09:00:00,8.4,56,0.41666666666666663,True
2025-02-22 10:00:00,9.0,56,0.6111111111111112,True
2025-02-22 11:00:00,9.3,57,0.8611111111111112,True
2025-02-22 12:00:00,9.9,57,1.6666666666666665,True
2025-02-22 13:00:00,9.4,59,1.3611111111111112,True
2025-02-22 14:00:00,9.2,62,1.5555555555555554,True
2025-02-22 15:00:00,8.4,69,1.1388888888888888,True
2025-02-22 16:00:00,7.7,73,0.888888888888889,True
2025-02-22 17:00:00,7.6,74,0.9444444444444444,True
2025-02-22 18:00:00,7.3,78,0.8333333333333333,True
2025-02-22 19:00:00,7.4,83,0.8333333333333333,True
2025-02-22 20:00:00,7.4,86,0.8055555555555555,True
2025-02-22 21:00:00,7.8,86,0.9444444444444444,True
2025-02-22 22:00:00,6.7,92,1.027777777777778,True
2025-02-22 23:00:00,6.7,93,0.9722222222222222,True
2025-02-23 00:00:00,6.8,94,0.8611111111111112,True
2025-02-23 01:00:00,8.0,94,0.888888888888889,True
2025-02-23 02:00:00,8.0,95,0.8055555555555555,True
2025-02-23 03:00:00,8.3,92,0.3611111111111111,True
2025-02-23 04:00:00,8.4,92,0.16666666666666666,True
2025-02-23 05:00:00,8.3,92,0.11111111111111112,True
2025-02-23 06:00:00,8.2,92,0.3333333333333333,True
2025-02-23 07:00:00,8.3,94,0.7777777777777777,True
2025-02-23 08:00:00,9.0,96,0.5277777777777778,True
2025-02-23 09:00:00,9.7,96,0.6111111111111112,True
2025-02-23 10:00:00,9.9,95,0.6666666666666666,True
2025-02-23 11:00:00,10.8,88,0.6111111111111112,True
2025-02-23 12:00:00,11.9,81,1.0,True
2025-02-23 13:00:00,11.2,82,0.9166666666666666,True
2025-02-23 14:00:00,11.6,80,1.1666666666666667,True
2025-02-23 15:00:00,11.1,80,1.6944444444444442,True
2025-02-23 16:00:00,9.6,85,1.2222222222222223,True
2025-02-23 17:00:00,8.1,92,0.38888888888888884,True
2025-02-23 18:00:00,8.5,90,0.3055555555555556,True
2025-02-23 19:00:00,8.4,91,0.6666666666666666,True
2025-02-23 20:00:00,8.4,92,0.8333333333333333,True
2025-02-23 21:00:00,8.0,93,0.4722222222222222,True
2025-02-23 22:00:00,8.0,93,0.22222222222222224,True
2025-02-23 23:00:00,7.9,94,0.41666666666666663,True
2025-02-24 00:00:00,7.8,94,0.38888888888888884,True
2025-02-24 01:00:00,8.6,92,0.5555555555555556,True
2025-02-24 02:00:00,8.0,94,0.6666666666666666,True
2025-02-24 03:00:00,7.3,94,0.6111111111111112,True
2025-02-24 04:00:00,6.5,94,0.4722222222222222,True
2025-02-24 05:00:00,5.7,93,0.7777777777777777,True
2025-02-24 06:00:00,6.5,90,1.777777777777778,True
2025-02-24 07:00:00,6.9,92,2.2222222222222223,True
2025-02-24 08:00:00,9.3,86,1.8055555555555556,True
2025-02-24 09:00:00,11.7,77,0.16666666666666666,True
2025-02-24 10:00:00,12.9,73,1.472222222222222,True
2025-02-24 11:00:00,12.6,75,2.8055555555555554,True
2025-02-24 12:00:00,12.0,77,2.6666666666666665,True
2025-02-24 13:00:00,12.3,81,2.5555555555555554,True
2025-02-24 14:00:00,12.2,79,2.055555555555556,True
2025-02-24 15:00:00,11.9,77,1.4444444444444444,True
2025-02-24 16:00:00,10.5,85,0.6388888888888888,True
2025-02-24 17:00:00,9.4,89,0.7222222222222222,True
2025-02-24 18:00:00,7.8,92,1.1944444444444444,True
2025-02-24 19:00:00,8.1,92,0.22222222222222224,True
2025-02-24 20:00:00,7.9,91,0.5,True
2025-02-24 21:00:00,7.7,91,0.9444444444444444,True
2025-02-24 22:00:00,6.4,93,1.4444444444444444,True
2025-02-24 23:00:00,6.7,93,1.8055555555555556,True
2025-02-25 00:00:00,6.7,95,2.1944444444444446,True
2025-02-25 01:00:00,8.1,91,1.4444444444444444,True
2025-02-25 02:00:00,8.3,94,1.5833333333333333,True
2025-02-25 03:00:00,8.5,94,1.3055555555555556,True
2025-02-25 04:00:00,8.2,97,1.1111111111111112,True
2025-02-25 05:00:00,8.1,97,0.9722222222222222,True
2025-02-25 06:00:00,8.4,95,1.3055555555555556,True
2025-02-25 07:00:00,9.0,92,0.888888888888889,True
2025-02-25 08:00:00,10.3,90,0.38888888888888884,True
2025-02-25 09:00:00,11.3,80,0.7777777777777777,True
2025-02-25 10:00:00,12.3,72,1.3055555555555556,True
2025-02-25 11:00:00,12.8,71,1.75,True
2025-02-25 12:00:00,12.9,71,2.611111111111111,True
2025-02-25 13:00:00,12.6,75,1.472222222222222,True
2025-02-25 14:00:00,12.7,75,1.777777777777778,True
2025-02-25 15:00:00,11.8,79,1.472222222222222,True
2025-02-25 16:00:00,11.1,86,0.8333333333333333,True
2025-02-25 17:00:00,10.3,93,0.6944444444444444,True
2025-02-25 18:00:00,10.3,95,0.1388888888888889,True
2025-02-25 19:00:00,10.1,96,1.1666666666666667,True
2025-02-25 20:00:00,10.5,95,2.694444444444444,True
2025-02-25 21:00:00,10.5,96,3.194444444444444,True
2025-02-25 22:00:00,10.2,98,2.6666666666666665,True
2025-02-25 23:00:00,10.2,98,2.4722222222222223,True
2025-02-26 00:00:00,10.2,97,1.972222222222222,True
2025-02-26 01:00:00,9.9,94,1.8055555555555556,True
2025-02-26 02:00:00,9.9,97,2.0,True
2025-02-26 03:00:00,9.9,96,1.1111111111111112,True
2025-02-26 04:00:00,9.9,96,1.3055555555555556,True
2025-02-26 05:00:00,9.9,97,1.7222222222222223,True
2025-02-26 06:00:00,9.6,97,2.1666666666666665,True
2025-02-26 07:00:00,9.9,97,2.305555555555556,True
2025-02-26 08:00:00,10.2,97,2.4444444444444446,True
2025-02-26 09:00:00,10.7,97,2.138888888888889,True
2025-02-26 10:00:00,11.5,97,2.0277777777777777,True
2025-02-26 11:00:00,11.5,99,1.4444444444444444,True
2025-02-26 12:00:00,11.3,99,1.6666666666666665,True
2025-02-26 13:00:00,12.1,100,1.472222222222222,True
2025-02-26 14:00:00,11.6,98,2.611111111111111,True
2025-02-26 15:00:00,10.9,96,2.0,True
2025-02-26 16:00:00,10.2,94,4.694444444444444,True
2025-02-26 17:00:00,8.1,94,8.027777777777777,True
2025-02-26 18:00:00,7.8,94,6.583333333333333,True
2025-02-26 19:00:00,7.6,94,8.055555555555555,True
2025-02-26 20:00:00,7.8,84,9.083333333333334,True
2025-02-26 21:00:00,8.3,75,8.944444444444445,True
2025-02-26 22:00:00,7.7,83,8.75,True
2025-02-26 23:00:00,7.7,84,7.916666666666666,True
2025-02-27 00:00:00,8.0,82,7.277777777777778,True
2025-02-27 01:00:00,8.8,72,8.027777777777777,True
2025-02-27 02:00:00,8.3,77,7.138888888888888,True
2025-02-27 03:00:00,8.1,77,6.138888888888889,True
2025-02-27 04:00:00,8.0,77,5.111111111111111,True
2025-02-27 05:00:00,7.9,76,5.111111111111111,True
2025-02-27 06:00:00,8.0,75,4.861111111111111,True
2025-02-27 07:00:00,8.2,74,4.972222222222221,True
2025-02-27 08:00:00,8.7,72,3.9166666666666665,True
2025-02-27 09:00:00,9.5,68,3.7222222222222223,True
2025-02-27 10:00:00,10.1,65,3.4722222222222223,True
2025-02-27 11:00:00,10.8,61,3.4722222222222223,True
2025-02-27 12:00:00,11.2,59,4.194444444444445,True
2025-02-27 13:00:00,12.5,54,4.972222222222221,True
2025-02-27 14:00:00,12.7,53,4.944444444444445,True
2025-02-27 15:00:00,12.6,52,4.75,True
2025-02-27 16:00:00,11.6,56,4.805555555555555,True
2025-02-27 17:00:00,9.8,63,5.055555555555555,True
2025-02-27 18:00:00,8.4,69,4.611111111111112,True
2025-02-27 19:00:00,7.3,73,4.138888888888889,True
2025-02-27 20:00:00,6.8,75,4.194444444444445,True
2025-02-27 21:00:00,6.3,77,4.111111111111112,True
2025-02-27 22:00:00,6.1,78,4.194444444444445,True
2025-02-27 23:00:00,5.9,80,4.25,True
2025-02-28 00:00:00,5.4,82,4.25,True
2025-02-28 01:00:00,5.5,83,4.166666666666667,True
2025-02-28 02:00:00,5.6,84,3.9722222222222223,True
2025-02-28 03:00:00,5.4,85,3.9166666666666665,True
2025-02-28 04:00:00,5.6,83,3.6944444444444446,True
2025-02-28 05:00:00,5.4,84,3.4722222222222223,True
2025-02-28 06:00:00,5.6,82,4.027777777777778,True
2025-02-28 07:00:00,7.4,73,4.25,True
2025-02-28 08:00:00,8.8,69,4.25,True
2025-02-28 09:00:00,11.1,58,5.638888888888889,True
2025-02-28 10:00:00,12.5,53,5.805555555555555,True
2025-02-28 11:00:00,13.0,51,5.75,True
2025-02-28 12:00:00,13.7,46,5.805555555555555,True
2025-02-28 13:00:00,14.1,42,5.083333333333333,True
2025-02-28 14:00:00,13.6,44,5.249999999999999,True
2025-02-28 15:00:00,12.7,47,5.194444444444444,True
2025-02-28 16:00:00,11.7,51,5.027777777777778,True
2025-02-28 17:00:00,10.2,53,5.833333333333333,True
2025-02-28 18:00:00,9.4,58,6.194444444444445,True
2025-02-28 19:00:00,8.7,64,5.944444444444444,True
2025-02-28 20:00:00,8.4,66,5.972222222222222,True
2025-02-28 21:00:00,8.1,66,6.0,True
2025-02-28 22:00:00,8.3,64,5.944444444444444,True
2025-02-28 23:00:00,8.1,64,6.111111111111111,True
2025-03-01 00:00:00,8.2,62,6.638888888888888,True
2025-03-01 01:00:00,8.6,63,6.361111111111111,True
2025-03-01 02:00:00,8.3,65,6.111111111111111,True
2025-03-01 03:00:00,8.4,65,6.305555555555555,True
2025-03-01 04:00:00,8.4,66,6.333333333333333,True
2025-03-01 05:00:00,8.3,66,6.499999999999999,True
2025-03-01 06:00:00,8.2,66,6.916666666666666,True
2025-03-01 07:00:00,8.6,64,7.444444444444445,True
2025-03-01 08:00:00,9.4,61,7.416666666666666,True
2025-03-01 09:00:00,10.1,59,8.027777777777777,True
2025-03-01 10:00:00,11.0,54,8.194444444444445,True
2025-03-01 11:00:00,11.5,49,8.25,True
2025-03-01 12:00:00,11.7,47,7.861111111111111,True
2025-03-01 13:00:00,12.5,44,7.416666666666666,True
2025-03-01 14:00:00,12.0,44,7.472222222222221,True
2025-03-01 15:00:00,11.5,45,7.527777777777778,True
2025-03-01 16:00:00,10.6,48,7.138888888888888,True
2025-03-01 17:00:00,9.5,52,7.222222222222222,True
2025-03-01 18:00:00,8.9,54,7.305555555555555,True
2025-03-01 19:00:00,8.6,56,7.305555555555555,True
2025-03-01 20:00:00,8.5,57,7.194444444444444,True
2025-03-01 21:00:00,8.3,58,7.055555555555555,True
2025-03-01 22:00:00,7.8,60,6.972222222222222,True
2025-03-01 23:00:00,7.5,61,6.638888888888888,True
2025-03-02 00:00:00,7.1,63,6.499999999999999,True
2025-03-02 01:00:00,7.9,63,7.416666666666666,True
2025-03-02 02:00:00,7.5,62,7.361111111111111,True
2025-03-02 03:00:00,7.1,62,7.749999999999999,True
2025-03-02 04:00:00,6.6,63,7.5,True
2025-03-02 05:00:00,6.1,62,7.25,True
2025-03-02 06:00:00,5.7,62,6.666666666666666,True
2025-03-02 07:00:00,6.4,58,6.499999999999999,True
2025-03-02 08:00:00,7.6,54,5.916666666666667,True
2025-03-02 09:00:00,8.8,49,6.583333333333333,True
2025-03-02 10:00:00,10.0,44,6.388888888888888,True
2025-03-02 11:00:00,11.0,40,6.222222222222221,True
2025-03-02 12:00:00,11.6,38,6.194444444444445,True
2025-03-02 13:00:00,12.3,36,5.666666666666666,True
2025-03-02 14:00:00,12.1,35,5.222222222222222,True
2025-03-02 15:00:00,11.8,36,4.638888888888888,True
2025-03-02 16:00:00,11.0,40,3.7777777777777777,True
2025-03-02 17:00:00,9.4,44,3.5277777777777777,True
2025-03-02 18:00:00,7.9,49,3.416666666666667,True
2025-03-02 19:00:00,6.4,55,2.944444444444444,True
2025-03-02 20:00:00,5.3,59,2.833333333333333,True
2025-03-02 21:00:00,5.0,57,3.416666666666667,True
2025-03-02 22:00:00,5.3,53,3.7777777777777777,True
2025-03-02 23:00:00,5.2,53,3.638888888888889,True
2025-03-03 00:00:00,4.6,57,3.333333333333333,True
2025-03-03 01:00:00,4.1,63,3.8333333333333335,True
2025-03-03 02:00:00,4.3,62,3.888888888888889,True
2025-03-03 03:00:00,4.6,61,4.083333333333333,True
2025-03-03 04:00:00,4.6,60,4.222222222222222,True
2025-03-03 05:00:00,4.7,59,4.444444444444445,True
2025-03-03 06:00:00,4.8,58,4.277777777777778,True
2025-03-03 07:00:00,6.5,53,4.194444444444445,True
2025-03-03 08:00:00,9.3,46,4.305555555555555,True
2025-03-03 09:00:00,11.3,38,4.972222222222221,True
2025-03-03 10:00:00,12.6,34,4.777777777777778,True
2025-03-03 11:00:00,13.8,31,4.083333333333333,True
2025-03-03 12:00:00,14.8,29,3.4722222222222223,True
2025-03-03 13:00:00,15.4,28,2.5277777777777777,True
2025-03-03 14:00:00,15.2,27,1.9444444444444444,True
2025-03-03 15:00:00,14.7,28,1.5833333333333333,True
2025-03-03 16:00:00,12.7,51,0.6666666666666666,True
2025-03-03 17:00:00,9.1,45,0.75,True
2025-03-03 18:00:00,6.7,54,2.25,True
2025-03-03 19:00:00,4.8,58,3.416666666666667,True
2025-03-03 20:00:00,5.0,52,3.6666666666666665,True
2025-03-03 21:00:00,5.3,50,3.888888888888889,True
2025-03-03 22:00:00,5.6,49,4.305555555555555,True
2025-03-03 23:00:00,6.0,49,4.666666666666667,True
2025-03-04 00:00:00,6.1,49,4.75,True
2025-03-04 01:00:00,6.2,52,5.027777777777778,True
2025-03-04 02:00:00,6.5,50,4.972222222222221,True
2025-03-04 03:00:00,6.6,48,4.944444444444445,True
2025-03-04 04:00:00,6.6,47,4.888888888888889,True
2025-03-04 05:00:00,6.6,47,4.861111111111111,True
2025-03-04 06:00:00,6.7,47,4.777777777777778,True
2025-03-04 07:00:00,8.4,45,4.583333333333333,True
2025-03-04 08:00:00,11.2,41,4.888888888888889,True
2025-03-04 09:00:00,13.5,34,4.944444444444445,True
2025-03-04 10:00:00,15.2,29,4.611111111111112,True
2025-03-04 11:00:00,16.5,28,3.9166666666666665,True
2025-03-04 12:00:00,17.1,27,2.305555555555556,True
2025-03-04 13:00:00,17.3,27,0.9722222222222222,True
2025-03-04 14:00:00,16.6,35,0.6111111111111112,True
2025-03-04 15:00:00,15.2,49,1.3888888888888888,True
2025-03-04 16:00:00,13.0,61,1.5,True
2025-03-04 17:00:00,9.8,73,0.41666666666666663,True
2025-03-04 18:00:00,8.4,69,1.4444444444444444,True
2025-03-04 19:00:00,7.1,62,2.5277777777777777,True
2025-03-04 20:00:00,5.8,58,2.888888888888889,True
2025-03-04 21:00:00,5.4,59,3.194444444444444,True
2025-03-04 22:00:00,5.0,61,3.5,True
2025-03-04 23:00:00,4.8,62,3.7222222222222223,True
2025-03-05 00:00:00,4.9,62,4.0,True
2025-03-05 01:00:00,5.5,60,4.0,True
2025-03-05 02:00:00,5.5,60,4.305555555555555,True
2025-03-05 03:00:00,5.6,60,4.5,True
2025-03-05 04:00:00,5.6,59,4.527777777777778,True
2025-03-05 05:00:00,5.4,60,4.472222222222222,True
2025-03-05 06:00:00,5.2,61,4.472222222222222,True
2025-03-05 07:00:00,7.6,55,4.111111111111112,True
2025-03-05 08:00:00,11.9,49,2.944444444444444,True
2025-03-05 09:00:00,15.2,41,1.472222222222222,True
2025-03-05 10:00:00,16.7,35,0.9444444444444444,True
2025-03-05 11:00:00,16.5,38,2.4166666666666665,True
2025-03-05 12:00:00,16.1,39,2.9166666666666665,True
2025-03-05 13:00:00,15.9,41,2.9166666666666665,True
2025-03-05 14:00:00,15.4,37,2.055555555555556,True
2025-03-05 15:00:00,14.5,36,1.4444444444444444,True
2025-03-05 16:00:00,13.1,43,0.75,True
2025-03-05 17:00:00,10.2,53,0.9444444444444444,True
2025-03-05 18:00:00,9.6,55,0.9166666666666666,True
2025-03-05 19:00:00,9.2,58,1.0,True
2025-03-05 20:00:00,7.1,72,1.6666666666666665,True
2025-03-05 21:00:00,4.8,84,1.8888888888888888,True
2025-03-05 22:00:00,3.8,85,1.8888888888888888,True
2025-03-05 23:00:00,3.5,82,1.8611111111111112,True
2025-03-06 00:00:00,3.4,80,1.972222222222222,True
2025-03-06 01:00:00,2.9,80,2.3333333333333335,True
2025-03-06 02:00:00,2.7,80,2.305555555555556,True
2025-03-06 03:00:00,2.6,80,2.361111111111111,True
2025-03-06 04:00:00,2.4,80,2.1666666666666665,True
2025-03-06 05:00:00,2.3,79,2.111111111111111,True
2025-03-06 06:00:00,2.7,76,2.361111111111111,True
2025-03-06 07:00:00,7.1,60,2.638888888888889,True
2025-03-06 08:00:00,12.7,48,1.5833333333333333,True
2025-03-06 09:00:00,14.6,41,1.4166666666666665,True
2025-03-06 10:00:00,14.9,45,1.777777777777778,True
2025-03-06 11:00:00,15.3,43,1.7222222222222223,True
2025-03-06 12:00:00,15.8,40,1.6388888888888888,True
2025-03-06 13:00:00,15.8,42,2.0833333333333335,True
2025-03-06 14:00:00,15.4,45,1.8888888888888888,True
2025-03-06 15:00:00,14.9,47,1.611111111111111,True
2025-03-06 16:00:00,13.4,53,1.1111111111111112,True
2025-03-06 17:00:00,10.5,61,0.41666666666666663,True
2025-03-06 18:00:00,9.7,61,0.4722222222222222,True
2025-03-06 19:00:00,8.4,65,0.8333333333333333,True
2025-03-06 20:00:00,7.4,68,1.3611111111111112,True
2025-03-06 21:00:00,5.2,77,1.7222222222222223,True
2025-03-06 22:00:00,4.3,77,1.6944444444444442,True
2025-03-06 23:00:00,3.7,76,1.8611111111111112,True
2025-03-07 00:00:00,3.2,74,2.0277777777777777,True
2025-03-07 01:00:00,2.7,71,2.111111111111111,True
2025-03-07 02:00:00,2.4,71,2.361111111111111,True
2025-03-07 03:00:00,2.5,70,2.5833333333333335,True
2025-03-07 04:00:00,2.6,67,2.7222222222222223,True
2025-03-07 05:00:00,3.1,63,3.1666666666666665,True
2025-03-07 06:00:00,4.7,54,3.6666666666666665,True
2025-03-07 07:00:00,9.1,44,3.4444444444444446,True
2025-03-07 08:00:00,13.5,41,2.111111111111111,True
2025-03-07 09:00:00,15.9,33,0.888888888888889,True
2025-03-07 10:00:00,16.0,37,1.972222222222222,True
2025-03-07 11:00:00,16.1,39,2.6666666666666665,True
2025-03-07 12:00:00,16.2,39,2.6666666666666665,True
2025-03-07 13:00:00,16.3,39,2.6666666666666665,True
2025-03-07 14:00:00,15.4,41,2.75,True
2025-03-07 15:00:00,14.5,42,1.8055555555555556,True
2025-03-07 16:00:00,13.0,47,0.6666666666666666,True
2025-03-07 17:00:00,10.1,59,0.5555555555555556,True
2025-03-07 18:00:00,9.8,59,0.6111111111111112,True
2025-03-07 19:00:00,9.2,62,1.3333333333333333,True
2025-03-07 20:00:00,5.9,78,1.8333333333333333,True
2025-03-07 21:00:00,4.3,82,1.9444444444444444,True
2025-03-07 22:00:00,3.7,80,2.0277777777777777,True
2025-03-07 23:00:00,3.4,78,2.0277777777777777,True
2025-03-08 00:00:00,3.4,77,2.1666666666666665,True
2025-03-08 01:00:00,3.5,74,1.8055555555555556,True
2025-03-08 02:00:00,3.3,74,1.6666666666666665,True
2025-03-08 03:00:00,3.2,74,1.8055555555555556,True
2025-03-08 04:00:00,3.2,74,2.1666666666666665,True
2025-03-08 05:00:00,3.0,74,2.3333333333333335,True
2025-03-08 06:00:00,3.6,71,2.6666666666666665,True
2025-03-08 07:00:00,8.1,57,2.611111111111111,True
2025-03-08 08:00:00,12.0,53,0.9444444444444444,True
2025-03-08 09:00:00,14.2,48,1.1388888888888888,True
2025-03-08 10:00:00,15.1,49,1.8333333333333333,True
2025-03-08 11:00:00,15.7,47,2.111111111111111,True
2025-03-08 12:00:00,16.0,44,2.0277777777777777,True
2025-03-08 13:00:00,15.6,41,2.138888888888889,True
2025-03-08 14:00:00,15.3,42,2.0,True
2025-03-08 15:00:00,14.6,42,1.777777777777778,True
2025-03-08 16:00:00,13.1,48,1.1388888888888888,True
2025-03-08 17:00:00,10.2,61,0.5277777777777778,True
2025-03-08 18:00:00,9.4,63,0.9444444444444444,True
2025-03-08 19:00:00,7.5,76,1.611111111111111,True
2025-03-08 20:00:00,5.2,87,1.9166666666666667,True
2025-03-08 21:00:00,4.3,86,1.777777777777778,True
2025-03-08 22:00:00,4.0,84,1.3888888888888888,True
2025-03-08 23:00:00,3.8,83,1.5,True
2025-03-09 00:00:00,3.9,80,1.5555555555555554,True
2025-03-09 01:00:00,5.3,72,1.611111111111111,True
2025-03-09 02:00:00,6.4,68,1.3611111111111112,True
2025-03-09 03:00:00,5.9,69,1.6388888888888888,True
2025-03-09 04:00:00,5.0,72,2.0,True
2025-03-09 05:00:00,4.7,72,2.055555555555556,True
2025-03-09 06:00:00,5.7,67,2.0,True
2025-03-09 07:00:00,9.6,59,2.055555555555556,True
2025-03-09 08:00:00,13.2,48,0.9166666666666666,True
2025-03-09 09:00:00,14.1,46,1.0555555555555556,True
2025-03-09 10:00:00,14.7,44,1.3888888888888888,True
2025-03-09 11:00:00,15.3,42,1.6666666666666665,True
2025-03-09 12:00:00,15.3,42,2.305555555555556,True
2025-03-09 13:00:00,14.6,42,2.5555555555555554,True
2025-03-09 14:00:00,14.2,43,1.972222222222222,True
2025-03-09 15:00:00,13.6,44,1.1111111111111112,True
2025-03-09 16:00:00,12.9,47,0.9444444444444444,True
2025-03-09 17:00:00,10.2,59,0.5,True
2025-03-09 18:00:00,9.9,58,0.9166666666666666,True
2025-03-09 19:00:00,10.2,56,1.1111111111111112,True
2025-03-09 20:00:00,9.5,57,1.6666666666666665,True
2025-03-09 21:00:00,8.6,63,1.8333333333333333,True
2025-03-09 22:00:00,7.9,70,2.055555555555556,True
2025-03-09 23:00:00,8.2,71,2.055555555555556,True
2025-03-10 00:00:00,8.7,70,2.1666666666666665,True
2025-03-10 01:00:00,11.0,67,1.2777777777777777,True
2025-03-10 02:00:00,10.3,79,1.5833333333333333,True
2025-03-10 03:00:00,9.6,95,2.305555555555556,True
2025-03-10 04:00:00,9.1,98,2.138888888888889,True
2025-03-10 05:00:00,9.4,96,2.3333333333333335,True
2025-03-10 06:00:00,10.3,96,2.111111111111111,True
2025-03-10 07:00:00,11.2,95,5.249999999999999,True
2025-03-10 08:00:00,11.3,95,5.277777777777778,True
2025-03-10 09:00:00,11.9,96,4.611111111111112,True
2025-03-10 10:00:00,12.4,95,7.361111111111111,True
2025-03-10 11:00:00,13.3,88,7.027777777777778,True
2025-03-10 12:00:00,14.5,79,7.055555555555555,True
2025-03-10 13:00:00,14.3,84,6.055555555555555,True
2025-03-10 14:00:00,14.4,77,6.611111111111111,True
2025-03-10 15:00:00,14.3,78,5.555555555555555,True
2025-03-10 16:00:00,13.4,82,2.861111111111111,True
2025-03-10 17:00:00,12.2,88,2.055555555555556,True
2025-03-10 18:00:00,12.0,85,2.6666666666666665,True
2025-03-10 19:00:00,12.1,83,2.305555555555556,True
2025-03-10 20:00:00,10.6,84,1.0,True
2025-03-10 21:00:00,9.9,85,1.0,True
2025-03-10 22:00:00,9.8,85,0.9722222222222222,True
2025-03-10 23:00:00,9.7,85,0.8611111111111112,True
2025-03-11 00:00:00,9.1,93,1.0,True
2025-03-11 01:00:00,10.4,90,1.75,True
2025-03-11 02:00:00,8.3,97,1.5833333333333333,True
2025-03-11 03:00:00,7.6,98,1.472222222222222,True
2025-03-11 04:00:00,7.4,98,1.6388888888888888,True
2025-03-11 05:00:00,8.6,95,2.4166666666666665,True
2025-03-11 06:00:00,8.9,96,2.0277777777777777,True
2025-03-11 07:00:00,10.3,95,1.777777777777778,True
2025-03-11 08:00:00,11.5,93,1.777777777777778,True
2025-03-11 09:00:00,11.6,93,1.1944444444444444,True
2025-03-11 10:00:00,12.8,83,2.0833333333333335,True
2025-03-11 11:00:00,13.4,79,1.8333333333333333,True
2025-03-11 12:00:00,14.3,76,2.7777777777777777,True
2025-03-11 13:00:00,13.7,80,3.888888888888889,True
2025-03-11 14:00:00,13.6,78,2.9166666666666665,True
2025-03-11 15:00:00,13.7,75,2.4444444444444446,True
2025-03-11 16:00:00,13.1,78,1.4166666666666665,True
2025-03-11 17:00:00,11.5,84,0.19444444444444442,True
2025-03-11 18:00:00,11.2,83,0.25,True
2025-03-11 19:00:00,10.6,84,1.0555555555555556,True
2025-03-11 20:00:00,11.4,80,3.194444444444444,True
2025-03-11 21:00:00,11.2,84,2.2222222222222223,True
2025-03-11 22:00:00,10.2,91,0.2777777777777778,True
2025-03-11 23:00:00,9.6,97,1.8888888888888888,True
2025-03-12 00:00:00,9.9,98,3.3611111111111107,True
2025-03-12 01:00:00,11.6,93,4.805555555555555,True
2025-03-12 02:00:00,11.5,95,4.5,True
2025-03-12 03:00:00,10.8,98,2.888888888888889,True
2025-03-12 04:00:00,10.9,98,3.0555555555555554,True
2025-03-12 05:00:00,10.6,95,3.2499999999999996,True
2025-03-12 06:00:00,10.9,91,2.5277777777777777,True
2025-03-12 07:00:00,11.7,91,3.888888888888889,True
2025-03-12 08:00:00,12.4,89,5.166666666666667,True
2025-03-12 09:00:00,12.7,84,5.944444444444444,True
2025-03-12 10:00:00,15.2,71,6.361111111111111,True
2025-03-12 11:00:00,15.3,71,5.833333333333333,True
2025-03-12 12:00:00,16.1,70,4.972222222222221,True
2025-03-12 13:00:00,14.3,77,1.8055555555555556,True
2025-03-12 14:00:00,12.6,89,1.3888888888888888,True
2025-03-12 15:00:00,11.9,98,1.777777777777778,True
2025-03-12 16:00:00,11.9,99,1.472222222222222,True
2025-03-12 17:00:00,11.3,99,1.5277777777777777,True
2025-03-12 18:00:00,11.0,99,1.8333333333333333,True
2025-03-12 19:00:00,10.6,97,1.027777777777778,True
2025-03-12 20:00:00,10.1,98,2.111111111111111,True
2025-03-12 21:00:00,10.2,98,2.3333333333333335,True
2025-03-12 22:00:00,10.1,99,1.2777777777777777,True
2025-03-12 23:00:00,10.3,98,1.8333333333333333,True
2025-03-13 00:00:00,10.0,99,1.3888888888888888,True
2025-03-13 01:00:00,11.2,97,4.777777777777778,True
2025-03-13 02:00:00,10.8,98,5.472222222222222,True
2025-03-13 03:00:00,10.5,98,5.138888888888888,True
2025-03-13 04:00:00,10.4,95,3.3055555555555554,True
2025-03-13 05:00:00,9.9,98,3.555555555555556,True
2025-03-13 06:00:00,9.3,99,2.638888888888889,True
2025-03-13 07:00:00,9.2,98,1.4166666666666665,True
2025-03-13 08:00:00,9.8,97,2.4166666666666665,True
2025-03-13 09:00:00,10.6,93,4.138888888888889,True
2025-03-13 10:00:00,12.1,79,4.916666666666666,True
2025-03-13 11:00:00,12.4,79,4.416666666666667,True
2025-03-13 12:00:00,14.1,69,5.444444444444445,True
2025-03-13 13:00:00,12.9,79,5.972222222222222,True
2025-03-13 14:00:00,13.7,69,6.277777777777778,True
2025-03-13 15:00:00,14.9,58,6.055555555555555,True
2025-03-13 16:00:00,14.2,60,6.222222222222221,True
2025-03-13 17:00:00,13.8,60,6.972222222222222,True
2025-03-13 18:00:00,12.9,65,5.472222222222222,True
2025-03-13 19:00:00,11.9,74,3.2499999999999996,True
2025-03-13 20:00:00,11.2,80,2.5277777777777777,True
2025-03-13 21:00:00,10.6,83,1.4444444444444444,True
2025-03-13 22:00:00,9.9,90,2.888888888888889,True
2025-03-13 23:00:00,9.7,96,1.5,True
2025-03-14 00:00:00,9.9,95,1.3611111111111112,True
2025-03-14 01:00:00,10.6,96,1.9166666666666667,True
2025-03-14 02:00:00,10.4,96,1.0,True
2025-03-14 03:00:00,10.1,98,2.5277777777777777,True
2025-03-14 04:00:00,9.9,98,2.2222222222222223,True
2025-03-14 05:00:00,9.6,98,2.361111111111111,True
2025-03-14 06:00:00,9.7,97,2.0833333333333335,True
2025-03-14 07:00:00,10.2,97,2.305555555555556,True
2025-03-14 08:00:00,10.9,97,2.9166666666666665,True
2025-03-14 09:00:00,12.0,97,4.25,True
2025-03-14 10:00:00,13.8,87,10.25,True
2025-03-14 11:00:00,14.8,72,9.944444444444443,True
2025-03-14 12:00:00,16.2,72,6.666666666666666,True
2025-03-14 13:00:00,14.4,75,7.722222222222222,True
2025-03-14 14:00:00,14.3,79,5.944444444444444,True
2025-03-14 15:00:00,13.7,82,4.555555555555555,True
2025-03-14 16:00:00,12.9,90,2.3333333333333335,True
2025-03-14 17:00:00,12.1,96,2.0277777777777777,True
2025-03-14 18:00:00,11.8,97,2.611111111111111,True
2025-03-14 19:00:00,11.7,97,1.9444444444444444,True
2025-03-14 20:00:00,11.4,97,1.25,True
2025-03-14 21:00:00,11.6,95,1.4444444444444444,True
2025-03-14 22:00:00,11.8,95,1.5555555555555554,True
2025-03-14 23:00:00,11.5,97,1.6388888888888888,True
2025-03-15 00:00:00,11.2,95,2.7777777777777777,True
2025-03-15 01:00:00,11.1,87,4.166666666666667,True
2025-03-15 02:00:00,10.6,83,4.333333333333333,True
2025-03-15 03:00:00,10.4,87,4.083333333333333,True
2025-03-15 04:00:00,10.5,85,4.388888888888889,True
2025-03-15 05:00:00,10.1,79,4.861111111111111,True
2025-03-15 06:00:00,9.0,83,5.638888888888889,True
2025-03-15 07:00:00,9.3,77,5.472222222222222,True
2025-03-15 08:00:00,9.8,80,6.611111111111111,True
2025-03-15 09:00:00,11.2,78,4.916666666666666,True
2025-03-15 10:00:00,10.0,88,4.916666666666666,True
2025-03-15 11:00:00,9.7,93,5.444444444444445,True
2025-03-15 12:00:00,11.6,74,4.833333333333333,True
2025-03-15 13:00:00,13.4,64,5.388888888888888,True
2025-03-15 14:00:00,14.4,61,4.388888888888889,True
2025-03-15 15:00:00,14.2,60,4.638888888888888,True
2025-03-15 16:00:00,12.7,64,5.555555555555555,True
2025-03-15 17:00:00,11.2,69,5.444444444444445,True
2025-03-15 18:00:00,10.4,70,5.861111111111112,True
2025-03-15 19:00:00,9.9,72,6.944444444444445,True
2025-03-15 20:00:00,9.5,73,7.138888888888888,True
2025-03-15 21:00:00,9.8,71,7.638888888888888,True
2025-03-15 22:00:00,9.3,76,6.972222222222222,True
2025-03-15 23:00:00,8.1,93,5.305555555555556,True
2025-03-16 00:00:00,8.1,95,5.083333333333333,True
2025-03-16 01:00:00,8.9,94,5.611111111111111,True
2025-03-16 02:00:00,8.9,89,6.166666666666666,True
2025-03-16 03:00:00,8.8,83,6.222222222222221,True
2025-03-16 04:00:00,8.7,77,5.944444444444444,True
2025-03-16 05:00:00,9.2,73,5.611111111111111,True
2025-03-16 06:00:00,8.9,78,5.083333333333333,True
2025-03-16 07:00:00,7.9,94,4.305555555555555,True
2025-03-16 08:00:00,8.0,96,5.0,True
2025-03-16 09:00:00,8.6,91,4.861111111111111,True
2025-03-16 10:00:00,11.0,76,3.1666666666666665,True
2025-03-16 11:00:00,13.9,63,3.2777777777777777,True
2025-03-16 12:00:00,13.4,70,4.638888888888888,True
2025-03-16 13:00:00,12.7,78,4.138888888888889,True
2025-03-16 14:00:00,13.0,65,4.194444444444445,True
2025-03-16 15:00:00,13.0,61,3.416666666666667,True
2025-03-16 16:00:00,12.6,59,2.833333333333333,True
2025-03-16 17:00:00,10.6,69,1.1666666666666667,True
2025-03-16 18:00:00,10.0,67,0.19444444444444442,True
2025-03-16 19:00:00,9.0,69,0.3611111111111111,True
2025-03-16 20:00:00,8.6,70,0.8611111111111112,True
2025-03-16 21:00:00,8.8,68,1.4166666666666665,True
2025-03-16 22:00:00,7.4,73,2.75,True
2025-03-16 23:00:00,7.0,74,3.3055555555555554,True
2025-03-17 00:00:00,6.7,77,2.944444444444444,True
2025-03-17 01:00:00,7.0,76,3.1666666666666665,True
2025-03-17 02:00:00,7.0,76,3.0277777777777777,True
2025-03-17 03:00:00,8.0,73,3.0,True
2025-03-17 04:00:00,8.3,71,2.861111111111111,True
2025-03-17 05:00:00,8.4,72,3.3055555555555554,True
2025-03-17 06:00:00,7.9,76,4.166666666666667,True
2025-03-17 07:00:00,8.3,73,4.444444444444445,True
2025-03-17 08:00:00,9.2,67,6.027777777777778,True
2025-03-17 09:00:00,9.4,70,5.444444444444445,True
2025-03-17 10:00:00,10.4,63,4.75,True
2025-03-17 11:00:00,11.0,59,4.0,True
2025-03-17 12:00:00,12.0,52,2.861111111111111,True
2025-03-17 13:00:00,12.0,48,2.2222222222222223,True
2025-03-17 14:00:00,12.1,46,4.222222222222222,True
2025-03-17 15:00:00,10.0,61,3.5833333333333335,True
2025-03-17 16:00:00,10.4,52,3.9166666666666665,True
2025-03-17 17:00:00,9.6,52,5.5,True
2025-03-17 18:00:00,7.4,60,6.944444444444445,True
2025-03-17 19:00:00,6.3,66,6.694444444444445,True
2025-03-17 20:00:00,5.7,59,7.138888888888888,True
2025-03-17 21:00:00,5.2,46,7.861111111111111,True
2025-03-17 22:00:00,4.6,40,8.277777777777779,True
2025-03-17 23:00:00,4.1,39,7.833333333333333,True
2025-03-18 00:00:00,3.6,37,7.888888888888888,True
2025-03-18 01:00:00,4.1,40,8.805555555555555,True
2025-03-18 02:00:00,3.7,40,8.944444444444445,True
2025-03-18 03:00:00,2.9,45,8.36111111111111,True
2025-03-18 04:00:00,2.6,44,7.861111111111111,True
2025-03-18 05:00:00,2.4,42,7.166666666666667,True
2025-03-18 06:00:00,2.5,42,5.833333333333333,True
2025-03-18 07:00:00,3.5,40,4.666666666666667,True
2025-03-18 08:00:00,4.7,33,6.527777777777778,True
2025-03-18 09:00:00,5.7,31,6.277777777777778,True
2025-03-18 10:00:00,6.8,31,5.666666666666666,True
2025-03-18 11:00:00,7.8,29,5.166666666666667,True
2025-03-18 12:00:00,8.6,27,5.194444444444444,True
2025-03-18 13:00:00,8.8,29,5.527777777777778,True
2025-03-18 14:00:00,9.2,27,5.305555555555556,True
2025-03-18 15:00:00,9.0,27,5.0,True
2025-03-18 16:00:00,8.3,28,4.916666666666666,True
2025-03-18 17:00:00,7.0,33,4.416666666666667,True
2025-03-18 18:00:00,5.6,35,4.194444444444445,True
2025-03-18 19:00:00,4.4,39,4.138888888888889,True
2025-03-18 20:00:00,3.4,41,4.027777777777778,True
2025-03-18 21:00:00,2.8,43,4.333333333333333,True
2025-03-18 22:00:00,2.9,42,4.805555555555555,True
2025-03-18 23:00:00,2.9,42,4.805555555555555,True
2025-03-19 00:00:00,2.7,43,4.25,True
2025-03-19 01:00:00,2.7,48,4.111111111111112,True
2025-03-19 02:00:00,2.2,50,4.194444444444445,True
2025-03-19 03:00:00,1.9,51,4.083333333333333,True
2025-03-19 04:00:00,1.7,51,3.9722222222222223,True
2025-03-19 05:00:00,1.4,52,3.7777777777777777,True
2025-03-19 06:00:00,1.9,53,3.6944444444444446,True
2025-03-19 07:00:00,4.4,48,3.555555555555556,True
2025-03-19 08:00:00,7.1,40,2.7222222222222223,True
2025-03-19 09:00:00,9.3,33,1.5555555555555554,True
2025-03-19 10:00:00,10.7,29,1.1666666666666667,True
2025-03-19 11:00:00,11.4,31,2.25,True
2025-03-19 12:00:00,11.4,36,3.0,True
2025-03-19 13:00:00,12.1,35,2.833333333333333,True
2025-03-19 14:00:00,11.5,40,2.694444444444444,True
2025-03-19 15:00:00,10.8,42,2.25,True
2025-03-19 16:00:00,9.8,44,1.5833333333333333,True
2025-03-19 17:00:00,7.0,61,1.0833333333333333,True
2025-03-19 18:00:00,6.0,61,0.8611111111111112,True
2025-03-19 19:00:00,5.3,61,0.8055555555555555,True
2025-03-19 20:00:00,4.5,60,1.0555555555555556,True
2025-03-19 21:00:00,4.6,59,1.75,True
2025-03-19 22:00:00,2.8,67,1.8611111111111112,True
2025-03-19 23:00:00,1.6,73,1.972222222222222,True
2025-03-20 00:00:00,0.9,76,1.9444444444444444,True
2025-03-20 01:00:00,1.1,77,1.9444444444444444,True
2025-03-20 02:00:00,1.0,78,1.9166666666666667,True
2025-03-20 03:00:00,1.1,77,1.8333333333333333,True
2025-03-20 04:00:00,1.3,76,1.6666666666666665,True
2025-03-20 05:00:00,1.7,74,1.5555555555555554,True
2025-03-20 06:00:00,3.6,69,1.75,True
2025-03-20 07:00:00,7.6,61,1.6944444444444442,True
2025-03-20 08:00:00,9.6,54,0.5277777777777778,True
2025-03-20 09:00:00,10.7,55,0.888888888888889,True
2025-03-20 10:00:00,11.6,51,1.8055555555555556,True
2025-03-20 11:00:00,12.0,50,2.8055555555555554,True
2025-03-20 12:00:00,12.2,50,3.222222222222222,True
2025-03-20 13:00:00,11.9,49,3.194444444444444,True
2025-03-20 14:00:00,11.6,48,2.861111111111111,True
2025-03-20 15:00:00,10.9,50,2.1944444444444446,True
2025-03-20 16:00:00,10.2,51,1.2777777777777777,True
2025-03-20 17:00:00,7.6,67,0.75,True
2025-03-20 18:00:00,6.4,71,0.6666666666666666,True
2025-03-20 19:00:00,6.5,67,0.41666666666666663,True
2025-03-20 20:00:00,5.9,62,1.0,True
2025-03-20 21:00:00,6.1,55,1.1666666666666667,True
2025-03-20 22:00:00,5.2,60,1.4444444444444444,True
2025-03-20 23:00:00,4.4,67,1.5555555555555554,True
2025-03-21 00:00:00,4.1,71,1.5555555555555554,True
2025-03-21 01:00:00,5.6,71,0.8611111111111112,True
2025-03-21 02:00:00,6.2,69,1.2777777777777777,True
2025-03-21 03:00:00,5.5,72,1.611111111111111,True
2025-03-21 04:00:00,4.7,73,1.8055555555555556,True
2025-03-21 05:00:00,4.0,74,1.9166666666666667,True
2025-03-21 06:00:00,4.7,72,1.9166666666666667,True
2025-03-21 07:00:00,8.7,65,1.75,True
2025-03-21 08:00:00,10.8,48,0.9444444444444444,True
2025-03-21 09:00:00,12.0,47,1.3888888888888888,True
2025-03-21 10:00:00,12.6,49,2.0833333333333335,True
2025-03-21 11:00:00,13.3,53,1.8055555555555556,True
2025-03-21 12:00:00,14.1,55,2.5,True
2025-03-21 13:00:00,13.4,58,3.5,True
2025-03-21 14:00:00,13.0,63,2.888888888888889,True
2025-03-21 15:00:00,12.3,69,2.138888888888889,True
2025-03-21 16:00:00,11.7,72,1.4444444444444444,True
2025-03-21 17:00:00,10.8,80,0.41666666666666663,True
2025-03-21 18:00:00,10.3,80,0.41666666666666663,True
2025-03-21 19:00:00,10.4,81,1.0,True
2025-03-21 20:00:00,10.2,83,0.9444444444444444,True
2025-03-21 21:00:00,10.2,84,0.5833333333333334,True
2025-03-21 22:00:00,10.0,86,0.3611111111111111,True
2025-03-21 23:00:00,9.9,87,0.3055555555555556,True
2025-03-22 00:00:00,10.2,85,0.6666666666666666,True
2025-03-22 01:00:00,10.9,82,1.027777777777778,True
2025-03-22 02:00:00,11.0,79,0.9444444444444444,True
2025-03-22 03:00:00,10.9,78,0.75,True
2025-03-22 04:00:00,10.3,83,0.8055555555555555,True
2025-03-22 05:00:00,9.7,88,1.5,True
2025-03-22 06:00:00,9.3,97,1.75,True
2025-03-22 07:00:00,9.6,99,2.1944444444444446,True
2025-03-22 08:00:00,10.2,98,1.6666666666666665,True
2025-03-22 09:00:00,11.6,88,2.388888888888889,True
2025-03-22 10:00:00,12.4,82,3.3611111111111107,True
2025-03-22 11:00:00,12.4,83,3.9166666666666665,True
2025-03-22 12:00:00,12.5,87,2.861111111111111,True
2025-03-22 13:00:00,11.6,95,1.5277777777777777,True
2025-03-22 14:00:00,11.7,94,0.6388888888888888,True
2025-03-22 15:00:00,11.4,99,1.0555555555555556,True
2025-03-22 16:00:00,11.6,99,0.2777777777777778,True
2025-03-22 17:00:00,11.4,98,1.4444444444444444,True
2025-03-22 18:00:00,11.4,98,2.388888888888889,True
2025-03-22 19:00:00,11.4,98,2.361111111111111,True
2025-03-22 20:00:00,11.4,98,2.305555555555556,True
2025-03-22 21:00:00,11.3,96,1.5,True
2025-03-22 22:00:00,11.4,93,1.1944444444444444,True
2025-03-22 23:00:00,11.3,95,1.5555555555555554,True
2025-03-23 00:00:00,11.7,96,3.7222222222222223,True
2025-03-23 01:00:00,11.3,96,1.4444444444444444,True
2025-03-23 02:00:00,12.2,96,6.222222222222221,True
2025-03-23 03:00:00,12.6,92,6.611111111111111,True
2025-03-23 04:00:00,12.8,93,6.944444444444445,True
2025-03-23 05:00:00,12.9,91,7.055555555555555,True
2025-03-23 06:00:00,13.0,92,6.305555555555555,True
2025-03-23 07:00:00,13.8,86,5.805555555555555,True
2025-03-23 08:00:00,13.5,93,5.555555555555555,True
2025-03-23 09:00:00,14.6,84,4.888888888888889,True
2025-03-23 10:00:00,15.1,79,4.138888888888889,True
2025-03-23 11:00:00,14.9,79,3.888888888888889,True
2025-03-23 12:00:00,15.3,83,3.7777777777777777,True
2025-03-23 13:00:00,12.9,95,1.75,True
2025-03-23 14:00:00,12.3,89,1.7222222222222223,True
2025-03-23 15:00:00,11.7,88,3.1111111111111107,True
2025-03-23 16:00:00,12.1,87,2.5833333333333335,True
2025-03-23 17:00:00,11.8,89,2.2777777777777777,True
2025-03-23 18:00:00,10.1,93,1.5,True
2025-03-23 19:00:00,10.9,94,0.6666666666666666,True
2025-03-23 20:00:00,10.6,94,2.4444444444444446,True
2025-03-23 21:00:00,9.8,98,1.9444444444444444,True
2025-03-23 22:00:00,9.9,99,2.0,True
2025-03-23 23:00:00,10.1,98,2.138888888888889,True
2025-03-24 00:00:00,9.9,97,1.5555555555555554,True
2025-03-24 01:00:00,11.2,98,1.5,True
2025-03-24 02:00:00,11.0,97,2.0277777777777777,True
2025-03-24 03:00:00,10.9,98,1.1388888888888888,True
2025-03-24 04:00:00,10.8,97,2.0277777777777777,True
2025-03-24 05:00:00,10.4,96,3.1666666666666665,True
2025-03-24 06:00:00,11.0,96,2.055555555555556,True
2025-03-24 07:00:00,12.5,96,1.1388888888888888,True
2025-03-24 08:00:00,12.8,97,1.8611111111111112,True
2025-03-24 09:00:00,13.6,89,1.6944444444444442,True
2025-03-24 10:00:00,14.9,77,2.0277777777777777,True
2025-03-24 11:00:00,15.4,76,2.5,True
2025-03-24 12:00:00,15.3,76,2.833333333333333,True
2025-03-24 13:00:00,16.1,76,2.638888888888889,True
2025-03-24 14:00:00,15.7,77,2.611111111111111,True
2025-03-24 15:00:00,15.0,78,2.2222222222222223,True
2025-03-24 16:00:00,14.2,79,1.3055555555555556,True
2025-03-24 17:00:00,12.3,89,0.19444444444444442,True
2025-03-24 18:00:00,10.8,90,0.38888888888888884,True
2025-03-24 19:00:00,11.1,86,1.1388888888888888,True
2025-03-24 20:00:00,9.7,88,1.4166666666666665,True
2025-03-24 21:00:00,8.2,92,1.5277777777777777,True
2025-03-24 22:00:00,7.3,92,1.3333333333333333,True
2025-03-24 23:00:00,7.0,90,1.5,True
2025-03-25 00:00:00,6.5,92,1.5833333333333333,True
2025-03-25 01:00:00,9.2,84,0.7777777777777777,True
2025-03-25 02:00:00,8.7,88,1.5277777777777777,True
2025-03-25 03:00:00,7.0,93,2.388888888888889,True
2025-03-25 04:00:00,6.9,91,3.0277777777777777,True
2025-03-25 05:00:00,7.6,89,3.3888888888888884,True
2025-03-25 06:00:00,8.8,85,3.416666666666667,True
2025-03-25 07:00:00,11.8,79,2.4722222222222223,True
2025-03-25 08:00:00,14.7,73,0.22222222222222224,True
2025-03-25 09:00:00,15.6,71,1.5277777777777777,True
2025-03-25 10:00:00,15.4,76,2.25,True
2025-03-25 11:00:00,13.9,82,2.25,True
2025-03-25 12:00:00,15.2,68,0.3055555555555556,True
2025-03-25 13:00:00,15.3,72,2.861111111111111,True
2025-03-25 14:00:00,14.2,81,2.1944444444444446,True
2025-03-25 15:00:00,14.7,77,1.25,True
2025-03-25 16:00:00,14.1,81,1.0833333333333333,True
2025-03-25 17:00:00,12.9,89,0.5555555555555556,True
2025-03-25 18:00:00,11.4,89,0.4722222222222222,True
2025-03-25 19:00:00,10.8,87,1.472222222222222,True
2025-03-25 20:00:00,9.5,89,2.4444444444444446,True
2025-03-25 21:00:00,8.8,88,2.888888888888889,True
2025-03-25 22:00:00,7.9,90,2.944444444444444,True
2025-03-25 23:00:00,7.5,90,2.972222222222222,True
2025-03-26 00:00:00,7.4,90,3.0555555555555554,True
2025-03-26 01:00:00,8.0,95,2.2777777777777777,True
2025-03-26 02:00:00,8.2,93,3.083333333333333,True
2025-03-26 03:00:00,8.5,92,3.75,True
2025-03-26 04:00:00,8.7,90,3.7777777777777777,True
2025-03-26 05:00:00,8.6,88,3.9166666666666665,True
2025-03-26 06:00:00,9.7,83,4.277777777777778,True
2025-03-26 07:00:00,12.6,75,3.861111111111111,True
2025-03-26 08:00:00,14.9,62,4.361111111111111,True
2025-03-26 09:00:00,16.2,55,5.361111111111112,True
2025-03-26 10:00:00,17.4,47,5.833333333333333,True
2025-03-26 11:00:00,18.0,44,5.888888888888888,True
2025-03-26 12:00:00,17.6,47,6.083333333333333,True
2025-03-26 13:00:00,18.3,45,5.555555555555555,True
2025-03-26 14:00:00,16.8,49,6.499999999999999,True
2025-03-26 15:00:00,17.1,49,5.361111111111112,True
2025-03-26 16:00:00,16.6,51,5.194444444444444,True
2025-03-26 17:00:00,15.3,56,4.833333333333333,True
2025-03-26 18:00:00,14.2,61,4.194444444444445,True
2025-03-26 19:00:00,13.9,61,3.8333333333333335,True
2025-03-26 20:00:00,13.2,63,3.2499999999999996,True
2025-03-26 21:00:00,11.7,71,2.305555555555556,True
2025-03-26 22:00:00,11.4,72,2.5833333333333335,True
2025-03-26 23:00:00,10.7,74,2.611111111111111,True
2025-03-27 00:00:00,10.4,75,2.4722222222222223,True
2025-03-27 01:00:00,11.5,74,2.4444444444444446,True
2025-03-27 02:00:00,10.8,80,1.8055555555555556,True
2025-03-27 03:00:00,10.6,81,1.5277777777777777,True
2025-03-27 04:00:00,10.7,78,2.25,True
2025-03-27 05:00:00,10.7,74,2.2222222222222223,True
2025-03-27 06:00:00,11.3,70,2.694444444444444,True
2025-03-27 07:00:00,12.2,64,2.4166666666666665,True
2025-03-27 08:00:00,13.5,51,3.194444444444444,True
2025-03-27 09:00:00,14.8,48,4.0,True
2025-03-27 10:00:00,16.8,40,6.444444444444444,True
2025-03-27 11:00:00,18.0,36,7.361111111111111,True
2025-03-27 12:00:00,18.1,38,7.722222222222222,True
2025-03-27 13:00:00,18.1,38,7.277777777777778,True
2025-03-27 14:00:00,16.7,50,5.416666666666667,True
2025-03-27 15:00:00,16.4,49,4.888888888888889,True
2025-03-27 16:00:00,14.5,63,4.916666666666666,True
2025-03-27 17:00:00,13.7,68,5.972222222222222,True
2025-03-27 18:00:00,13.7,63,6.527777777777778,True
2025-03-27 19:00:00,13.0,69,5.333333333333333,True
2025-03-27 20:00:00,11.8,83,2.638888888888889,True
2025-03-27 21:00:00,11.0,92,1.6666666666666665,True
2025-03-27 22:00:00,10.7,90,0.4722222222222222,True
2025-03-27 23:00:00,10.7,84,1.25,True
2025-03-28 00:00:00,10.1,87,1.4166666666666665,True
2025-03-28 01:00:00,12.4,68,1.5555555555555554,True
2025-03-28 02:00:00,11.5,68,2.305555555555556,True
2025-03-28 03:00:00,11.2,73,2.361111111111111,True
2025-03-28 04:00:00,10.5,81,2.388888888888889,True
2025-03-28 05:00:00,9.6,90,2.138888888888889,True
2025-03-28 06:00:00,9.8,93,2.3333333333333335,True
2025-03-28 07:00:00,10.2,94,1.3333333333333333,True
2025-03-28 08:00:00,10.8,92,0.5555555555555556,True
2025-03-28 09:00:00,11.1,97,1.027777777777778,True
2025-03-28 10:00:00,12.1,92,2.9166666666666665,True
2025-03-28 11:00:00,13.3,85,3.0555555555555554,True
2025-03-28 12:00:00,13.9,73,2.4444444444444446,True
2025-03-28 13:00:00,13.5,77,3.0555555555555554,True
2025-03-28 14:00:00,13.3,74,4.027777777777778,True
2025-03-28 15:00:00,13.3,78,3.861111111111111,True
2025-03-28 16:00:00,13.0,79,1.972222222222222,True
2025-03-28 17:00:00,12.5,82,0.16666666666666666,True
2025-03-28 18:00:00,11.7,82,1.3333333333333333,True
2025-03-28 19:00:00,11.1,91,2.0277777777777777,True
2025-03-28 20:00:00,10.6,93,1.5833333333333333,True
2025-03-28 21:00:00,10.1,92,1.8888888888888888,True
2025-03-28 22:00:00,9.8,92,0.888888888888889,True
2025-03-28 23:00:00,10.1,89,0.5277777777777778,True
2025-03-29 00:00:00,10.5,88,1.1944444444444444,True
2025-03-29 01:00:00,11.5,79,3.0,True
2025-03-29 02:00:00,11.2,81,1.25,True
2025-03-29 03:00:00,11.2,78,1.8888888888888888,True
2025-03-29 04:00:00,11.3,76,2.9166666666666665,True
2025-03-29 05:00:00,11.3,77,3.2499999999999996,True
2025-03-29 06:00:00,11.7,76,3.222222222222222,True
2025-03-29 07:00:00,12.8,70,3.7777777777777777,True
2025-03-29 08:00:00,13.4,69,3.3611111111111107,True
2025-03-29 09:00:00,12.9,78,2.861111111111111,True
2025-03-29 10:00:00,12.5,84,2.1944444444444446,True
2025-03-29 11:00:00,13.1,79,1.5277777777777777,True
2025-03-29 12:00:00,13.5,83,1.3888888888888888,True
2025-03-29 13:00:00,12.1,95,2.5,True
2025-03-29 14:00:00,11.9,84,5.0,True
2025-03-29 15:00:00,12.1,79,5.222222222222222,True
2025-03-29 16:00:00,12.2,76,4.333333333333333,True
2025-03-29 17:00:00,12.1,74,2.75,True
2025-03-29 18:00:00,11.4,76,1.5833333333333333,True
2025-03-29 19:00:00,10.6,80,1.5555555555555554,True
2025-03-29 20:00:00,10.2,82,1.75,True
2025-03-29 21:00:00,9.4,84,2.1944444444444446,True
2025-03-29 22:00:00,8.9,83,2.5833333333333335,True
2025-03-29 23:00:00,8.6,82,3.3888888888888884,True
2025-03-30 00:00:00,9.6,76,4.027777777777778,True
2025-03-30 01:00:00,10.8,65,4.055555555555555,True
2025-03-30 02:00:00,10.8,65,3.1666666666666665,True
2025-03-30 03:00:00,10.4,66,3.0277777777777777,True
2025-03-30 04:00:00,9.9,68,2.944444444444444,True
2025-03-30 05:00:00,9.5,72,2.5,True
2025-03-30 06:00:00,10.4,72,2.611111111111111,True
2025-03-30 07:00:00,13.2,65,2.833333333333333,True
2025-03-30 08:00:00,14.0,59,3.3888888888888884,True
2025-03-30 09:00:00,15.3,53,2.8055555555555554,True
2025-03-30 10:00:00,16.2,50,2.1944444444444446,True
2025-03-30 11:00:00,17.7,46,0.6388888888888888,True
2025-03-30 12:00:00,18.6,45,1.1111111111111112,True
2025-03-30 13:00:00,17.9,51,3.3611111111111107,True
2025-03-30 14:00:00,17.6,54,3.1666666666666665,True
2025-03-30 15:00:00,17.0,57,3.3055555555555554,True
2025-03-30 16:00:00,16.6,58,2.0833333333333335,True
2025-03-30 17:00:00,15.2,65,1.611111111111111,True
2025-03-30 18:00:00,13.6,71,1.1111111111111112,True
2025-03-30 19:00:00,13.1,72,0.3611111111111111,True
2025-03-30 20:00:00,12.6,74,0.9166666666666666,True
2025-03-30 21:00:00,12.8,73,1.1666666666666667,True
2025-03-30 22:00:00,11.4,84,2.4444444444444446,True
2025-03-30 23:00:00,9.8,95,2.8055555555555554,True
2025-03-31 00:00:00,9.3,92,3.2777777777777777,True
2025-03-31 01:00:00,11.1,92,3.944444444444444,True
2025-03-31 02:00:00,10.8,83,3.3055555555555554,True
2025-03-31 03:00:00,9.5,85,2.1944444444444446,True
2025-03-31 04:00:00,8.3,88,2.4722222222222223,True
2025-03-31 05:00:00,7.7,90,3.2499999999999996,True
2025-03-31 06:00:00,9.2,84,3.333333333333333,True
2025-03-31 07:00:00,12.3,74,2.861111111111111,True
2025-03-31 08:00:00,14.0,51,3.4722222222222223,True
2025-03-31 09:00:00,14.9,41,3.333333333333333,True
2025-03-31 10:00:00,15.6,41,2.111111111111111,True
2025-03-31 11:00:00,16.0,41,2.1666666666666665,True
2025-03-31 12:00:00,16.3,42,2.1666666666666665,True
2025-03-31 13:00:00,16.5,33,3.1111111111111107,True
2025-03-31 14:00:00,15.9,31,5.416666666666667,True
2025-03-31 15:00:00,15.0,37,5.472222222222222,True
2025-03-31 16:00:00,14.3,40,4.166666666666667,True
2025-03-31 17:00:00,13.4,44,4.111111111111112,True
2025-03-31 18:00:00,11.8,45,4.25,True
2025-03-31 19:00:00,9.9,51,2.9166666666666665,True
2025-03-31 20:00:00,7.8,62,2.0277777777777777,True
2025-03-31 21:00:00,6.4,68,1.611111111111111,True
2025-03-31 22:00:00,5.8,69,1.5,True
2025-03-31 23:00:00,5.5,68,1.6666666666666665,True
2025-04-01 00:00:00,5.6,66,1.3888888888888888,True
2025-04-01 01:00:00,6.2,71,1.9166666666666667,True
2025-04-01 02:00:00,5.9,71,2.055555555555556,True
2025-04-01 03:00:00,5.9,71,1.8055555555555556,True
2025-04-01 04:00:00,6.3,69,1.6388888888888888,True
2025-04-01 05:00:00,6.1,69,1.611111111111111,True
2025-04-01 06:00:00,8.3,62,3.4722222222222223,True
2025-04-01 07:00:00,10.8,47,5.388888888888888,True
2025-04-01 08:00:00,12.3,44,6.555555555555555,True
2025-04-01 09:00:00,13.2,44,8.694444444444445,True
2025-04-01 10:00:00,13.9,43,10.944444444444445,True
2025-04-01 11:00:00,14.3,43,11.0,True
2025-04-01 12:00:00,14.1,45,9.805555555555555,True
2025-04-01 13:00:00,14.6,44,9.166666666666666,True
2025-04-01 14:00:00,14.5,44,10.666666666666666,True
2025-04-01 15:00:00,13.9,47,11.0,True
2025-04-01 16:00:00,13.4,49,11.13888888888889,True
2025-04-01 17:00:00,13.0,50,11.416666666666666,True
2025-04-01 18:00:00,12.9,49,11.055555555555555,True
2025-04-01 19:00:00,13.3,47,8.805555555555555,True
2025-04-01 20:00:00,12.8,51,6.972222222222222,True
2025-04-01 21:00:00,12.8,50,6.333333333333333,True
2025-04-01 22:00:00,12.3,53,5.638888888888889,True
2025-04-01 23:00:00,12.1,56,4.777777777777778,True
2025-04-02 00:00:00,12.1,55,5.222222222222222,True
2025-04-02 01:00:00,12.6,56,4.583333333333333,True
2025-04-02 02:00:00,11.9,58,3.8055555555555554,True
2025-04-02 03:00:00,11.2,61,3.7222222222222223,True
2025-04-02 04:00:00,11.0,61,3.333333333333333,True
2025-04-02 05:00:00,11.0,61,2.4166666666666665,True
2025-04-02 06:00:00,11.7,61,3.0555555555555554,True
2025-04-02 07:00:00,13.3,56,3.7222222222222223,True
2025-04-02 08:00:00,14.6,50,7.611111111111111,True
2025-04-02 09:00:00,15.8,47,9.75,True
2025-04-02 10:00:00,17.0,43,9.583333333333334,True
2025-04-02 11:00:00,17.6,41,8.777777777777779,True
2025-04-02 12:00:00,18.0,41,7.833333333333333,True
2025-04-02 13:00:00,18.5,38,6.666666666666666,True
2025-04-02 14:00:00,18.6,37,6.166666666666666,True
2025-04-02 15:00:00,18.1,38,5.944444444444444,True
2025-04-02 16:00:00,17.2,42,5.583333333333334,True
2025-04-02 17:00:00,15.8,45,5.388888888888888,True
2025-04-02 18:00:00,14.4,49,5.166666666666667,True
2025-04-02 19:00:00,13.3,54,4.555555555555555,True
2025-04-02 20:00:00,12.5,58,3.9166666666666665,True
2025-04-02 21:00:00,12.1,61,4.194444444444445,True
2025-04-02 22:00:00,11.7,64,4.416666666666667,True
2025-04-02 23:00:00,11.3,65,4.305555555555555,True
2025-04-03 00:00:00,10.8,67,4.166666666666667,True
2025-04-03 01:00:00,11.1,69,3.6944444444444446,True
2025-04-03 02:00:00,10.6,72,3.888888888888889,True
2025-04-03 03:00:00,10.3,74,4.055555555555555,True
2025-04-03 04:00:00,9.6,76,3.8055555555555554,True
2025-04-03 05:00:00,9.2,78,3.138888888888889,True
2025-04-03 06:00:00,10.5,75,2.8055555555555554,True
2025-04-03 07:00:00,13.0,69,1.9444444444444444,True
2025-04-03 08:00:00,15.3,58,1.5,True
2025-04-03 09:00:00,16.8,49,1.472222222222222,True
2025-04-03 10:00:00,18.1,44,1.3333333333333333,True
2025-04-03 11:00:00,18.8,39,1.25,True
2025-04-03 12:00:00,19.1,43,2.361111111111111,True
2025-04-03 13:00:00,19.3,46,3.3055555555555554,True
2025-04-03 14:00:00,19.0,52,3.5277777777777777,True
2025-04-03 15:00:00,17.5,66,3.611111111111111,True
2025-04-03 16:00:00,16.1,69,2.75,True
2025-04-03 17:00:00,14.0,73,3.138888888888889,True
2025-04-03 18:00:00,12.5,76,2.3333333333333335,True
2025-04-03 19:00:00,12.4,75,2.388888888888889,True
2025-04-03 20:00:00,12.2,74,1.8611111111111112,True
2025-04-03 21:00:00,10.4,84,1.9166666666666667,True
2025-04-03 22:00:00,8.6,88,2.638888888888889,True
2025-04-03 23:00:00,9.0,70,3.8333333333333335,True
2025-04-04 00:00:00,9.0,62,3.9166666666666665,True
2025-04-04 01:00:00,8.5,67,3.138888888888889,True
2025-04-04 02:00:00,7.4,73,2.75,True
2025-04-04 03:00:00,7.0,74,3.0,True
2025-04-04 04:00:00,7.7,69,3.333333333333333,True
2025-04-04 05:00:00,8.0,68,3.3888888888888884,True
2025-04-04 06:00:00,9.8,66,3.1111111111111107,True
2025-04-04 07:00:00,14.1,64,2.1944444444444446,True
2025-04-04 08:00:00,17.3,47,2.0277777777777777,True
2025-04-04 09:00:00,18.8,39,2.25,True
2025-04-04 10:00:00,19.7,36,2.305555555555556,True
2025-04-04 11:00:00,20.2,34,2.75,True
2025-04-04 12:00:00,20.5,32,2.972222222222222,True
2025-04-04 13:00:00,20.9,29,2.111111111111111,True
2025-04-04 14:00:00,20.7,33,1.3888888888888888,True
2025-04-04 15:00:00,20.3,36,0.888888888888889,True
2025-04-04 16:00:00,19.4,46,0.3333333333333333,True
2025-04-04 17:00:00,17.4,63,0.6388888888888888,True
2025-04-04 18:00:00,14.6,63,2.361111111111111,True
2025-04-04 19:00:00,12.5,67,2.5,True
2025-04-04 20:00:00,10.8,73,2.1944444444444446,True
2025-04-04 21:00:00,9.4,78,2.361111111111111,True
2025-04-04 22:00:00,9.1,75,3.138888888888889,True
2025-04-04 23:00:00,9.2,72,3.222222222222222,True
2025-04-05 00:00:00,8.8,73,3.3055555555555554,True
2025-04-05 01:00:00,7.7,77,3.4444444444444446,True
2025-04-05 02:00:00,8.5,71,3.3611111111111107,True
2025-04-05 03:00:00,8.3,72,2.972222222222222,True
2025-04-05 04:00:00,8.1,72,3.222222222222222,True
2025-04-05 05:00:00,8.1,72,2.944444444444444,True
2025-04-05 06:00:00,10.5,68,2.694444444444444,True
2025-04-05 07:00:00,14.6,59,1.6944444444444442,True
2025-04-05 08:00:00,16.1,51,0.888888888888889,True
2025-04-05 09:00:00,16.8,52,1.3888888888888888,True
2025-04-05 10:00:00,17.4,52,2.055555555555556,True
2025-04-05 11:00:00,17.7,53,2.5555555555555554,True
2025-04-05 12:00:00,17.8,56,2.944444444444444,True
2025-04-05 13:00:00,18.3,52,3.2499999999999996,True
2025-04-05 14:00:00,17.9,56,2.833333333333333,True
2025-04-05 15:00:00,17.4,55,2.694444444444444,True
2025-04-05 16:00:00,16.7,55,1.3888888888888888,True
2025-04-05 17:00:00,15.1,70,0.6111111111111112,True
2025-04-05 18:00:00,13.9,65,0.5555555555555556,True
2025-04-05 19:00:00,14.0,61,1.3055555555555556,True
2025-04-05 20:00:00,12.0,73,1.9166666666666667,True
2025-04-05 21:00:00,10.3,82,2.2222222222222223,True
2025-04-05 22:00:00,9.3,86,2.0277777777777777,True
2025-04-05 23:00:00,9.0,86,2.361111111111111,True
2025-04-06 00:00:00,12.0,65,7.222222222222222,True
2025-04-06 01:00:00,12.8,52,8.805555555555555,True
2025-04-06 02:00:00,11.4,45,9.055555555555555,True
2025-04-06 03:00:00,10.3,47,10.388888888888888,True
2025-04-06 04:00:00,9.4,44,11.444444444444445,True
2025-04-06 05:00:00,8.4,47,12.222222222222221,True
2025-04-06 06:00:00,7.8,50,12.555555555555555,True
2025-04-06 07:00:00,7.6,48,12.972222222222223,True
2025-04-06 08:00:00,7.8,45,12.833333333333334,True
2025-04-06 09:00:00,7.5,46,12.972222222222223,True
2025-04-06 10:00:00,8.3,44,11.25,True
2025-04-06 11:00:00,10.0,40,8.944444444444445,True
2025-04-06 12:00:00,11.7,32,6.722222222222221,True
2025-04-06 13:00:00,13.5,29,7.222222222222222,True
2025-04-06 14:00:00,13.2,26,7.638888888888888,True
2025-04-06 15:00:00,13.2,22,7.138888888888888,True
2025-04-06 16:00:00,12.6,21,5.75,True
2025-04-06 17:00:00,11.4,25,3.6944444444444446,True
2025-04-06 18:00:00,9.9,24,3.222222222222222,True
2025-04-06 19:00:00,8.6,29,4.805555555555555,True
2025-04-06 20:00:00,7.4,34,6.638888888888888,True
2025-04-06 21:00:00,5.9,38,8.222222222222223,True
2025-04-06 22:00:00,5.0,40,8.0,True
2025-04-06 23:00:00,4.5,41,8.555555555555555,True
2025-04-07 00:00:00,4.2,41,7.166666666666667,True
2025-04-07 01:00:00,5.2,39,5.055555555555555,True
2025-04-07 02:00:00,4.9,40,4.666666666666667,True
2025-04-07 03:00:00,4.6,41,4.388888888888889,True
2025-04-07 04:00:00,4.2,43,4.277777777777778,True
2025-04-07 05:00:00,3.5,46,5.138888888888888,True
2025-04-07 06:00:00,4.4,46,5.583333333333334,True
2025-04-07 07:00:00,6.4,43,5.444444444444445,True
2025-04-07 08:00:00,8.2,39,4.166666666666667,True
2025-04-07 09:00:00,9.4,36,2.8055555555555554,True
2025-04-07 10:00:00,10.1,36,0.9722222222222222,True
2025-04-07 11:00:00,10.9,36,1.25,True
2025-04-07 12:00:00,10.1,42,4.111111111111112,True
2025-04-07 13:00:00,10.1,43,4.361111111111111,True
2025-04-07 14:00:00,10.4,44,3.3611111111111107,True
2025-04-07 15:00:00,10.7,46,2.4722222222222223,True
2025-04-07 16:00:00,10.6,46,1.7222222222222223,True
2025-04-07 17:00:00,9.3,64,0.6944444444444444,True
2025-04-07 18:00:00,7.8,64,0.3611111111111111,True
2025-04-07 19:00:00,7.5,61,0.3333333333333333,True
2025-04-07 20:00:00,6.4,64,0.6666666666666666,True
2025-04-07 21:00:00,6.0,65,1.8611111111111112,True
2025-04-07 22:00:00,5.4,56,2.9166666666666665,True
2025-04-07 23:00:00,5.2,50,3.1111111111111107,True
2025-04-08 00:00:00,5.0,52,2.7222222222222223,True
2025-04-08 01:00:00,5.7,53,2.111111111111111,True
2025-04-08 02:00:00,4.2,60,1.7222222222222223,True
2025-04-08 03:00:00,3.3,64,1.6388888888888888,True
2025-04-08 04:00:00,3.0,65,1.5833333333333333,True
2025-04-08 05:00:00,2.9,66,1.8888888888888888,True
2025-04-08 06:00:00,6.2,65,2.1666666666666665,True
2025-04-08 07:00:00,9.7,55,0.6388888888888888,True
2025-04-08 08:00:00,10.8,53,1.5555555555555554,True
2025-04-08 09:00:00,11.5,52,2.055555555555556,True
2025-04-08 10:00:00,12.1,51,2.3333333333333335,True
2025-04-08 11:00:00,11.6,53,3.3055555555555554,True
2025-04-08 12:00:00,12.7,52,3.1666666666666665,True
2025-04-08 13:00:00,13.6,43,3.611111111111111,True
2025-04-08 14:00:00,13.3,48,3.75,True
2025-04-08 15:00:00,12.7,57,3.638888888888889,True
2025-04-08 16:00:00,12.0,59,2.4722222222222223,True
2025-04-08 17:00:00,10.8,75,0.5833333333333334,True
2025-04-08 18:00:00,9.3,74,1.3333333333333333,True
2025-04-08 19:00:00,8.4,74,1.0555555555555556,True
2025-04-08 20:00:00,7.7,70,1.1388888888888888,True
2025-04-08 21:00:00,6.3,76,1.8055555555555556,True
2025-04-08 22:00:00,5.2,81,2.111111111111111,True
2025-04-08 23:00:00,4.8,81,1.9444444444444444,True
2025-04-09 00:00:00,4.3,81,1.972222222222222,True
2025-04-09 01:00:00,4.1,82,1.8611111111111112,True
2025-04-09 02:00:00,4.4,79,1.7222222222222223,True
2025-04-09 03:00:00,4.5,77,1.9166666666666667,True
2025-04-09 04:00:00,4.2,79,2.305555555555556,True
2025-04-09 05:00:00,4.4,78,2.3333333333333335,True
2025-04-09 06:00:00,7.8,72,2.0277777777777777,True
2025-04-09 07:00:00,11.0,64,0.8055555555555555,True
2025-04-09 08:00:00,12.1,63,0.9722222222222222,True
2025-04-09 09:00:00,13.0,56,1.5277777777777777,True
2025-04-09 10:00:00,13.7,47,2.0277777777777777,True
2025-04-09 11:00:00,14.0,41,2.25,True
2025-04-09 12:00:00,14.3,38,2.2777777777777777,True
2025-04-09 13:00:00,14.5,34,2.5833333333333335,True
2025-04-09 14:00:00,14.1,36,2.361111111111111,True
2025-04-09 15:00:00,13.8,41,1.611111111111111,True
2025-04-09 16:00:00,13.3,45,0.888888888888889,True
2025-04-09 17:00:00,11.8,62,0.8055555555555555,True
2025-04-09 18:00:00,10.5,55,1.2222222222222223,True
2025-04-09 19:00:00,11.0,51,1.3888888888888888,True
2025-04-09 20:00:00,10.0,58,2.0833333333333335,True
2025-04-09 21:00:00,8.7,73,2.0277777777777777,True
2025-04-09 22:00:00,7.6,75,3.0277777777777777,True
2025-04-09 23:00:00,6.2,78,3.3611111111111107,True
2025-04-10 00:00:00,5.5,78,3.333333333333333,True
2025-04-10 01:00:00,5.1,93,1.777777777777778,True
2025-04-10 02:00:00,4.7,92,1.8888888888888888,True
2025-04-10 03:00:00,4.3,89,1.8888888888888888,True
2025-04-10 04:00:00,4.0,87,1.9444444444444444,True
2025-04-10 05:00:00,4.3,84,2.305555555555556,True
2025-04-10 06:00:00,7.9,75,2.5,True
2025-04-10 07:00:00,12.1,62,1.4166666666666665,True
2025-04-10 08:00:00,14.1,51,0.11111111111111112,True
2025-04-10 09:00:00,15.1,49,1.6666666666666665,True
2025-04-10 10:00:00,15.6,46,2.611111111111111,True
2025-04-10 11:00:00,15.9,44,2.7222222222222223,True
2025-04-10 12:00:00,16.1,45,3.888888888888889,True
2025-04-10 13:00:00,15.7,48,3.3888888888888884,True
2025-04-10 14:00:00,15.2,51,2.861111111111111,True
2025-04-10 15:00:00,15.0,53,2.1944444444444446,True
2025-04-10 16:00:00,14.1,54,1.6944444444444442,True
2025-04-10 17:00:00,12.5,68,0.5833333333333334,True
2025-04-10 18:00:00,10.9,66,1.0,True
2025-04-10 19:00:00,10.8,64,1.75,True
2025-04-10 20:00:00,9.2,72,1.7222222222222223,True
2025-04-10 21:00:00,7.3,80,2.138888888888889,True
2025-04-10 22:00:00,6.5,81,2.833333333333333,True
2025-04-10 23:00:00,7.3,75,3.611111111111111,True
2025-04-11 00:00:00,7.0,75,3.194444444444444,True
2025-04-11 01:00:00,5.9,79,1.9444444444444444,True
2025-04-11 02:00:00,5.5,80,1.75,True
2025-04-11 03:00:00,5.0,80,2.305555555555556,True
2025-04-11 04:00:00,5.4,78,2.5555555555555554,True
2025-04-11 05:00:00,6.4,73,2.4722222222222223,True
2025-04-11 06:00:00,9.8,69,2.25,True
2025-04-11 07:00:00,14.1,59,1.5,True
2025-04-11 08:00:00,15.3,56,1.472222222222222,True
2025-04-11 09:00:00,15.9,54,1.972222222222222,True
2025-04-11 10:00:00,16.4,54,2.4166666666666665,True
2025-04-11 11:00:00,16.7,56,2.944444444444444,True
2025-04-11 12:00:00,16.6,57,2.9166666666666665,True
2025-04-11 13:00:00,16.9,57,2.305555555555556,True
2025-04-11 14:00:00,16.8,58,1.7222222222222223,True
2025-04-11 15:00:00,16.5,57,1.5,True
2025-04-11 16:00:00,15.9,58,0.8611111111111112,True
2025-04-11 17:00:00,14.7,72,0.19444444444444442,True
2025-04-11 18:00:00,12.4,71,0.6388888888888888,True
2025-04-11 19:00:00,12.8,68,1.75,True
2025-04-11 20:00:00,10.6,78,1.8611111111111112,True
2025-04-11 21:00:00,8.6,85,2.3333333333333335,True
2025-04-11 22:00:00,7.6,86,2.888888888888889,True
2025-04-11 23:00:00,7.8,82,2.833333333333333,True
2025-04-12 00:00:00,7.5,82,2.638888888888889,True
2025-04-12 01:00:00,7.4,84,2.055555555555556,True
2025-04-12 02:00:00,7.6,83,2.111111111111111,True
2025-04-12 03:00:00,7.5,82,2.138888888888889,True
2025-04-12 04:00:00,8.0,77,2.5,True
2025-04-12 05:00:00,9.3,70,3.75,True
2025-04-12 06:00:00,12.3,63,3.888888888888889,True
2025-04-12 07:00:00,14.9,60,4.694444444444444,True
2025-04-12 08:00:00,17.0,52,5.083333333333333,True
2025-04-12 09:00:00,18.8,47,4.527777777777778,True
2025-04-12 10:00:00,20.2,43,2.861111111111111,True
2025-04-12 11:00:00,21.2,40,0.3055555555555556,True
2025-04-12 12:00:00,19.8,51,3.3611111111111107,True
2025-04-12 13:00:00,18.9,52,2.4444444444444446,True
2025-04-12 14:00:00,18.7,52,1.9444444444444444,True
2025-04-12 15:00:00,17.2,57,1.777777777777778,True
2025-04-12 16:00:00,16.9,55,0.6666666666666666,True
2025-04-12 17:00:00,15.7,65,1.1944444444444444,True
2025-04-12 18:00:00,13.0,74,0.888888888888889,True
2025-04-12 19:00:00,13.2,70,1.4166666666666665,True
2025-04-12 20:00:00,11.1,78,1.4444444444444444,True
2025-04-12 21:00:00,9.8,84,1.9444444444444444,True
2025-04-12 22:00:00,9.3,84,2.1944444444444446,True
2025-04-12 23:00:00,9.5,77,2.638888888888889,True
2025-04-13 00:00:00,9.4,72,2.9166666666666665,True
2025-04-13 01:00:00,10.1,68,2.1666666666666665,True
2025-04-13 02:00:00,9.5,69,2.8055555555555554,True
2025-04-13 03:00:00,9.9,67,2.361111111111111,True
2025-04-13 04:00:00,9.7,70,2.1666666666666665,True
2025-04-13 05:00:00,9.8,72,2.1666666666666665,True
2025-04-13 06:00:00,12.1,69,1.972222222222222,True
2025-04-13 07:00:00,13.7,76,1.8888888888888888,True
2025-04-13 08:00:00,16.9,60,0.2777777777777778,True
2025-04-13 09:00:00,17.3,65,3.083333333333333,True
2025-04-13 10:00:00,16.1,81,2.1666666666666665,True
2025-04-13 11:00:00,16.0,83,0.6944444444444444,True
2025-04-13 12:00:00,15.9,76,3.138888888888889,True
2025-04-13 13:00:00,15.1,82,0.9444444444444444,True
2025-04-13 14:00:00,14.5,89,0.8611111111111112,True
2025-04-13 15:00:00,13.7,98,1.0555555555555556,True
2025-04-13 16:00:00,13.2,100,0.8611111111111112,True
2025-04-13 17:00:00,12.9,99,1.1111111111111112,True
2025-04-13 18:00:00,12.6,99,0.8055555555555555,True
2025-04-13 19:00:00,12.6,96,1.3055555555555556,True
2025-04-13 20:00:00,11.8,98,0.6666666666666666,True
2025-04-13 21:00:00,11.4,96,0.5833333333333334,True
2025-04-13 22:00:00,11.8,92,0.888888888888889,True
2025-04-13 23:00:00,11.6,97,1.1666666666666667,True
2025-04-14 00:00:00,11.7,97,0.6388888888888888,True
2025-04-14 01:00:00,12.5,87,0.3055555555555556,True
2025-04-14 02:00:00,12.2,91,0.6944444444444444,True
2025-04-14 03:00:00,11.9,93,1.0,True
2025-04-14 04:00:00,11.7,95,0.8333333333333333,True
2025-04-14 05:00:00,12.3,93,1.2222222222222223,True
2025-04-14 06:00:00,13.2,95,1.5,True
2025-04-14 07:00:00,14.2,92,1.3333333333333333,True
2025-04-14 08:00:00,14.1,98,1.777777777777778,True
2025-04-14 09:00:00,14.3,98,1.9166666666666667,True
2025-04-14 10:00:00,14.7,97,1.0555555555555556,True
2025-04-14 11:00:00,15.4,95,0.6111111111111112,True
2025-04-14 12:00:00,15.8,89,1.3055555555555556,True
2025-04-14 13:00:00,15.7,87,1.3888888888888888,True
2025-04-14 14:00:00,14.8,99,1.4166666666666665,True
2025-04-14 15:00:00,14.9,100,0.9722222222222222,True
2025-04-14 16:00:00,15.0,99,1.1111111111111112,True
2025-04-14 17:00:00,14.6,95,0.8611111111111112,True
2025-04-14 18:00:00,14.0,97,1.0,True
2025-04-14 19:00:00,13.5,99,1.972222222222222,True
2025-04-14 20:00:00,13.2,98,2.388888888888889,True
2025-04-14 21:00:00,13.0,98,2.4166666666666665,True
2025-04-14 22:00:00,12.9,98,1.8888888888888888,True
2025-04-14 23:00:00,12.8,99,1.25,True
2025-04-15 00:00:00,12.8,99,2.5555555555555554,True
2025-04-15 01:00:00,12.8,99,1.8611111111111112,True
2025-04-15 02:00:00,12.8,98,1.75,True
2025-04-15 03:00:00,13.1,97,2.4722222222222223,True
2025-04-15 04:00:00,13.4,95,4.583333333333333,True
2025-04-15 05:00:00,13.7,95,5.416666666666667,True
2025-04-15 06:00:00,14.0,95,7.388888888888889,True
2025-04-15 07:00:00,14.4,95,7.222222222222222,True
2025-04-15 08:00:00,15.1,96,6.444444444444444,True
2025-04-15 09:00:00,14.9,95,6.888888888888889,True
2025-04-15 10:00:00,15.0,96,6.277777777777778,True
2025-04-15 11:00:00,15.0,97,5.444444444444445,True
2025-04-15 12:00:00,15.5,97,7.0,True
2025-04-15 13:00:00,16.0,93,7.277777777777778,True
2025-04-15 14:00:00,16.7,91,6.499999999999999,True
2025-04-15 15:00:00,16.2,94,6.166666666666666,True
2025-04-15 16:00:00,16.0,94,4.222222222222222,True
2025-04-15 17:00:00,15.4,97,2.9166666666666665,True
2025-04-15 18:00:00,15.3,93,3.083333333333333,True
2025-04-15 19:00:00,14.6,93,2.0833333333333335,True
2025-04-15 20:00:00,14.6,95,2.5833333333333335,True
2025-04-15 21:00:00,15.0,89,3.888888888888889,True
2025-04-15 22:00:00,15.1,88,4.5,True
2025-04-15 23:00:00,15.1,90,4.722222222222222,True
2025-04-16 00:00:00,15.0,91,4.305555555555555,True
2025-04-16 01:00:00,14.4,95,1.3611111111111112,True
2025-04-16 02:00:00,14.7,91,3.416666666666667,True
2025-04-16 03:00:00,14.3,90,3.3055555555555554,True
2025-04-16 04:00:00,14.2,89,2.7777777777777777,True
2025-04-16 05:00:00,14.5,86,2.361111111111111,True
2025-04-16 06:00:00,15.9,82,2.4722222222222223,True
2025-04-16 07:00:00,17.5,75,1.6944444444444442,True
2025-04-16 08:00:00,18.9,68,2.7222222222222223,True
2025-04-16 09:00:00,19.8,63,3.2777777777777777,True
2025-04-16 10:00:00,20.8,58,3.5,True
2025-04-16 11:00:00,21.2,57,4.0,True
2025-04-16 12:00:00,21.4,57,4.194444444444445,True
2025-04-16 13:00:00,19.7,64,3.611111111111111,True
2025-04-16 14:00:00,19.2,68,3.2499999999999996,True
2025-04-16 15:00:00,18.5,76,3.2499999999999996,True
2025-04-16 16:00:00,17.5,82,1.9166666666666667,True
2025-04-16 17:00:00,16.8,85,1.0,True
2025-04-16 18:00:00,15.3,89,0.8611111111111112,True
2025-04-16 19:00:00,15.0,91,1.1666666666666667,True
2025-04-16 20:00:00,14.2,94,1.5277777777777777,True
2025-04-16 21:00:00,13.3,97,1.5555555555555554,True
2025-04-16 22:00:00,13.1,99,3.5,True
2025-04-16 23:00:00,13.7,95,2.6666666666666665,True
2025-04-17 00:00:00,13.0,96,2.611111111111111,True
2025-04-17 01:00:00,14.7,88,3.6944444444444446,True
2025-04-17 02:00:00,15.3,83,3.944444444444444,True
2025-04-17 03:00:00,15.9,76,3.9722222222222223,True
2025-04-17 04:00:00,15.1,78,3.555555555555556,True
2025-04-17 05:00:00,15.0,78,3.75,True
2025-04-17 06:00:00,16.6,73,3.0,True
2025-04-17 07:00:00,18.8,69,3.4444444444444446,True
2025-04-17 08:00:00,19.6,62,2.75,True
2025-04-17 09:00:00,19.7,61,4.194444444444445,True
2025-04-17 10:00:00,19.5,61,7.361111111111111,True
2025-04-17 11:00:00,17.8,80,6.944444444444445,True
2025-04-17 12:00:00,18.1,74,7.5,True
2025-04-17 13:00:00,17.6,79,4.972222222222221,True
2025-04-17 14:00:00,17.9,71,5.861111111111112,True
2025-04-17 15:00:00,18.4,66,6.305555555555555,True
2025-04-17 16:00:00,16.6,79,4.444444444444445,True
2025-04-17 17:00:00,16.5,74,4.388888888888889,True
2025-04-17 18:00:00,15.0,75,3.6944444444444446,True
2025-04-17 19:00:00,14.0,87,4.694444444444444,True
2025-04-17 20:00:00,13.7,86,3.944444444444444,True
2025-04-17 21:00:00,13.1,87,3.5833333333333335,True
2025-04-17 22:00:00,13.0,88,2.9166666666666665,True
2025-04-17 23:00:00,12.0,91,1.0555555555555556,True
2025-04-18 00:00:00,12.1,89,1.4166666666666665,True
2025-04-18 01:00:00,13.2,85,4.388888888888889,True
2025-04-18 02:00:00,11.8,94,2.361111111111111,True
2025-04-18 03:00:00,12.1,97,2.0833333333333335,True
2025-04-18 04:00:00,12.0,97,2.7777777777777777,True
2025-04-18 05:00:00,12.3,91,3.333333333333333,True
2025-04-18 06:00:00,12.5,91,3.0277777777777777,True
2025-04-18 07:00:00,13.7,84,1.8611111111111112,True
2025-04-18 08:00:00,13.5,80,2.9166666666666665,True
2025-04-18 09:00:00,14.8,80,3.555555555555556,True
2025-04-18 10:00:00,14.7,75,4.361111111111111,True
2025-04-18 11:00:00,15.7,69,3.7222222222222223,True
2025-04-18 12:00:00,15.9,67,3.5277777777777777,True
2025-04-18 13:00:00,15.4,70,2.833333333333333,True
2025-04-18 14:00:00,15.5,67,3.9166666666666665,True
2025-04-18 15:00:00,15.2,68,3.3611111111111107,True
2025-04-18 16:00:00,15.2,69,1.8055555555555556,True
2025-04-18 17:00:00,14.2,74,1.6944444444444442,True
2025-04-18 18:00:00,12.8,78,1.9166666666666667,True
2025-04-18 19:00:00,12.8,75,1.8888888888888888,True
2025-04-18 20:00:00,13.0,75,0.9722222222222222,True
2025-04-18 21:00:00,12.8,80,1.1666666666666667,True
2025-04-18 22:00:00,12.7,85,1.6944444444444442,True
2025-04-18 23:00:00,12.1,96,1.5555555555555554,True
2025-04-19 00:00:00,12.1,95,2.305555555555556,True
2025-04-19 01:00:00,12.6,80,2.4166666666666665,True
2025-04-19 02:00:00,12.9,76,2.7222222222222223,True
2025-04-19 03:00:00,12.6,75,2.944444444444444,True
2025-04-19 04:00:00,12.2,88,2.7777777777777777,True
2025-04-19 05:00:00,12.4,86,2.7222222222222223,True
2025-04-19 06:00:00,13.6,82,2.5277777777777777,True
2025-04-19 07:00:00,14.8,77,2.388888888888889,True
2025-04-19 08:00:00,15.9,67,2.7777777777777777,True
2025-04-19 09:00:00,16.6,64,3.1666666666666665,True
2025-04-19 10:00:00,16.6,67,3.222222222222222,True
2025-04-19 11:00:00,16.3,72,3.8055555555555554,True
2025-04-19 12:00:00,16.1,72,3.944444444444444,True
2025-04-19 13:00:00,16.9,62,3.0555555555555554,True
2025-04-19 14:00:00,16.5,65,2.972222222222222,True
2025-04-19 15:00:00,16.1,67,2.4444444444444446,True
2025-04-19 16:00:00,15.5,71,2.138888888888889,True
2025-04-19 17:00:00,14.5,76,1.1666666666666667,True
2025-04-19 18:00:00,12.3,83,0.9444444444444444,True
2025-04-19 19:00:00,11.6,81,1.1388888888888888,True
2025-04-19 20:00:00,11.8,77,1.1944444444444444,True
2025-04-19 21:00:00,11.4,79,1.1944444444444444,True
2025-04-19 22:00:00,11.3,81,1.3333333333333333,True
2025-04-19 23:00:00,10.7,83,1.5,True
2025-04-20 00:00:00,10.4,84,1.5277777777777777,True
2025-04-20 01:00:00,11.4,77,0.9444444444444444,True
2025-04-20 02:00:00,12.2,72,0.9444444444444444,True
2025-04-20 03:00:00,11.4,74,1.1111111111111112,True
2025-04-20 04:00:00,10.5,78,1.3333333333333333,True
2025-04-20 05:00:00,10.5,81,1.25,True
2025-04-20 06:00:00,13.4,82,0.9722222222222222,True
2025-04-20 07:00:00,15.5,67,0.19444444444444442,True
2025-04-20 08:00:00,16.6,65,0.8333333333333333,True
2025-04-20 09:00:00,17.6,64,1.472222222222222,True
2025-04-20 10:00:00,18.0,66,2.388888888888889,True
2025-04-20 11:00:00,17.9,67,3.2777777777777777,True
2025-04-20 12:00:00,18.1,65,3.8333333333333335,True
2025-04-20 13:00:00,17.8,61,3.6944444444444446,True
2025-04-20 14:00:00,17.6,67,4.0,True
2025-04-20 15:00:00,17.2,72,2.611111111111111,True
2025-04-20 16:00:00,17.0,74,2.055555555555556,True
2025-04-20 17:00:00,16.1,80,1.1388888888888888,True
2025-04-20 18:00:00,13.9,87,0.9166666666666666,True
2025-04-20 19:00:00,13.9,83,1.8333333333333333,True
2025-04-20 20:00:00,13.3,82,1.8055555555555556,True
2025-04-20 21:00:00,13.0,80,1.1944444444444444,True
2025-04-20 22:00:00,13.1,80,1.6944444444444442,True
2025-04-20 23:00:00,12.2,84,1.1666666666666667,True
2025-04-21 00:00:00,12.2,85,1.6944444444444442,True
2025-04-21 01:00:00,12.6,80,0.8333333333333333,True
2025-04-21 02:00:00,12.1,82,1.5555555555555554,True
2025-04-21 03:00:00,11.3,87,2.1666666666666665,True
2025-04-21 04:00:00,10.5,89,2.361111111111111,True
2025-04-21 05:00:00,10.9,87,2.5833333333333335,True
2025-04-21 06:00:00,14.1,79,2.25,True
2025-04-21 07:00:00,16.9,68,0.9722222222222222,True
2025-04-21 08:00:00,18.1,62,0.4444444444444445,True
2025-04-21 09:00:00,18.9,62,1.8055555555555556,True
2025-04-21 10:00:00,19.1,64,2.5555555555555554,True
2025-04-21 11:00:00,19.2,66,2.833333333333333,True
2025-04-21 12:00:00,19.5,65,2.25,True
2025-04-21 13:00:00,19.6,67,2.638888888888889,True
2025-04-21 14:00:00,19.8,69,2.138888888888889,True
2025-04-21 15:00:00,19.2,70,2.111111111111111,True
2025-04-21 16:00:00,18.4,72,1.5833333333333333,True
2025-04-21 17:00:00,17.1,77,0.8611111111111112,True
2025-04-21 18:00:00,15.2,83,0.08333333333333333,True
2025-04-21 19:00:00,14.3,86,0.7777777777777777,True
2025-04-21 20:00:00,13.9,87,0.6944444444444444,True
2025-04-21 21:00:00,13.4,89,0.7222222222222222,True
2025-04-21 22:00:00,13.3,89,1.0,True
2025-04-21 23:00:00,12.6,91,1.027777777777778,True
2025-04-22 00:00:00,12.1,95,1.1111111111111112,True
2025-04-22 01:00:00,13.9,89,0.5,True
2025-04-22 02:00:00,13.5,89,0.8055555555555555,True
2025-04-22 03:00:00,12.3,92,1.611111111111111,True
2025-04-22 04:00:00,11.5,94,1.8055555555555556,True
2025-04-22 05:00:00,11.9,91,2.0833333333333335,True
2025-04-22 06:00:00,15.4,86,2.4722222222222223,True
2025-04-22 07:00:00,18.9,73,2.972222222222222,True
2025-04-22 08:00:00,21.1,58,4.722222222222222,True
2025-04-22 09:00:00,22.2,55,5.416666666666667,True
2025-04-22 10:00:00,22.6,53,5.444444444444445,True
2025-04-22 11:00:00,23.3,50,3.0,True
2025-04-22 12:00:00,23.6,49,1.4166666666666665,True
2025-04-22 13:00:00,23.5,54,1.6388888888888888,True
2025-04-22 14:00:00,22.7,50,2.694444444444444,True
2025-04-22 15:00:00,21.9,58,3.8333333333333335,True
2025-04-22 16:00:00,21.8,61,2.6666666666666665,True
2025-04-22 17:00:00,20.7,65,2.2777777777777777,True
2025-04-22 18:00:00,18.8,71,2.3333333333333335,True
2025-04-22 19:00:00,16.5,80,3.4444444444444446,True
2025-04-22 20:00:00,15.6,82,3.7777777777777777,True
2025-04-22 21:00:00,15.6,80,4.055555555555555,True
2025-04-22 22:00:00,15.7,78,4.166666666666667,True
2025-04-22 23:00:00,15.8,76,4.388888888888889,True
2025-04-23 00:00:00,15.8,76,4.611111111111112,True
2025-04-23 01:00:00,15.1,84,5.333333333333333,True
2025-04-23 02:00:00,15.4,81,5.194444444444444,True
2025-04-23 03:00:00,15.1,80,3.7777777777777777,True
2025-04-23 04:00:00,14.9,78,4.25,True
2025-04-23 05:00:00,15.9,73,5.611111111111111,True
2025-04-23 06:00:00,17.9,67,5.5,True
2025-04-23 07:00:00,17.9,74,3.222222222222222,True
2025-04-23 08:00:00,18.8,73,3.194444444444444,True
2025-04-23 09:00:00,21.5,61,2.361111111111111,True
2025-04-23 10:00:00,22.7,54,2.694444444444444,True
2025-04-23 11:00:00,23.7,49,1.5277777777777777,True
2025-04-23 12:00:00,18.6,81,4.944444444444445,True
2025-04-23 13:00:00,23.2,47,1.611111111111111,True
2025-04-23 14:00:00,22.9,46,1.8611111111111112,True
2025-04-23 15:00:00,22.0,59,2.5,True
2025-04-23 16:00:00,20.9,67,2.388888888888889,True
2025-04-23 17:00:00,19.8,73,1.5,True
2025-04-23 18:00:00,17.5,80,1.4166666666666665,True
2025-04-23 19:00:00,16.4,85,1.972222222222222,True
2025-04-23 20:00:00,15.0,93,2.8055555555555554,True
2025-04-23 21:00:00,14.3,92,3.083333333333333,True
2025-04-23 22:00:00,13.9,89,2.888888888888889,True
2025-04-23 23:00:00,13.7,85,3.222222222222222,True
2025-04-24 00:00:00,13.3,84,2.4722222222222223,True
2025-04-24 01:00:00,12.7,86,0.5833333333333334,True
2025-04-24 02:00:00,13.1,89,4.194444444444445,True
2025-04-24 03:00:00,12.9,90,3.4444444444444446,True
2025-04-24 04:00:00,12.4,91,3.861111111111111,True
2025-04-24 05:00:00,13.1,88,3.8055555555555554,True
2025-04-24 06:00:00,15.4,85,2.361111111111111,True
2025-04-24 07:00:00,17.8,82,0.5277777777777778,True
2025-04-24 08:00:00,16.3,82,3.0277777777777777,True
2025-04-24 09:00:00,17.2,81,1.4166666666666665,True
2025-04-24 10:00:00,20.0,70,1.2777777777777777,True
2025-04-24 11:00:00,18.9,76,2.8055555555555554,True
2025-04-24 12:00:00,16.6,92,1.1111111111111112,True
2025-04-24 13:00:00,19.2,72,2.0833333333333335,True
2025-04-24 14:00:00,21.0,57,3.1666666666666665,True
2025-04-24 15:00:00,21.0,55,2.75,True
2025-04-24 16:00:00,20.2,60,2.861111111111111,True
2025-04-24 17:00:00,18.9,63,4.055555555555555,True
2025-04-24 18:00:00,17.4,66,4.305555555555555,True
2025-04-24 19:00:00,16.2,73,4.555555555555555,True
2025-04-24 20:00:00,15.4,77,4.361111111111111,True
2025-04-24 21:00:00,14.8,80,3.222222222222222,True
2025-04-24 22:00:00,14.9,80,3.1666666666666665,True
2025-04-24 23:00:00,14.7,79,2.7222222222222223,True
2025-04-25 00:00:00,14.1,79,2.75,True
2025-04-25 01:00:00,14.9,74,4.611111111111112,True
2025-04-25 02:00:00,14.2,76,3.8055555555555554,True
2025-04-25 03:00:00,13.4,73,3.5277777777777777,True
2025-04-25 04:00:00,13.0,72,2.25,True
2025-04-25 05:00:00,12.9,78,2.0277777777777777,True
2025-04-25 06:00:00,13.0,82,2.5833333333333335,True
2025-04-25 07:00:00,12.6,94,2.861111111111111,True
2025-04-25 08:00:00,12.2,94,2.861111111111111,True
2025-04-25 09:00:00,13.8,85,3.5,True
2025-04-25 10:00:00,14.9,76,3.083333333333333,True
2025-04-25 11:00:00,15.6,65,3.7222222222222223,True
2025-04-25 12:00:00,15.8,63,4.5,True
2025-04-25 13:00:00,16.0,58,5.194444444444444,True
2025-04-25 14:00:00,16.9,56,5.5,True
2025-04-25 15:00:00,16.7,56,5.777777777777778,True
2025-04-25 16:00:00,16.3,58,5.249999999999999,True
2025-04-25 17:00:00,15.5,59,4.194444444444445,True
2025-04-25 18:00:00,14.7,59,3.1666666666666665,True
2025-04-25 19:00:00,14.8,58,3.555555555555556,True
2025-04-25 20:00:00,14.5,61,3.4722222222222223,True
2025-04-25 21:00:00,13.9,65,2.861111111111111,True
2025-04-25 22:00:00,13.3,70,2.2222222222222223,True
2025-04-25 23:00:00,13.0,73,1.5833333333333333,True
2025-04-26 00:00:00,12.5,78,1.1388888888888888,True
2025-04-26 01:00:00,12.6,88,1.027777777777778,True
2025-04-26 02:00:00,12.1,96,1.5555555555555554,True
2025-04-26 03:00:00,12.0,96,1.6666666666666665,True
2025-04-26 04:00:00,12.3,92,2.055555555555556,True
2025-04-26 05:00:00,12.0,95,1.5555555555555554,True
2025-04-26 06:00:00,12.5,93,1.8333333333333333,True
2025-04-26 07:00:00,13.7,87,1.4166666666666665,True
2025-04-26 08:00:00,15.2,81,1.7222222222222223,True
2025-04-26 09:00:00,16.7,72,1.4166666666666665,True
2025-04-26 10:00:00,18.4,60,1.5833333333333333,True
2025-04-26 11:00:00,19.9,51,4.111111111111112,True
2025-04-26 12:00:00,19.7,53,4.583333333333333,True
2025-04-26 13:00:00,18.6,57,6.472222222222222,True
2025-04-26 14:00:00,17.6,59,5.416666666666667,True
2025-04-26 15:00:00,17.4,61,5.222222222222222,True
2025-04-26 16:00:00,17.4,61,4.944444444444445,True
2025-04-26 17:00:00,16.6,65,4.666666666666667,True
2025-04-26 18:00:00,15.8,67,4.222222222222222,True
2025-04-26 19:00:00,15.4,67,4.222222222222222,True
2025-04-26 20:00:00,15.1,67,3.888888888888889,True
2025-04-26 21:00:00,15.2,67,3.333333333333333,True
2025-04-26 22:00:00,15.1,68,2.9166666666666665,True
2025-04-26 23:00:00,14.9,69,2.5277777777777777,True
2025-04-27 00:00:00,14.6,69,3.222222222222222,True
2025-04-27 01:00:00,15.1,63,5.111111111111111,True
2025-04-27 02:00:00,15.2,62,6.166666666666666,True
2025-04-27 03:00:00,15.1,60,7.0,True
2025-04-27 04:00:00,14.7,60,7.527777777777778,True
2025-04-27 05:00:00,14.5,61,8.38888888888889,True
2025-04-27 06:00:00,15.1,60,8.25,True
2025-04-27 07:00:00,16.0,56,8.027777777777777,True
2025-04-27 08:00:00,17.1,53,8.222222222222223,True
2025-04-27 09:00:00,18.2,50,7.916666666666666,True
2025-04-27 10:00:00,19.3,49,7.611111111111111,True
2025-04-27 11:00:00,20.2,48,7.222222222222222,True
2025-04-27 12:00:00,20.7,47,6.916666666666666,True
2025-04-27 13:00:00,21.4,46,5.694444444444445,True
2025-04-27 14:00:00,21.4,45,5.722222222222222,True
2025-04-27 15:00:00,21.1,46,6.194444444444445,True
2025-04-27 16:00:00,20.2,51,5.833333333333333,True
2025-04-27 17:00:00,18.8,54,5.694444444444445,True
2025-04-27 18:00:00,17.4,56,5.472222222222222,True
2025-04-27 19:00:00,16.7,57,6.166666666666666,True
2025-04-27 20:00:00,16.1,58,6.611111111111111,True
2025-04-27 21:00:00,15.7,58,6.972222222222222,True
2025-04-27 22:00:00,15.4,57,7.138888888888888,True
2025-04-27 23:00:00,15.2,56,7.194444444444444,True
2025-04-28 00:00:00,15.0,56,7.166666666666667,True
2025-04-28 01:00:00,15.3,57,6.583333333333333,True
2025-04-28 02:00:00,15.1,58,6.666666666666666,True
2025-04-28 03:00:00,15.0,58,6.694444444444445,True
2025-04-28 04:00:00,14.7,59,6.861111111111111,True
2025-04-28 05:00:00,14.8,62,7.444444444444445,True
2025-04-28 06:00:00,16.0,61,6.833333333333334,True
2025-04-28 07:00:00,17.3,61,6.805555555555555,True
2025-04-28 08:00:00,18.7,58,6.388888888888888,True
2025-04-28 09:00:00,20.0,55,6.0,True
2025-04-28 10:00:00,21.5,50,5.055555555555555,True
2025-04-28 11:00:00,22.5,47,3.75,True
2025-04-28 12:00:00,23.1,45,2.944444444444444,True
2025-04-28 13:00:00,23.3,41,2.5277777777777777,True
2025-04-28 14:00:00,23.3,42,1.9444444444444444,True
2025-04-28 15:00:00,22.3,54,1.2777777777777777,True
2025-04-28 16:00:00,20.3,72,1.6944444444444442,True
2025-04-28 17:00:00,19.2,77,0.6944444444444444,True
2025-04-28 18:00:00,17.7,80,1.2222222222222223,True
2025-04-28 19:00:00,16.1,80,2.4722222222222223,True
2025-04-28 20:00:00,15.4,72,4.0,True
2025-04-28 21:00:00,15.5,69,4.361111111111111,True
2025-04-28 22:00:00,15.6,68,4.5,True
2025-04-28 23:00:00,15.3,70,4.583333333333333,True
2025-04-29 00:00:00,14.8,73,4.722222222222222,True
2025-04-29 01:00:00,14.4,75,4.666666666666667,True
2025-04-29 02:00:00,14.2,76,4.5,True
2025-04-29 03:00:00,13.7,78,4.333333333333333,True
2025-04-29 04:00:00,13.7,78,4.472222222222222,True
2025-04-29 05:00:00,14.9,75,4.694444444444444,True
2025-04-29 06:00:00,16.9,73,4.777777777777778,True
2025-04-29 07:00:00,18.9,67,4.527777777777778,True
2025-04-29 08:00:00,20.3,60,4.694444444444444,True
2025-04-29 09:00:00,21.5,55,4.444444444444445,True
2025-04-29 10:00:00,22.6,48,4.222222222222222,True
2025-04-29 11:00:00,23.6,43,4.138888888888889,True
2025-04-29 12:00:00,24.3,38,4.027777777777778,True
2025-04-29 13:00:00,24.9,35,3.5,True
2025-04-29 14:00:00,24.5,40,2.0277777777777777,True
2025-04-29 15:00:00,22.9,58,1.0555555555555556,True
2025-04-29 16:00:00,21.6,74,1.3055555555555556,True
2025-04-29 17:00:00,20.0,80,1.5833333333333333,True
2025-04-29 18:00:00,18.1,82,1.9166666666666667,True
2025-04-29 19:00:00,17.4,69,4.0,True
2025-04-29 20:00:00,16.8,66,3.8333333333333335,True
2025-04-29 21:00:00,15.0,75,3.5277777777777777,True
2025-04-29 22:00:00,14.2,78,3.5,True
2025-04-29 23:00:00,13.6,78,3.5,True
2025-04-30 00:00:00,13.2,80,3.2777777777777777,True
2025-04-30 01:00:00,13.1,80,3.4722222222222223,True
2025-04-30 02:00:00,12.6,82,3.5,True
2025-04-30 03:00:00,12.8,80,3.888888888888889,True
2025-04-30 04:00:00,13.1,77,3.888888888888889,True
2025-04-30 05:00:00,14.2,74,3.861111111111111,True
2025-04-30 06:00:00,16.7,72,3.7777777777777777,True
2025-04-30 07:00:00,19.5,63,3.4722222222222223,True
2025-04-30 08:00:00,21.3,49,4.194444444444445,True
2025-04-30 09:00:00,22.6,43,4.75,True
2025-04-30 10:00:00,23.5,40,4.694444444444444,True
2025-04-30 11:00:00,24.2,37,4.416666666666667,True
2025-04-30 12:00:00,24.6,36,4.111111111111112,True
2025-04-30 13:00:00,25.6,33,3.611111111111111,True
2025-04-30 14:00:00,25.6,34,2.5,True
2025-04-30 15:00:00,23.4,57,2.0,True
2025-04-30 16:00:00,21.3,66,2.888888888888889,True
2025-04-30 17:00:00,19.6,67,1.8611111111111112,True
2025-04-30 18:00:00,18.3,68,1.2222222222222223,True
2025-04-30 19:00:00,17.6,72,1.3055555555555556,True
2025-04-30 20:00:00,15.3,85,2.138888888888889,True
2025-04-30 21:00:00,13.6,88,3.083333333333333,True
2025-04-30 22:00:00,13.7,79,3.7777777777777777,True
2025-04-30 23:00:00,14.3,72,4.083333333333333,True
2025-05-01 00:00:00,14.0,72,3.9166666666666665,True
2025-05-01 01:00:00,13.9,72,3.9722222222222223,True
2025-05-01 02:00:00,13.6,73,4.194444444444445,True
2025-05-01 03:00:00,13.5,73,4.305555555555555,True
2025-05-01 04:00:00,13.2,75,4.0,True
2025-05-01 05:00:00,14.1,75,3.638888888888889,True
2025-05-01 06:00:00,16.9,75,3.1666666666666665,True
2025-05-01 07:00:00,20.8,72,2.111111111111111,True
2025-05-01 08:00:00,23.0,52,1.75,True
2025-05-01 09:00:00,24.2,43,1.3333333333333333,True
2025-05-01 10:00:00,24.8,42,1.3333333333333333,True
2025-05-01 11:00:00,25.1,47,2.0,True
2025-05-01 12:00:00,25.1,53,2.833333333333333,True
2025-05-01 13:00:00,23.5,80,3.3611111111111107,True
2025-05-01 14:00:00,23.3,68,3.2499999999999996,True
2025-05-01 15:00:00,22.5,59,2.8055555555555554,True
2025-05-01 16:00:00,21.0,57,2.861111111111111,True
2025-05-01 17:00:00,19.8,61,2.972222222222222,True
2025-05-01 18:00:00,18.5,65,1.5,True
2025-05-01 19:00:00,18.6,64,1.5277777777777777,True
2025-05-01 20:00:00,17.9,67,1.1666666666666667,True
2025-05-01 21:00:00,16.3,74,1.75,True
2025-05-01 22:00:00,14.4,82,2.5,True
2025-05-01 23:00:00,13.1,85,2.4722222222222223,True
2025-05-02 00:00:00,13.1,81,2.888888888888889,True
2025-05-02 01:00:00,13.3,78,3.2777777777777777,True
2025-05-02 02:00:00,14.2,70,3.4444444444444446,True
2025-05-02 03:00:00,13.8,72,3.2499999999999996,True
2025-05-02 04:00:00,13.4,74,3.3611111111111107,True
2025-05-02 05:00:00,14.6,74,3.2499999999999996,True
2025-05-02 06:00:00,17.6,73,2.611111111111111,True
2025-05-02 07:00:00,21.1,67,1.0833333333333333,True
2025-05-02 08:00:00,22.4,56,0.9722222222222222,True
2025-05-02 09:00:00,23.2,54,1.3055555555555556,True
2025-05-02 10:00:00,23.7,51,1.8055555555555556,True
2025-05-02 11:00:00,23.9,52,2.0277777777777777,True
2025-05-02 12:00:00,24.0,54,2.5277777777777777,True
2025-05-02 13:00:00,24.1,50,2.5833333333333335,True
2025-05-02 14:00:00,23.8,49,2.5833333333333335,True
2025-05-02 15:00:00,23.2,52,2.0277777777777777,True
2025-05-02 16:00:00,22.6,54,1.1388888888888888,True
2025-05-02 17:00:00,21.5,67,0.6944444444444444,True
2025-05-02 18:00:00,19.9,73,1.0833333333333333,True
2025-05-02 19:00:00,19.1,71,1.1944444444444444,True
2025-05-02 20:00:00,18.6,69,1.3055555555555556,True
2025-05-02 21:00:00,18.3,66,1.1111111111111112,True
2025-05-02 22:00:00,17.8,66,1.0555555555555556,True
2025-05-02 23:00:00,16.9,69,0.3611111111111111,True
2025-05-03 00:00:00,16.1,71,0.41666666666666663,True
2025-05-03 01:00:00,16.7,67,0.5555555555555556,True
2025-05-03 02:00:00,16.9,66,1.1388888888888888,True
2025-05-03 03:00:00,15.9,68,1.75,True
2025-05-03 04:00:00,13.8,76,2.2222222222222223,True
2025-05-03 05:00:00,14.5,79,2.388888888888889,True
2025-05-03 06:00:00,18.2,78,2.1944444444444446,True
2025-05-03 07:00:00,21.2,64,0.38888888888888884,True
2025-05-03 08:00:00,21.9,55,1.0555555555555556,True
2025-05-03 09:00:00,22.1,57,1.8055555555555556,True
2025-05-03 10:00:00,22.5,56,1.4166666666666665,True
2025-05-03 11:00:00,23.0,59,3.194444444444444,True
2025-05-03 12:00:00,22.5,67,3.555555555555556,True
2025-05-03 13:00:00,22.7,63,3.1666666666666665,True
2025-05-03 14:00:00,23.0,60,3.6666666666666665,True
2025-05-03 15:00:00,22.2,64,4.111111111111112,True
2025-05-03 16:00:00,21.9,61,2.972222222222222,True
2025-05-03 17:00:00,21.1,60,2.611111111111111,True
2025-05-03 18:00:00,19.7,55,2.138888888888889,True
2025-05-03 19:00:00,19.7,51,2.972222222222222,True
2025-05-03 20:00:00,19.7,52,3.1666666666666665,True
2025-05-03 21:00:00,19.6,56,4.027777777777778,True
2025-05-03 22:00:00,19.0,63,4.555555555555555,True
2025-05-03 23:00:00,18.6,65,3.8055555555555554,True
2025-05-04 00:00:00,18.1,66,3.333333333333333,True
2025-05-04 01:00:00,17.9,67,3.4444444444444446,True
2025-05-04 02:00:00,17.6,69,3.75,True
2025-05-04 03:00:00,17.4,70,3.2777777777777777,True
2025-05-04 04:00:00,17.1,72,2.944444444444444,True
2025-05-04 05:00:00,17.6,74,3.4722222222222223,True
2025-05-04 06:00:00,18.7,73,4.194444444444445,True
2025-05-04 07:00:00,19.7,68,4.444444444444445,True
2025-05-04 08:00:00,20.5,67,4.694444444444444,True
2025-05-04 09:00:00,20.8,64,4.694444444444444,True
2025-05-04 10:00:00,21.2,61,4.638888888888888,True
2025-05-04 11:00:00,21.5,59,4.5,True
2025-05-04 12:00:00,21.9,57,5.027777777777778,True
2025-05-04 13:00:00,21.5,60,4.722222222222222,True
2025-05-04 14:00:00,21.2,59,4.25,True
2025-05-04 15:00:00,21.5,50,3.9722222222222223,True
2025-05-04 16:00:00,21.1,50,3.2777777777777777,True
2025-05-04 17:00:00,20.8,58,1.1666666666666667,True
2025-05-04 18:00:00,19.8,68,0.3333333333333333,True
2025-05-04 19:00:00,19.1,64,1.6944444444444442,True
2025-05-04 20:00:00,18.1,71,1.6388888888888888,True
2025-05-04 21:00:00,17.4,80,0.5833333333333334,True
2025-05-04 22:00:00,17.1,75,4.361111111111111,True
2025-05-04 23:00:00,16.9,84,3.4722222222222223,True
2025-05-05 00:00:00,15.9,96,2.972222222222222,True
2025-05-05 01:00:00,16.5,92,4.583333333333333,True
2025-05-05 02:00:00,16.3,95,4.361111111111111,True
2025-05-05 03:00:00,16.7,93,3.138888888888889,True
2025-05-05 04:00:00,16.0,96,5.083333333333333,True
2025-05-05 05:00:00,16.7,93,5.722222222222222,True
2025-05-05 06:00:00,16.7,92,5.333333333333333,True
2025-05-05 07:00:00,17.6,90,4.055555555555555,True
2025-05-05 08:00:00,17.2,90,5.944444444444444,True
2025-05-05 09:00:00,16.9,91,5.638888888888889,True
2025-05-05 10:00:00,18.0,92,4.888888888888889,True
2025-05-05 11:00:00,17.6,95,4.0,True
2025-05-05 12:00:00,17.6,88,4.416666666666667,True
2025-05-05 13:00:00,18.2,88,2.5833333333333335,True
2025-05-05 14:00:00,17.0,86,4.25,True
2025-05-05 15:00:00,17.1,93,2.3333333333333335,True
2025-05-05 16:00:00,18.1,88,2.0833333333333335,True
2025-05-05 17:00:00,17.2,90,3.194444444444444,True
2025-05-05 18:00:00,16.1,89,1.2777777777777777,True
2025-05-05 19:00:00,14.9,94,1.8611111111111112,True
2025-05-05 20:00:00,14.3,90,5.027777777777778,True
2025-05-05 21:00:00,13.2,89,6.305555555555555,True
2025-05-05 22:00:00,12.8,85,6.194444444444445,True
2025-05-05 23:00:00,12.5,83,5.111111111111111,True
2025-05-06 00:00:00,12.2,88,5.777777777777778,True
2025-05-06 01:00:00,12.6,88,5.916666666666667,True
2025-05-06 02:00:00,12.5,89,6.888888888888889,True
2025-05-06 03:00:00,12.5,87,6.25,True
2025-05-06 04:00:00,12.3,86,4.472222222222222,True
2025-05-06 05:00:00,12.6,87,6.722222222222221,True
2025-05-06 06:00:00,13.2,86,6.416666666666667,True
2025-05-06 07:00:00,14.4,80,6.027777777777778,True
2025-05-06 08:00:00,15.2,74,5.5,True
2025-05-06 09:00:00,15.3,77,5.861111111111112,True
2025-05-06 10:00:00,15.3,82,4.944444444444445,True
2025-05-06 11:00:00,16.0,85,4.944444444444445,True
2025-05-06 12:00:00,16.0,86,4.333333333333333,True
2025-05-06 13:00:00,18.0,64,4.555555555555555,True
2025-05-06 14:00:00,17.8,63,3.75,True
2025-05-06 15:00:00,17.1,64,4.888888888888889,True
2025-05-06 16:00:00,16.5,66,5.416666666666667,True
2025-05-06 17:00:00,15.5,70,5.249999999999999,True
2025-05-06 18:00:00,14.2,71,6.027777777777778,True
2025-05-06 19:00:00,13.7,71,6.0,True
2025-05-06 20:00:00,13.4,71,6.166666666666666,True
2025-05-06 21:00:00,13.3,71,6.416666666666667,True
2025-05-06 22:00:00,13.1,71,6.527777777777778,True
2025-05-06 23:00:00,12.9,71,6.611111111111111,True
2025-05-07 00:00:00,12.8,71,6.694444444444445,True
2025-05-07 01:00:00,13.4,72,6.416666666666667,True
2025-05-07 02:00:00,13.0,73,6.138888888888889,True
2025-05-07 03:00:00,12.6,74,6.388888888888888,True
2025-05-07 04:00:00,12.7,72,6.583333333333333,True
2025-05-07 05:00:00,13.1,70,6.527777777777778,True
2025-05-07 06:00:00,13.7,68,6.083333333333333,True
2025-05-07 07:00:00,14.2,67,6.0,True
2025-05-07 08:00:00,16.0,62,5.388888888888888,True
2025-05-07 09:00:00,18.0,55,4.388888888888889,True
2025-05-07 10:00:00,18.5,56,2.3333333333333335,True
2025-05-07 11:00:00,17.8,60,1.8055555555555556,True
2025-05-07 12:00:00,16.4,73,0.8611111111111112,True
2025-05-07 13:00:00,18.8,57,3.1111111111111107,True
2025-05-07 14:00:00,18.6,57,2.2777777777777777,True
2025-05-07 15:00:00,18.2,60,3.638888888888889,True
2025-05-07 16:00:00,18.0,61,4.083333333333333,True
2025-05-07 17:00:00,17.0,66,4.5,True
2025-05-07 18:00:00,16.1,65,4.75,True
2025-05-07 19:00:00,15.5,65,5.694444444444445,True
2025-05-07 20:00:00,14.7,68,6.388888888888888,True
2025-05-07 21:00:00,14.2,76,2.4722222222222223,True
2025-05-07 22:00:00,12.8,92,3.6944444444444446,True
2025-05-07 23:00:00,13.2,85,4.805555555555555,True
2025-05-08 00:00:00,13.0,83,5.249999999999999,True
2025-05-08 01:00:00,12.7,86,5.694444444444445,True
2025-05-08 02:00:00,12.4,84,6.972222222222222,True
2025-05-08 03:00:00,12.1,79,7.027777777777778,True
2025-05-08 04:00:00,11.9,77,7.305555555555555,True
2025-05-08 05:00:00,11.9,76,6.722222222222221,True
2025-05-08 06:00:00,12.1,78,6.277777777777778,True
2025-05-08 07:00:00,12.9,76,5.249999999999999,True
2025-05-08 08:00:00,13.9,71,4.805555555555555,True
2025-05-08 09:00:00,14.4,67,5.249999999999999,True
2025-05-08 10:00:00,15.3,63,5.333333333333333,True
2025-05-08 11:00:00,15.7,62,5.055555555555555,True
2025-05-08 12:00:00,16.5,59,5.138888888888888,True
2025-05-08 13:00:00,17.5,53,4.694444444444444,True
2025-05-08 14:00:00,17.4,54,4.027777777777778,True
2025-05-08 15:00:00,17.4,55,3.5277777777777777,True
2025-05-08 16:00:00,17.0,57,3.194444444444444,True
2025-05-08 17:00:00,16.2,61,3.8333333333333335,True
2025-05-08 18:00:00,14.6,64,4.583333333333333,True
2025-05-08 19:00:00,14.1,66,5.388888888888888,True
2025-05-08 20:00:00,13.6,68,5.5,True
2025-05-08 21:00:00,13.2,70,5.416666666666667,True
2025-05-08 22:00:00,13.0,71,5.444444444444445,True
2025-05-08 23:00:00,12.3,74,5.5,True
2025-05-09 00:00:00,12.0,76,5.194444444444444,True
2025-05-09 01:00:00,12.7,76,4.805555555555555,True
2025-05-09 02:00:00,12.0,78,5.083333333333333,True
2025-05-09 03:00:00,11.9,77,5.111111111111111,True
2025-05-09 04:00:00,12.1,76,5.277777777777778,True
2025-05-09 05:00:00,12.7,76,5.527777777777778,True
2025-05-09 06:00:00,13.6,74,5.638888888888889,True
2025-05-09 07:00:00,14.6,70,5.694444444444445,True
2025-05-09 08:00:00,15.6,65,5.666666666666666,True
2025-05-09 09:00:00,16.6,61,5.611111111111111,True
2025-05-09 10:00:00,17.1,59,5.222222222222222,True
2025-05-09 11:00:00,16.8,61,5.222222222222222,True
2025-05-09 12:00:00,16.7,61,5.444444444444445,True
2025-05-09 13:00:00,17.4,58,5.166666666666667,True
2025-05-09 14:00:00,17.3,57,5.694444444444445,True
2025-05-09 15:00:00,17.2,57,5.75,True
2025-05-09 16:00:00,16.9,58,5.194444444444444,True
2025-05-09 17:00:00,15.7,62,5.5,True
2025-05-09 18:00:00,14.7,60,6.055555555555555,True
2025-05-09 19:00:00,14.4,57,6.222222222222221,True
2025-05-09 20:00:00,14.1,56,5.861111111111112,True
2025-05-09 21:00:00,14.3,54,6.499999999999999,True
2025-05-09 22:00:00,13.6,54,6.555555555555555,True
2025-05-09 23:00:00,13.1,54,6.583333333333333,True
2025-05-10 00:00:00,12.6,55,6.416666666666667,True
2025-05-10 01:00:00,13.0,54,6.277777777777778,True
2025-05-10 02:00:00,12.9,52,6.361111111111111,True
2025-05-10 03:00:00,12.8,49,6.888888888888889,True
2025-05-10 04:00:00,12.6,49,7.166666666666667,True
2025-05-10 05:00:00,12.7,52,6.916666666666666,True
2025-05-10 06:00:00,13.5,54,6.916666666666666,True
2025-05-10 07:00:00,14.7,52,6.138888888888889,True
2025-05-10 08:00:00,16.0,51,5.666666666666666,True
2025-05-10 09:00:00,17.2,50,4.888888888888889,True
2025-05-10 10:00:00,18.4,49,3.861111111111111,True
2025-05-10 11:00:00,19.3,49,2.7777777777777777,True
2025-05-10 12:00:00,20.0,48,1.9166666666666667,True
2025-05-10 13:00:00,20.2,47,0.888888888888889,True
2025-05-10 14:00:00,19.7,51,2.3333333333333335,True
2025-05-10 15:00:00,18.6,58,2.972222222222222,True
2025-05-10 16:00:00,17.8,60,2.0,True
2025-05-10 17:00:00,17.2,63,0.6944444444444444,True
2025-05-10 18:00:00,15.7,73,0.3611111111111111,True
2025-05-10 19:00:00,14.7,73,0.4722222222222222,True
2025-05-10 20:00:00,13.7,77,0.888888888888889,True
2025-05-10 21:00:00,12.0,84,1.5555555555555554,True
2025-05-10 22:00:00,10.4,87,1.8888888888888888,True
2025-05-10 23:00:00,9.8,86,2.111111111111111,True
2025-05-11 00:00:00,9.6,83,2.5,True
2025-05-11 01:00:00,10.0,80,3.138888888888889,True
2025-05-11 02:00:00,10.2,78,3.555555555555556,True
2025-05-11 03:00:00,9.8,80,3.638888888888889,True
2025-05-11 04:00:00,9.6,81,3.7222222222222223,True
2025-05-11 05:00:00,11.0,80,3.5833333333333335,True
2025-05-11 06:00:00,14.4,78,2.972222222222222,True
2025-05-11 07:00:00,17.4,72,1.5555555555555554,True
2025-05-11 08:00:00,19.1,62,0.41666666666666663,True
2025-05-11 09:00:00,20.0,56,1.3611111111111112,True
2025-05-11 10:00:00,20.1,60,2.4166666666666665,True
2025-05-11 11:00:00,20.1,65,2.5,True
2025-05-11 12:00:00,20.1,66,2.25,True
2025-05-11 13:00:00,21.1,54,1.9444444444444444,True
2025-05-11 14:00:00,21.0,58,2.111111111111111,True
2025-05-11 15:00:00,20.5,67,2.1944444444444446,True
2025-05-11 16:00:00,19.7,70,2.25,True
2025-05-11 17:00:00,18.5,74,1.6388888888888888,True
2025-05-11 18:00:00,17.0,77,1.027777777777778,True
2025-05-11 19:00:00,16.2,74,1.0833333333333333,True
2025-05-11 20:00:00,15.3,77,1.0555555555555556,True
2025-05-11 21:00:00,14.1,83,2.611111111111111,True
2025-05-11 22:00:00,13.5,83,2.9166666666666665,True
2025-05-11 23:00:00,12.9,82,3.2499999999999996,True
2025-05-12 00:00:00,12.4,81,3.6944444444444446,True
2025-05-12 01:00:00,12.8,81,3.5277777777777777,True
2025-05-12 02:00:00,12.4,82,2.944444444444444,True
2025-05-12 03:00:00,12.0,83,3.194444444444444,True
2025-05-12 04:00:00,11.8,83,3.3611111111111107,True
2025-05-12 05:00:00,13.0,81,3.416666666666667,True
2025-05-12 06:00:00,15.8,80,2.888888888888889,True
2025-05-12 07:00:00,18.3,70,1.8333333333333333,True
2025-05-12 08:00:00,19.6,60,1.0555555555555556,True
2025-05-12 09:00:00,20.1,57,1.6388888888888888,True
2025-05-12 10:00:00,20.5,54,2.138888888888889,True
2025-05-12 11:00:00,20.4,56,2.138888888888889,True
2025-05-12 12:00:00,20.9,53,1.777777777777778,True
2025-05-12 13:00:00,21.9,46,2.5,True
2025-05-12 14:00:00,20.9,49,2.305555555555556,True
2025-05-12 15:00:00,19.1,63,4.083333333333333,True
2025-05-12 16:00:00,18.3,66,4.833333333333333,True
2025-05-12 17:00:00,17.2,68,6.138888888888889,True
2025-05-12 18:00:00,16.3,66,6.888888888888889,True
2025-05-12 19:00:00,15.8,63,7.027777777777778,True
2025-05-12 20:00:00,15.4,64,6.777777777777777,True
2025-05-12 21:00:00,15.1,64,7.055555555555555,True
2025-05-12 22:00:00,14.9,64,6.722222222222221,True
2025-05-12 23:00:00,14.8,64,7.083333333333333,True
2025-05-13 00:00:00,14.7,62,6.888888888888889,True
2025-05-13 01:00:00,14.7,63,6.138888888888889,True
2025-05-13 02:00:00,14.1,63,6.333333333333333,True
2025-05-13 03:00:00,13.7,66,6.472222222222222,True
2025-05-13 04:00:00,13.5,67,6.805555555555555,True
2025-05-13 05:00:00,14.0,67,6.694444444444445,True
2025-05-13 06:00:00,14.9,67,6.416666666666667,True
2025-05-13 07:00:00,16.0,61,6.25,True
2025-05-13 08:00:00,17.2,57,5.944444444444444,True
2025-05-13 09:00:00,18.1,53,6.055555555555555,True
2025-05-13 10:00:00,19.1,50,5.694444444444445,True
2025-05-13 11:00:00,19.9,48,5.277777777777778,True
2025-05-13 12:00:00,20.5,46,4.833333333333333,True
2025-05-13 13:00:00,21.0,41,4.0,True
2025-05-13 14:00:00,21.0,41,4.083333333333333,True
2025-05-13 15:00:00,20.9,42,3.8333333333333335,True
2025-05-13 16:00:00,20.3,45,3.0277777777777777,True
2025-05-13 17:00:00,19.0,59,1.5555555555555554,True
2025-05-13 18:00:00,16.7,66,1.1944444444444444,True
2025-05-13 19:00:00,15.5,63,2.638888888888889,True
2025-05-13 20:00:00,14.4,63,3.416666666666667,True
2025-05-13 21:00:00,13.5,68,3.222222222222222,True
2025-05-13 22:00:00,12.9,70,3.222222222222222,True
2025-05-13 23:00:00,13.1,69,3.4444444444444446,True
2025-05-14 00:00:00,13.7,64,3.5277777777777777,True
2025-05-14 01:00:00,14.6,61,3.2777777777777777,True
2025-05-14 02:00:00,14.0,62,3.1666666666666665,True
2025-05-14 03:00:00,13.8,63,3.222222222222222,True
2025-05-14 04:00:00,13.5,66,3.138888888888889,True
2025-05-14 05:00:00,13.7,72,3.194444444444444,True
2025-05-14 06:00:00,15.7,76,3.0,True
2025-05-14 07:00:00,17.8,61,2.361111111111111,True
2025-05-14 08:00:00,19.2,47,1.1666666666666667,True
2025-05-14 09:00:00,19.5,44,1.777777777777778,True
2025-05-14 10:00:00,19.7,44,2.5,True
2025-05-14 11:00:00,20.0,47,2.944444444444444,True
2025-05-14 12:00:00,19.9,52,3.3055555555555554,True
2025-05-14 13:00:00,20.5,48,4.027777777777778,True
2025-05-14 14:00:00,20.4,50,3.416666666666667,True
2025-05-14 15:00:00,19.9,53,2.8055555555555554,True
2025-05-14 16:00:00,19.5,54,2.1666666666666665,True
2025-05-14 17:00:00,18.9,59,1.1111111111111112,True
2025-05-14 18:00:00,16.9,71,0.8611111111111112,True
2025-05-14 19:00:00,15.9,70,1.0833333333333333,True
2025-05-14 20:00:00,15.6,69,0.9722222222222222,True
2025-05-14 21:00:00,15.4,66,1.1111111111111112,True
2025-05-14 22:00:00,14.9,66,1.0555555555555556,True
2025-05-14 23:00:00,14.8,64,1.1944444444444444,True
2025-05-15 00:00:00,14.5,64,1.3611111111111112,True
2025-05-15 01:00:00,15.5,63,2.0277777777777777,True
2025-05-15 02:00:00,14.4,65,1.6666666666666665,True
2025-05-15 03:00:00,13.9,65,1.5555555555555554,True
2025-05-15 04:00:00,13.9,66,1.9444444444444444,True
2025-05-15 05:00:00,14.9,71,2.138888888888889,True
2025-05-15 06:00:00,17.6,64,1.5833333333333333,True
2025-05-15 07:00:00,18.5,53,2.611111111111111,True
2025-05-15 08:00:00,18.7,57,3.0555555555555554,True
2025-05-15 09:00:00,19.0,60,2.8055555555555554,True
2025-05-15 10:00:00,19.2,58,2.888888888888889,True
2025-05-15 11:00:00,20.0,54,3.9722222222222223,True
2025-05-15 12:00:00,20.2,54,4.25,True
2025-05-15 13:00:00,20.1,57,3.8055555555555554,True
2025-05-15 14:00:00,20.3,51,3.1666666666666665,True
2025-05-15 15:00:00,20.2,50,2.75,True
2025-05-15 16:00:00,19.4,52,2.1666666666666665,True
2025-05-15 17:00:00,18.8,58,1.9444444444444444,True
2025-05-15 18:00:00,15.9,79,3.861111111111111,True
2025-05-15 19:00:00,14.4,93,5.75,True
2025-05-15 20:00:00,12.3,92,6.805555555555555,True
2025-05-15 21:00:00,12.7,83,6.222222222222221,True
2025-05-15 22:00:00,12.4,76,5.777777777777778,True
2025-05-15 23:00:00,12.3,70,4.805555555555555,True
2025-05-16 00:00:00,12.3,66,3.222222222222222,True
2025-05-16 01:00:00,12.2,59,4.111111111111112,True
2025-05-16 02:00:00,11.8,61,3.4722222222222223,True
2025-05-16 03:00:00,11.3,65,2.5555555555555554,True
2025-05-16 04:00:00,10.8,72,2.2222222222222223,True
2025-05-16 05:00:00,11.0,77,2.5555555555555554,True
2025-05-16 06:00:00,12.6,69,2.2777777777777777,True
2025-05-16 07:00:00,13.9,63,3.083333333333333,True
2025-05-16 08:00:00,15.0,52,4.527777777777778,True
2025-05-16 09:00:00,16.2,46,4.305555555555555,True
2025-05-16 10:00:00,16.8,43,4.5,True
2025-05-16 11:00:00,17.4,41,4.333333333333333,True
2025-05-16 12:00:00,17.9,40,4.027777777777778,True
2025-05-16 13:00:00,18.3,35,4.861111111111111,True
2025-05-16 14:00:00,18.2,37,4.777777777777778,True
2025-05-16 15:00:00,17.9,37,3.8055555555555554,True
2025-05-16 16:00:00,17.4,38,3.4722222222222223,True
2025-05-16 17:00:00,16.5,45,2.861111111111111,True
2025-05-16 18:00:00,15.0,52,2.388888888888889,True
2025-05-16 19:00:00,13.6,55,2.75,True
2025-05-16 20:00:00,12.7,55,3.888888888888889,True
2025-05-16 21:00:00,11.8,55,3.5277777777777777,True
2025-05-16 22:00:00,10.7,60,2.3333333333333335,True
2025-05-16 23:00:00,10.3,63,2.694444444444444,True
2025-05-17 00:00:00,9.9,65,2.25,True
2025-05-17 01:00:00,11.0,75,2.2777777777777777,True
2025-05-17 02:00:00,10.0,76,0.9166666666666666,True
2025-05-17 03:00:00,9.1,75,0.5277777777777778,True
2025-05-17 04:00:00,8.7,78,0.38888888888888884,True
2025-05-17 05:00:00,11.0,76,1.2222222222222223,True
2025-05-17 06:00:00,13.7,59,0.5555555555555556,True
2025-05-17 07:00:00,14.9,55,0.9722222222222222,True
2025-05-17 08:00:00,15.9,53,1.4444444444444444,True
2025-05-17 09:00:00,16.8,52,1.5833333333333333,True
2025-05-17 10:00:00,17.3,51,2.361111111111111,True
2025-05-17 11:00:00,17.2,54,2.5833333333333335,True
2025-05-17 12:00:00,17.5,53,3.3888888888888884,True
2025-05-17 13:00:00,18.4,49,2.4722222222222223,True
2025-05-17 14:00:00,15.5,67,3.1666666666666665,True
2025-05-17 15:00:00,16.5,62,1.3888888888888888,True
2025-05-17 16:00:00,16.9,61,0.5,True
2025-05-17 17:00:00,17.3,53,1.8611111111111112,True
2025-05-17 18:00:00,16.2,58,2.2777777777777777,True
2025-05-17 19:00:00,15.9,59,1.5555555555555554,True
2025-05-17 20:00:00,15.6,61,2.111111111111111,True
2025-05-17 21:00:00,14.6,62,2.305555555555556,True
2025-05-17 22:00:00,14.0,63,2.5555555555555554,True
2025-05-17 23:00:00,13.6,61,2.861111111111111,True
2025-05-18 00:00:00,11.8,82,3.638888888888889,True
2025-05-18 01:00:00,12.6,74,3.611111111111111,True
2025-05-18 02:00:00,12.3,88,3.6944444444444446,True
2025-05-18 03:00:00,11.7,87,3.6944444444444446,True
2025-05-18 04:00:00,11.2,88,3.0,True
2025-05-18 05:00:00,12.1,86,3.2777777777777777,True
2025-05-18 06:00:00,13.6,83,2.5277777777777777,True
2025-05-18 07:00:00,13.5,88,2.5,True
2025-05-18 08:00:00,13.8,85,2.9166666666666665,True
2025-05-18 09:00:00,14.8,81,2.111111111111111,True
2025-05-18 10:00:00,15.2,80,4.25,True
2025-05-18 11:00:00,16.2,83,2.25,True
2025-05-18 12:00:00,16.7,81,2.0,True
2025-05-18 13:00:00,18.0,69,5.083333333333333,True
2025-05-18 14:00:00,17.7,77,4.138888888888889,True
2025-05-18 15:00:00,17.2,79,3.1666666666666665,True
2025-05-18 16:00:00,16.7,79,1.2222222222222223,True
2025-05-18 17:00:00,14.7,93,1.6666666666666665,True
2025-05-18 18:00:00,14.3,91,4.638888888888888,True
2025-05-18 19:00:00,13.7,89,3.416666666666667,True
2025-05-18 20:00:00,13.4,87,3.8055555555555554,True
2025-05-18 21:00:00,13.3,91,3.5,True
2025-05-18 22:00:00,13.4,91,4.055555555555555,True
2025-05-18 23:00:00,12.9,91,4.305555555555555,True
2025-05-19 00:00:00,12.5,91,4.583333333333333,True
2025-05-19 01:00:00,12.5,89,4.666666666666667,True
2025-05-19 02:00:00,12.6,91,4.555555555555555,True
2025-05-19 03:00:00,13.3,89,3.9722222222222223,True
2025-05-19 04:00:00,13.2,90,3.611111111111111,True
2025-05-19 05:00:00,14.0,89,3.611111111111111,True
2025-05-19 06:00:00,15.4,88,2.9166666666666665,True
2025-05-19 07:00:00,16.5,85,2.4444444444444446,True
2025-05-19 08:00:00,17.4,85,1.611111111111111,True
2025-05-19 09:00:00,17.2,88,1.0,True
2025-05-19 10:00:00,17.6,89,0.5833333333333334,True
2025-05-19 11:00:00,19.2,83,0.5833333333333334,True
2025-05-19 12:00:00,18.7,86,2.1944444444444446,True
2025-05-19 13:00:00,20.7,72,3.0,True
2025-05-19 14:00:00,20.5,74,3.7222222222222223,True
2025-05-19 15:00:00,20.1,76,2.833333333333333,True
2025-05-19 16:00:00,19.8,76,1.972222222222222,True
2025-05-19 17:00:00,19.5,77,0.9444444444444444,True
2025-05-19 18:00:00,18.0,86,0.4444444444444445,True
2025-05-19 19:00:00,17.4,84,1.0833333333333333,True
2025-05-19 20:00:00,16.5,86,1.3611111111111112,True
2025-05-19 21:00:00,15.0,91,1.972222222222222,True
2025-05-19 22:00:00,14.1,92,2.138888888888889,True
2025-05-19 23:00:00,13.8,91,1.611111111111111,True
2025-05-20 00:00:00,13.8,89,2.694444444444444,True
2025-05-20 01:00:00,15.6,88,2.1666666666666665,True
2025-05-20 02:00:00,14.8,89,2.638888888888889,True
2025-05-20 03:00:00,14.7,86,2.9166666666666665,True
2025-05-20 04:00:00,15.0,84,3.0,True
2025-05-20 05:00:00,16.1,83,2.861111111111111,True
2025-05-20 06:00:00,18.0,83,2.5555555555555554,True
2025-05-20 07:00:00,19.4,72,1.472222222222222,True
2025-05-20 08:00:00,18.8,78,2.1666666666666665,True
2025-05-20 09:00:00,18.8,79,1.777777777777778,True
2025-05-20 10:00:00,20.3,76,0.19444444444444442,True
2025-05-20 11:00:00,21.0,70,1.5277777777777777,True
2025-05-20 12:00:00,20.4,73,1.611111111111111,True
2025-05-20 13:00:00,19.2,86,0.6666666666666666,True
2025-05-20 14:00:00,18.4,95,0.8611111111111112,True
2025-05-20 15:00:00,19.3,88,1.4166666666666665,True
2025-05-20 16:00:00,19.4,86,1.0833333333333333,True
2025-05-20 17:00:00,18.9,92,1.3333333333333333,True
2025-05-20 18:00:00,18.1,96,1.5,True
2025-05-20 19:00:00,17.0,95,0.8055555555555555,True
2025-05-20 20:00:00,17.0,90,1.5555555555555554,True
2025-05-20 21:00:00,16.4,85,1.75,True
2025-05-20 22:00:00,15.7,83,2.75,True
2025-05-20 23:00:00,14.5,85,2.944444444444444,True
2025-05-21 00:00:00,13.9,87,2.888888888888889,True
2025-05-21 01:00:00,14.0,96,1.8888888888888888,True
2025-05-21 02:00:00,13.7,95,1.972222222222222,True
2025-05-21 03:00:00,13.5,93,1.972222222222222,True
2025-05-21 04:00:00,13.5,91,2.611111111111111,True
2025-05-21 05:00:00,15.2,88,2.638888888888889,True
2025-05-21 06:00:00,17.9,85,1.8611111111111112,True
2025-05-21 07:00:00,19.5,75,1.1388888888888888,True
2025-05-21 08:00:00,20.1,66,0.5555555555555556,True
2025-05-21 09:00:00,20.9,63,1.2777777777777777,True
2025-05-21 10:00:00,21.1,63,2.4166666666666665,True
2025-05-21 11:00:00,19.4,68,2.972222222222222,True
2025-05-21 12:00:00,18.8,76,2.0,True
2025-05-21 13:00:00,20.6,76,2.1666666666666665,True
2025-05-21 14:00:00,20.0,75,2.361111111111111,True
2025-05-21 15:00:00,19.5,76,2.3333333333333335,True
2025-05-21 16:00:00,18.6,82,1.8055555555555556,True
2025-05-21 17:00:00,18.1,85,1.0833333333333333,True
2025-05-21 18:00:00,17.3,93,0.5,True
2025-05-21 19:00:00,16.3,93,0.41666666666666663,True
2025-05-21 20:00:00,15.8,93,1.0,True
2025-05-21 21:00:00,14.7,94,1.1111111111111112,True
2025-05-21 22:00:00,13.9,93,1.25,True
2025-05-21 23:00:00,13.3,92,1.611111111111111,True
2025-05-22 00:00:00,12.9,92,1.8611111111111112,True
2025-05-22 01:00:00,14.4,98,2.0,True
2025-05-22 02:00:00,14.8,97,1.611111111111111,True
2025-05-22 03:00:00,14.4,95,2.7777777777777777,True
2025-05-22 04:00:00,14.4,92,2.361111111111111,True
2025-05-22 05:00:00,15.7,92,2.9166666666666665,True
2025-05-22 06:00:00,17.0,90,1.6388888888888888,True
2025-05-22 07:00:00,18.0,90,1.777777777777778,True
2025-05-22 08:00:00,18.4,84,3.333333333333333,True
2025-05-22 09:00:00,18.2,90,2.7777777777777777,True
2025-05-22 10:00:00,18.8,91,3.416666666666667,True
2025-05-22 11:00:00,19.0,79,5.861111111111112,True
2025-05-22 12:00:00,20.6,67,5.027777777777778,True
2025-05-22 13:00:00,20.4,61,6.499999999999999,True
2025-05-22 14:00:00,21.1,60,5.916666666666667,True
2025-05-22 15:00:00,20.0,69,3.8333333333333335,True
2025-05-22 16:00:00,17.3,91,2.138888888888889,True
2025-05-22 17:00:00,16.3,97,0.9166666666666666,True
2025-05-22 18:00:00,15.9,98,2.1944444444444446,True
2025-05-22 19:00:00,15.5,97,2.055555555555556,True
2025-05-22 20:00:00,15.8,97,2.5277777777777777,True
2025-05-22 21:00:00,15.7,97,3.0,True
2025-05-22 22:00:00,15.4,97,2.1944444444444446,True
2025-05-22 23:00:00,15.1,97,2.1666666666666665,True
2025-05-23 00:00:00,14.5,94,2.055555555555556,True
2025-05-23 01:00:00,12.6,92,2.7222222222222223,True
2025-05-23 02:00:00,12.3,91,3.888888888888889,True
2025-05-23 03:00:00,11.5,90,8.527777777777777,True
2025-05-23 04:00:00,10.8,90,8.194444444444445,True
2025-05-23 05:00:00,11.6,82,7.638888888888888,True
2025-05-23 06:00:00,10.9,91,6.861111111111111,True
2025-05-23 07:00:00,11.2,91,6.833333333333334,True
2025-05-23 08:00:00,11.5,91,5.694444444444445,True
2025-05-23 09:00:00,12.7,84,5.055555555555555,True
2025-05-23 10:00:00,13.0,83,3.9166666666666665,True
2025-05-23 11:00:00,13.7,79,3.638888888888889,True
2025-05-23 12:00:00,13.8,77,3.944444444444444,True
2025-05-23 13:00:00,14.7,66,5.194444444444444,True
2025-05-23 14:00:00,14.9,62,5.555555555555555,True
2025-05-23 15:00:00,14.8,62,4.972222222222221,True
2025-05-23 16:00:00,14.9,61,5.083333333333333,True
2025-05-23 17:00:00,14.4,62,4.388888888888889,True
2025-05-23 18:00:00,13.5,64,3.083333333333333,True
2025-05-23 19:00:00,12.8,63,3.0,True
2025-05-23 20:00:00,11.7,69,3.333333333333333,True
2025-05-23 21:00:00,11.2,73,3.9722222222222223,True
2025-05-23 22:00:00,10.5,76,3.8055555555555554,True
2025-05-23 23:00:00,10.2,76,3.8055555555555554,True
2025-05-24 00:00:00,9.7,77,3.5,True
2025-05-24 01:00:00,9.7,79,2.75,True
2025-05-24 02:00:00,9.3,80,3.1666666666666665,True
2025-05-24 03:00:00,9.0,80,2.972222222222222,True
2025-05-24 04:00:00,8.8,80,3.1666666666666665,True
2025-05-24 05:00:00,10.5,78,3.0,True
2025-05-24 06:00:00,13.5,76,2.2777777777777777,True
2025-05-24 07:00:00,15.8,65,1.6944444444444442,True
2025-05-24 08:00:00,17.1,54,2.4444444444444446,True
2025-05-24 09:00:00,17.9,49,2.8055555555555554,True
2025-05-24 10:00:00,18.5,46,2.5833333333333335,True
2025-05-24 11:00:00,18.9,45,2.2222222222222223,True
2025-05-24 12:00:00,19.2,44,2.0833333333333335,True
2025-05-24 13:00:00,17.0,63,4.694444444444444,True
2025-05-24 14:00:00,18.1,60,4.305555555555555,True
2025-05-24 15:00:00,17.6,62,4.0,True
2025-05-24 16:00:00,17.6,62,3.7222222222222223,True
2025-05-24 17:00:00,16.8,70,3.638888888888889,True
2025-05-24 18:00:00,15.7,75,2.3333333333333335,True
2025-05-24 19:00:00,14.2,72,2.055555555555556,True
2025-05-24 20:00:00,12.3,74,2.1666666666666665,True
2025-05-24 21:00:00,11.0,73,2.888888888888889,True
2025-05-24 22:00:00,10.8,70,3.2777777777777777,True
2025-05-24 23:00:00,10.5,70,3.3611111111111107,True
2025-05-25 00:00:00,9.9,72,3.2777777777777777,True
2025-05-25 01:00:00,9.8,72,3.888888888888889,True
2025-05-25 02:00:00,9.7,72,4.138888888888889,True
2025-05-25 03:00:00,9.6,72,4.111111111111112,True
2025-05-25 04:00:00,9.5,74,3.8333333333333335,True
2025-05-25 05:00:00,10.9,76,3.083333333333333,True
2025-05-25 06:00:00,14.3,76,2.111111111111111,True
2025-05-25 07:00:00,16.6,60,1.1666666666666667,True
2025-05-25 08:00:00,17.8,50,0.5833333333333334,True
2025-05-25 09:00:00,18.4,49,1.5555555555555554,True
2025-05-25 10:00:00,18.0,52,1.972222222222222,True
2025-05-25 11:00:00,18.8,52,2.1944444444444446,True
2025-05-25 12:00:00,19.0,50,2.694444444444444,True
2025-05-25 13:00:00,19.3,50,2.8055555555555554,True
2025-05-25 14:00:00,19.0,49,3.138888888888889,True
2025-05-25 15:00:00,18.3,51,3.194444444444444,True
2025-05-25 16:00:00,18.1,56,1.8888888888888888,True
2025-05-25 17:00:00,17.9,64,0.5,True
2025-05-25 18:00:00,17.0,72,0.3611111111111111,True
2025-05-25 19:00:00,15.8,72,0.41666666666666663,True
2025-05-25 20:00:00,15.4,72,0.4444444444444445,True
2025-05-25 21:00:00,14.8,71,0.9722222222222222,True
2025-05-25 22:00:00,13.8,75,0.8055555555555555,True
2025-05-25 23:00:00,13.1,78,1.1388888888888888,True
2025-05-26 00:00:00,12.4,81,1.3055555555555556,True
2025-05-26 01:00:00,14.5,76,0.5277777777777778,True
2025-05-26 02:00:00,13.7,77,0.888888888888889,True
2025-05-26 03:00:00,13.4,78,1.0,True
2025-05-26 04:00:00,14.1,76,1.6388888888888888,True
2025-05-26 05:00:00,14.8,81,2.305555555555556,True
2025-05-26 06:00:00,17.3,75,1.4444444444444444,True
2025-05-26 07:00:00,18.7,70,0.3055555555555556,True
2025-05-26 08:00:00,19.5,65,0.75,True
2025-05-26 09:00:00,20.2,62,1.1111111111111112,True
2025-05-26 10:00:00,20.6,60,1.5833333333333333,True
2025-05-26 11:00:00,21.1,58,2.5277777777777777,True
2025-05-26 12:00:00,21.0,56,2.6666666666666665,True
2025-05-26 13:00:00,22.1,51,2.7777777777777777,True
2025-05-26 14:00:00,21.9,54,1.972222222222222,True
2025-05-26 15:00:00,21.5,55,1.4166666666666665,True
2025-05-26 16:00:00,21.2,56,0.6944444444444444,True
2025-05-26 17:00:00,20.3,67,0.7777777777777777,True
2025-05-26 18:00:00,19.0,75,0.25,True
2025-05-26 19:00:00,17.3,77,0.6666666666666666,True
2025-05-26 20:00:00,16.4,84,0.8611111111111112,True
2025-05-26 21:00:00,15.5,89,1.25,True
2025-05-26 22:00:00,14.0,92,1.7222222222222223,True
2025-05-26 23:00:00,13.1,91,2.25,True
2025-05-27 00:00:00,12.6,90,2.1666666666666665,True
2025-05-27 01:00:00,14.4,85,3.4444444444444446,True
2025-05-27 02:00:00,15.0,85,3.5277777777777777,True
2025-05-27 03:00:00,14.7,85,3.6666666666666665,True
2025-05-27 04:00:00,15.3,79,4.194444444444445,True
2025-05-27 05:00:00,17.1,69,4.611111111111112,True
2025-05-27 06:00:00,18.5,62,4.972222222222221,True
2025-05-27 07:00:00,19.9,63,5.055555555555555,True
2025-05-27 08:00:00,21.0,58,5.638888888888889,True
2025-05-27 09:00:00,21.9,55,5.472222222222222,True
2025-05-27 10:00:00,22.5,51,4.75,True
2025-05-27 11:00:00,23.6,48,2.4722222222222223,True
2025-05-27 12:00:00,21.1,67,3.9166666666666665,True
2025-05-27 13:00:00,23.3,42,1.5277777777777777,True
2025-05-27 14:00:00,21.5,57,2.7777777777777777,True
2025-05-27 15:00:00,20.6,66,1.4166666666666665,True
2025-05-27 16:00:00,20.2,66,2.0,True
2025-05-27 17:00:00,20.0,70,1.7222222222222223,True
2025-05-27 18:00:00,19.0,76,2.1666666666666665,True
2025-05-27 19:00:00,17.7,78,2.5277777777777777,True
2025-05-27 20:00:00,17.5,74,2.888888888888889,True
2025-05-27 21:00:00,15.7,81,2.6666666666666665,True
2025-05-27 22:00:00,14.6,85,2.861111111111111,True
2025-05-27 23:00:00,13.9,85,2.8055555555555554,True
2025-05-28 00:00:00,13.5,86,2.5277777777777777,True
2025-05-28 01:00:00,14.4,83,2.861111111111111,True
2025-05-28 02:00:00,14.6,81,3.3888888888888884,True
2025-05-28 03:00:00,14.2,80,3.4722222222222223,True
2025-05-28 04:00:00,14.2,79,3.9722222222222223,True
2025-05-28 05:00:00,15.9,77,3.3888888888888884,True
2025-05-28 06:00:00,18.8,77,2.4166666666666665,True
2025-05-28 07:00:00,20.8,67,1.472222222222222,True
2025-05-28 08:00:00,22.0,61,0.6111111111111112,True
2025-05-28 09:00:00,22.5,56,1.5555555555555554,True
2025-05-28 10:00:00,22.8,53,2.0833333333333335,True
2025-05-28 11:00:00,22.7,56,2.6666666666666665,True
2025-05-28 12:00:00,22.3,60,2.611111111111111,True
2025-05-28 13:00:00,22.6,56,2.888888888888889,True
2025-05-28 14:00:00,22.2,56,2.2222222222222223,True
2025-05-28 15:00:00,21.5,60,2.305555555555556,True
2025-05-28 16:00:00,20.7,64,0.9166666666666666,True
2025-05-28 17:00:00,20.2,66,0.5555555555555556,True
2025-05-28 18:00:00,18.6,80,1.8055555555555556,True
2025-05-28 19:00:00,17.4,78,3.222222222222222,True
2025-05-28 20:00:00,16.5,85,2.305555555555556,True
2025-05-28 21:00:00,16.1,89,3.222222222222222,True
2025-05-28 22:00:00,14.9,93,2.5,True
2025-05-28 23:00:00,14.1,94,2.1666666666666665,True
2025-05-29 00:00:00,13.7,92,2.4166666666666665,True
2025-05-29 01:00:00,14.3,92,2.4444444444444446,True
2025-05-29 02:00:00,13.9,92,2.4444444444444446,True
2025-05-29 03:00:00,13.4,92,1.472222222222222,True
2025-05-29 04:00:00,13.4,91,1.75,True
2025-05-29 05:00:00,15.5,89,1.6388888888888888,True
2025-05-29 06:00:00,17.7,85,1.3055555555555556,True
2025-05-29 07:00:00,19.7,79,0.1388888888888889,True
2025-05-29 08:00:00,21.2,72,0.4722222222222222,True
2025-05-29 09:00:00,22.4,56,0.22222222222222224,True
2025-05-29 10:00:00,22.9,49,1.8611111111111112,True
2025-05-29 11:00:00,23.1,48,2.0277777777777777,True
2025-05-29 12:00:00,21.5,60,3.222222222222222,True
2025-05-29 13:00:00,23.4,46,1.3888888888888888,True
2025-05-29 14:00:00,23.9,45,1.5277777777777777,True
2025-05-29 15:00:00,22.6,49,3.7222222222222223,True
2025-05-29 16:00:00,21.9,54,2.888888888888889,True
2025-05-29 17:00:00,21.5,60,1.6944444444444442,True
2025-05-29 18:00:00,20.1,72,1.8611111111111112,True
2025-05-29 19:00:00,17.5,86,2.388888888888889,True
2025-05-29 20:00:00,16.1,90,3.083333333333333,True
2025-05-29 21:00:00,16.8,76,3.9722222222222223,True
2025-05-29 22:00:00,17.8,61,3.9166666666666665,True
2025-05-29 23:00:00,17.7,58,4.027777777777778,True
2025-05-30 00:00:00,17.0,62,4.027777777777778,True
2025-05-30 01:00:00,16.5,67,2.888888888888889,True
2025-05-30 02:00:00,16.6,67,2.5,True
2025-05-30 03:00:00,16.3,70,2.4444444444444446,True
2025-05-30 04:00:00,16.3,73,2.944444444444444,True
2025-05-30 05:00:00,16.9,75,2.4722222222222223,True
2025-05-30 06:00:00,18.7,70,1.1388888888888888,True
2025-05-30 07:00:00,20.2,62,0.75,True
2025-05-30 08:00:00,21.3,56,0.9722222222222222,True
2025-05-30 09:00:00,21.8,55,1.972222222222222,True
2025-05-30 10:00:00,21.9,56,2.6666666666666665,True
2025-05-30 11:00:00,22.4,54,2.972222222222222,True
2025-05-30 12:00:00,22.1,49,3.416666666666667,True
2025-05-30 13:00:00,23.0,48,3.8333333333333335,True
2025-05-30 14:00:00,22.4,54,3.611111111111111,True
2025-05-30 15:00:00,22.1,53,2.4722222222222223,True
2025-05-30 16:00:00,21.9,51,0.9166666666666666,True
2025-05-30 17:00:00,21.5,53,0.6666666666666666,True
2025-05-30 18:00:00,20.0,70,0.6944444444444444,True
2025-05-30 19:00:00,18.3,76,1.0,True
2025-05-30 20:00:00,17.2,83,1.3888888888888888,True
2025-05-30 21:00:00,15.8,89,1.472222222222222,True
2025-05-30 22:00:00,14.9,92,1.6666666666666665,True
2025-05-30 23:00:00,14.5,90,1.8055555555555556,True
2025-05-31 00:00:00,14.3,87,1.5555555555555554,True
2025-05-31 01:00:00,14.2,85,1.3333333333333333,True
2025-05-31 02:00:00,13.8,85,1.5555555555555554,True
2025-05-31 03:00:00,13.7,84,2.0833333333333335,True
2025-05-31 04:00:00,14.2,83,2.4444444444444446,True
2025-05-31 05:00:00,17.0,78,2.5833333333333335,True
2025-05-31 06:00:00,20.1,76,1.611111111111111,True
2025-05-31 07:00:00,22.7,64,0.3333333333333333,True
2025-05-31 08:00:00,24.0,58,0.75,True
2025-05-31 09:00:00,24.7,58,1.7222222222222223,True
2025-05-31 10:00:00,25.0,59,2.638888888888889,True
2025-05-31 11:00:00,25.1,60,2.944444444444444,True
2025-05-31 12:00:00,25.2,57,2.8055555555555554,True
2025-05-31 13:00:00,25.5,58,2.861111111111111,True
2025-05-31 14:00:00,25.4,56,2.972222222222222,True
2025-05-31 15:00:00,24.7,57,2.4444444444444446,True
2025-05-31 16:00:00,24.0,58,1.611111111111111,True
2025-05-31 17:00:00,23.3,60,0.9444444444444444,True
2025-05-31 18:00:00,22.1,68,1.1111111111111112,True
2025-05-31 19:00:00,20.8,74,0.9722222222222222,True
2025-05-31 20:00:00,20.4,75,1.3611111111111112,True
2025-05-31 21:00:00,18.6,83,1.777777777777778,True
2025-05-31 22:00:00,17.1,90,1.9166666666666667,True
2025-05-31 23:00:00,16.3,92,1.8888888888888888,True
2025-06-01 00:00:00,15.8,91,1.8888888888888888,True
2025-06-01 01:00:00,15.5,89,1.972222222222222,True
2025-06-01 02:00:00,15.3,88,1.8055555555555556,True
2025-06-01 03:00:00,15.2,87,1.5833333333333333,True
2025-06-01 04:00:00,15.3,86,1.5555555555555554,True
2025-06-01 05:00:00,17.9,81,2.055555555555556,True
2025-06-01 06:00:00,22.1,70,1.3333333333333333,True
2025-06-01 07:00:00,24.0,59,0.4722222222222222,True
2025-06-01 08:00:00,24.9,57,0.9722222222222222,True
2025-06-01 09:00:00,25.5,54,1.472222222222222,True
2025-06-01 10:00:00,26.3,48,2.0,True
2025-06-01 11:00:00,26.7,45,3.0,True
2025-06-01 12:00:00,26.6,47,3.5277777777777777,True
2025-06-01 13:00:00,26.5,43,3.3611111111111107,True
2025-06-01 14:00:00,26.1,43,2.6666666666666665,True
2025-06-01 15:00:00,25.6,44,2.4444444444444446,True
2025-06-01 16:00:00,24.9,49,1.972222222222222,True
2025-06-01 17:00:00,23.9,54,1.6944444444444442,True
2025-06-01 18:00:00,22.8,69,0.6666666666666666,True
2025-06-01 19:00:00,21.6,64,0.41666666666666663,True
2025-06-01 20:00:00,20.6,65,0.8055555555555555,True
2025-06-01 21:00:00,19.8,64,0.8333333333333333,True
2025-06-01 22:00:00,20.1,59,1.4166666666666665,True
2025-06-01 23:00:00,18.6,65,2.111111111111111,True
2025-06-02 00:00:00,17.5,70,2.1666666666666665,True
2025-06-02 01:00:00,17.8,69,2.833333333333333,True
2025-06-02 02:00:00,17.4,72,2.4722222222222223,True
2025-06-02 03:00:00,16.8,75,2.5277777777777777,True
2025-06-02 04:00:00,16.9,75,2.75,True
2025-06-02 05:00:00,19.1,72,2.694444444444444,True
2025-06-02 06:00:00,22.0,64,1.9444444444444444,True
2025-06-02 07:00:00,23.7,57,0.888888888888889,True
2025-06-02 08:00:00,25.0,56,1.5277777777777777,True
2025-06-02 09:00:00,25.9,54,2.972222222222222,True
2025-06-02 10:00:00,26.4,54,3.6666666666666665,True
2025-06-02 11:00:00,26.9,54,3.944444444444444,True
2025-06-02 12:00:00,27.1,53,4.305555555555555,True
2025-06-02 13:00:00,27.0,53,5.138888888888888,True
2025-06-02 14:00:00,26.4,54,5.583333333333334,True
2025-06-02 15:00:00,25.9,53,5.055555555555555,True
2025-06-02 16:00:00,25.5,53,4.361111111111111,True
2025-06-02 17:00:00,24.1,64,2.888888888888889,True
2025-06-02 18:00:00,23.0,71,2.7222222222222223,True
2025-06-02 19:00:00,22.1,67,2.4722222222222223,True
2025-06-02 20:00:00,21.2,68,1.6388888888888888,True
2025-06-02 21:00:00,20.3,73,1.25,True
2025-06-02 22:00:00,19.7,76,1.4166666666666665,True
2025-06-02 23:00:00,19.0,76,1.9444444444444444,True
2025-06-03 00:00:00,18.8,72,2.2222222222222223,True
2025-06-03 01:00:00,19.3,89,5.416666666666667,True
2025-06-03 02:00:00,18.9,87,5.777777777777778,True
2025-06-03 03:00:00,18.6,87,5.055555555555555,True
2025-06-03 04:00:00,19.2,86,4.583333333333333,True
2025-06-03 05:00:00,20.5,83,4.527777777777778,True
2025-06-03 06:00:00,22.0,79,3.6944444444444446,True
2025-06-03 07:00:00,23.3,70,4.694444444444444,True
2025-06-03 08:00:00,24.4,64,4.194444444444445,True
2025-06-03 09:00:00,25.3,62,4.027777777777778,True
2025-06-03 10:00:00,25.6,61,4.388888888888889,True
2025-06-03 11:00:00,26.4,51,5.694444444444445,True
2025-06-03 12:00:00,25.9,50,5.805555555555555,True
2025-06-03 13:00:00,26.3,49,6.25,True
2025-06-03 14:00:00,26.1,44,5.305555555555556,True
2025-06-03 15:00:00,26.1,45,4.555555555555555,True
2025-06-03 16:00:00,25.9,46,3.5,True
2025-06-03 17:00:00,25.5,49,2.305555555555556,True
2025-06-03 18:00:00,23.8,67,1.0,True
2025-06-03 19:00:00,22.0,72,0.75,True
2025-06-03 20:00:00,21.7,74,2.4166666666666665,True
2025-06-03 21:00:00,20.7,77,1.8055555555555556,True
2025-06-03 22:00:00,19.8,79,0.8055555555555555,True
2025-06-03 23:00:00,19.8,75,1.3611111111111112,True
2025-06-04 00:00:00,18.6,77,2.138888888888889,True
2025-06-04 01:00:00,18.4,77,2.75,True
2025-06-04 02:00:00,18.4,76,2.694444444444444,True
2025-06-04 03:00:00,18.2,76,1.9444444444444444,True
2025-06-04 04:00:00,18.2,75,1.9166666666666667,True
2025-06-04 05:00:00,19.9,72,2.0,True
2025-06-04 06:00:00,22.3,62,1.027777777777778,True
2025-06-04 07:00:00,23.6,56,0.6944444444444444,True
2025-06-04 08:00:00,24.5,54,1.472222222222222,True
2025-06-04 09:00:00,25.1,53,2.138888888888889,True
2025-06-04 10:00:00,25.4,55,2.4166666666666665,True
2025-06-04 11:00:00,25.5,56,2.944444444444444,True
2025-06-04 12:00:00,25.2,57,2.25,True
2025-06-04 13:00:00,25.2,56,1.1666666666666667,True
2025-06-04 14:00:00,25.8,57,2.111111111111111,True
2025-06-04 15:00:00,24.4,63,4.083333333333333,True
2025-06-04 16:00:00,23.6,67,2.388888888888889,True
2025-06-04 17:00:00,23.7,66,1.8055555555555556,True
2025-06-04 18:00:00,22.9,68,1.9444444444444444,True
2025-06-04 19:00:00,21.7,70,1.1666666666666667,True
2025-06-04 20:00:00,20.9,73,0.9722222222222222,True
2025-06-04 21:00:00,20.1,73,1.5555555555555554,True
2025-06-04 22:00:00,19.3,73,1.2222222222222223,True
2025-06-04 23:00:00,18.9,70,2.0,True
2025-06-05 00:00:00,18.7,67,2.361111111111111,True
2025-06-05 01:00:00,19.0,66,2.1944444444444446,True
2025-06-05 02:00:00,18.6,65,2.0833333333333335,True
2025-06-05 03:00:00,18.0,67,1.6944444444444442,True
2025-06-05 04:00:00,18.1,68,1.611111111111111,True
2025-06-05 05:00:00,20.3,64,2.638888888888889,True
2025-06-05 06:00:00,22.8,56,1.75,True
2025-06-05 07:00:00,24.6,48,0.6388888888888888,True
2025-06-05 08:00:00,25.3,46,1.5555555555555554,True
2025-06-05 09:00:00,25.7,46,3.1111111111111107,True
2025-06-05 10:00:00,25.5,50,3.611111111111111,True
2025-06-05 11:00:00,25.2,54,1.1944444444444444,True
2025-06-05 12:00:00,26.6,51,0.9722222222222222,True
2025-06-05 13:00:00,26.7,50,1.611111111111111,True
2025-06-05 14:00:00,25.6,58,1.972222222222222,True
2025-06-05 15:00:00,24.8,63,2.638888888888889,True
2025-06-05 16:00:00,24.2,63,2.305555555555556,True
2025-06-05 17:00:00,23.8,60,1.1944444444444444,True
2025-06-05 18:00:00,23.1,65,1.0833333333333333,True
2025-06-05 19:00:00,22.2,71,1.0555555555555556,True
2025-06-05 20:00:00,21.7,73,1.4166666666666665,True
2025-06-05 21:00:00,21.0,73,1.8333333333333333,True
2025-06-05 22:00:00,20.3,72,2.0,True
2025-06-05 23:00:00,20.4,69,2.111111111111111,True
2025-06-06 00:00:00,19.3,73,1.1388888888888888,True
2025-06-06 01:00:00,19.1,71,2.4722222222222223,True
2025-06-06 02:00:00,19.5,69,3.2777777777777777,True
2025-06-06 03:00:00,19.3,70,2.861111111111111,True
2025-06-06 04:00:00,19.3,72,2.75,True
2025-06-06 05:00:00,20.8,70,2.6666666666666665,True
2025-06-06 06:00:00,22.6,67,1.8055555555555556,True
2025-06-06 07:00:00,23.7,66,2.861111111111111,True
2025-06-06 08:00:00,24.3,65,4.222222222222222,True
2025-06-06 09:00:00,24.5,68,4.666666666666667,True
2025-06-06 10:00:00,24.6,73,4.666666666666667,True
2025-06-06 11:00:00,24.9,69,4.25,True
2025-06-06 12:00:00,25.2,65,3.6944444444444446,True
2025-06-06 13:00:00,25.4,60,3.7777777777777777,True
2025-06-06 14:00:00,25.2,59,3.5,True
2025-06-06 15:00:00,25.0,60,3.222222222222222,True
2025-06-06 16:00:00,24.8,60,2.1666666666666665,True
2025-06-06 17:00:00,24.6,57,1.25,True
2025-06-06 18:00:00,24.0,67,0.08333333333333333,True
2025-06-06 19:00:00,22.5,66,0.25,True
2025-06-06 20:00:00,21.8,67,0.5555555555555556,True
2025-06-06 21:00:00,21.5,66,0.4444444444444445,True
2025-06-06 22:00:00,21.4,65,0.11111111111111112,True
2025-06-06 23:00:00,21.1,65,0.11111111111111112,True
2025-06-07 00:00:00,20.5,66,0.4722222222222222,True
2025-06-07 01:00:00,20.9,70,1.777777777777778,True
2025-06-07 02:00:00,20.0,74,1.75,True
2025-06-07 03:00:00,18.7,78,1.8055555555555556,True
2025-06-07 04:00:00,18.1,81,2.138888888888889,True
2025-06-07 05:00:00,20.4,75,2.361111111111111,True
2025-06-07 06:00:00,23.3,61,1.611111111111111,True
2025-06-07 07:00:00,24.8,54,1.5555555555555554,True
2025-06-07 08:00:00,25.7,52,2.7222222222222223,True
2025-06-07 09:00:00,26.3,54,3.5277777777777777,True
2025-06-07 10:00:00,26.8,53,5.0,True
2025-06-07 11:00:00,26.3,58,5.472222222222222,True
2025-06-07 12:00:00,26.4,56,5.583333333333334,True
2025-06-07 13:00:00,27.3,49,4.333333333333333,True
2025-06-07 14:00:00,27.4,46,4.5,True
2025-06-07 15:00:00,27.2,47,4.555555555555555,True
2025-06-07 16:00:00,26.2,56,4.388888888888889,True
2025-06-07 17:00:00,25.7,59,2.611111111111111,True
2025-06-07 18:00:00,24.7,67,1.1388888888888888,True
2025-06-07 19:00:00,23.2,71,1.9444444444444444,True
2025-06-07 20:00:00,22.4,72,1.8055555555555556,True
2025-06-07 21:00:00,21.1,75,1.75,True
2025-06-07 22:00:00,20.9,71,2.7222222222222223,True
2025-06-07 23:00:00,21.4,59,3.0555555555555554,True
2025-06-08 00:00:00,21.6,57,2.972222222222222,True
2025-06-08 01:00:00,21.5,58,3.3611111111111107,True
2025-06-08 02:00:00,22.0,58,3.3055555555555554,True
2025-06-08 03:00:00,22.0,61,3.222222222222222,True
2025-06-08 04:00:00,21.7,64,3.2499999999999996,True
2025-06-08 05:00:00,22.8,64,2.9166666666666665,True
2025-06-08 06:00:00,24.5,63,2.5833333333333335,True
2025-06-08 07:00:00,25.3,62,5.361111111111112,True
2025-06-08 08:00:00,26.0,62,6.083333333333333,True
2025-06-08 09:00:00,26.6,56,6.388888888888888,True
2025-06-08 10:00:00,26.3,58,6.194444444444445,True
2025-06-08 11:00:00,26.5,57,5.611111111111111,True
2025-06-08 12:00:00,26.7,56,5.222222222222222,True
2025-06-08 13:00:00,27.0,53,4.944444444444445,True
2025-06-08 14:00:00,26.7,54,3.8333333333333335,True
2025-06-08 15:00:00,27.0,49,2.388888888888889,True
2025-06-08 16:00:00,27.3,46,1.0555555555555556,True
2025-06-08 17:00:00,27.2,45,0.4722222222222222,True
2025-06-08 18:00:00,25.9,55,0.9444444444444444,True
2025-06-08 19:00:00,23.6,60,0.9722222222222222,True
2025-06-08 20:00:00,22.8,61,2.055555555555556,True
2025-06-08 21:00:00,22.7,60,4.333333333333333,True
2025-06-08 22:00:00,21.2,61,5.888888888888888,True
2025-06-08 23:00:00,20.9,61,6.944444444444445,True
2025-06-09 00:00:00,20.5,62,7.583333333333333,True
2025-06-09 01:00:00,20.3,60,10.222222222222221,True
2025-06-09 02:00:00,19.7,59,10.499999999999998,True
2025-06-09 03:00:00,19.3,60,10.055555555555555,True
2025-06-09 04:00:00,19.2,62,10.11111111111111,True
2025-06-09 05:00:00,19.0,63,10.305555555555555,True
2025-06-09 06:00:00,19.2,62,10.388888888888888,True
2025-06-09 07:00:00,19.7,60,10.388888888888888,True
2025-06-09 08:00:00,19.9,58,10.222222222222221,True
2025-06-09 09:00:00,21.8,50,10.416666666666666,True
2025-06-09 10:00:00,22.7,46,9.805555555555555,True
2025-06-09 11:00:00,23.6,42,9.138888888888888,True
2025-06-09 12:00:00,24.7,40,8.194444444444445,True
2025-06-09 13:00:00,25.2,41,7.472222222222221,True
2025-06-09 14:00:00,24.9,41,7.749999999999999,True
2025-06-09 15:00:00,24.9,41,7.666666666666667,True
2025-06-09 16:00:00,24.9,40,6.972222222222222,True
2025-06-09 17:00:00,24.1,42,6.499999999999999,True
2025-06-09 18:00:00,22.9,44,6.694444444444445,True
2025-06-09 19:00:00,21.9,45,7.055555555555555,True
2025-06-09 20:00:00,21.1,47,6.888888888888889,True
2025-06-09 21:00:00,20.3,50,6.972222222222222,True
2025-06-09 22:00:00,19.6,52,7.083333333333333,True
2025-06-09 23:00:00,19.1,53,7.111111111111112,True
2025-06-10 00:00:00,18.7,55,7.194444444444444,True
2025-06-10 01:00:00,18.0,59,7.111111111111112,True
2025-06-10 02:00:00,17.7,59,6.888888888888889,True
2025-06-10 03:00:00,17.4,59,6.472222222222222,True
2025-06-10 04:00:00,17.3,59,6.0,True
2025-06-10 05:00:00,18.2,58,5.888888888888888,True
2025-06-10 06:00:00,19.9,52,6.055555555555555,True
2025-06-10 07:00:00,21.7,44,6.194444444444445,True
2025-06-10 08:00:00,23.6,40,5.416666666666667,True
2025-06-10 09:00:00,25.4,36,4.361111111111111,True
2025-06-10 10:00:00,26.9,33,3.222222222222222,True
2025-06-10 11:00:00,28.1,32,2.055555555555556,True
2025-06-10 12:00:00,29.0,30,0.9166666666666666,True
2025-06-10 13:00:00,29.3,32,2.111111111111111,True
2025-06-10 14:00:00,28.2,37,4.416666666666667,True
2025-06-10 15:00:00,26.7,38,4.5,True
2025-06-10 16:00:00,25.7,39,2.9166666666666665,True
2025-06-10 17:00:00,24.9,43,1.7222222222222223,True
2025-06-10 18:00:00,23.4,59,0.7222222222222222,True
2025-06-10 19:00:00,22.1,58,0.5,True
2025-06-10 20:00:00,21.5,55,0.6944444444444444,True
2025-06-10 21:00:00,20.7,51,1.0,True
2025-06-10 22:00:00,19.6,54,1.1111111111111112,True
2025-06-10 23:00:00,17.9,61,1.6666666666666665,True
2025-06-11 00:00:00,16.6,67,1.8333333333333333,True
2025-06-11 01:00:00,15.7,75,1.9444444444444444,True
2025-06-11 02:00:00,15.6,76,1.8888888888888888,True
2025-06-11 03:00:00,15.5,77,2.0,True
2025-06-11 04:00:00,16.0,76,2.25,True
2025-06-11 05:00:00,19.2,67,2.4722222222222223,True
2025-06-11 06:00:00,22.7,60,1.75,True
2025-06-11 07:00:00,25.5,50,0.7222222222222222,True
2025-06-11 08:00:00,27.5,44,1.6666666666666665,True
2025-06-11 09:00:00,29.4,35,1.7222222222222223,True
2025-06-11 10:00:00,30.2,33,1.3055555555555556,True
2025-06-11 11:00:00,30.3,35,1.25,True
2025-06-11 12:00:00,29.6,48,3.6666666666666665,True
2025-06-11 13:00:00,29.4,50,4.861111111111111,True
2025-06-11 14:00:00,28.4,47,3.4722222222222223,True
2025-06-11 15:00:00,29.1,42,2.25,True
2025-06-11 16:00:00,27.9,50,2.25,True
2025-06-11 17:00:00,26.7,57,1.6666666666666665,True
2025-06-11 18:00:00,25.5,58,2.3333333333333335,True
2025-06-11 19:00:00,24.4,59,1.4444444444444444,True
2025-06-11 20:00:00,24.0,62,1.1944444444444444,True
2025-06-11 21:00:00,22.5,69,2.138888888888889,True
2025-06-11 22:00:00,21.7,65,3.8055555555555554,True
2025-06-11 23:00:00,22.8,51,5.972222222222222,True
2025-06-12 00:00:00,22.7,54,7.749999999999999,True
2025-06-12 01:00:00,22.0,57,7.638888888888888,True
2025-06-12 02:00:00,21.4,58,7.749999999999999,True
2025-06-12 03:00:00,20.7,56,7.777777777777778,True
2025-06-12 04:00:00,20.4,52,7.805555555555555,True
2025-06-12 05:00:00,20.6,50,7.555555555555555,True
2025-06-12 06:00:00,21.8,48,7.527777777777778,True
2025-06-12 07:00:00,23.4,44,7.194444444444444,True
2025-06-12 08:00:00,25.1,40,6.555555555555555,True
2025-06-12 09:00:00,26.9,38,5.444444444444445,True
2025-06-12 10:00:00,28.4,36,4.444444444444445,True
2025-06-12 11:00:00,29.7,35,3.2499999999999996,True
2025-06-12 12:00:00,30.7,34,2.138888888888889,True
2025-06-12 13:00:00,31.3,32,1.8055555555555556,True
2025-06-12 14:00:00,31.5,32,1.972222222222222,True
2025-06-12 15:00:00,30.8,35,3.7222222222222223,True
2025-06-12 16:00:00,29.2,49,3.6666666666666665,True
2025-06-12 17:00:00,27.9,55,2.5,True
2025-06-12 18:00:00,26.3,59,2.694444444444444,True
2025-06-12 19:00:00,25.5,53,2.888888888888889,True
2025-06-12 20:00:00,25.2,49,3.0277777777777777,True
2025-06-12 21:00:00,24.6,49,3.8333333333333335,True
2025-06-12 22:00:00,23.6,52,4.027777777777778,True
2025-06-12 23:00:00,23.2,53,4.416666666666667,True
2025-06-13 00:00:00,23.0,53,4.75,True
2025-06-13 01:00:00,22.0,58,4.388888888888889,True
2025-06-13 02:00:00,21.8,58,4.888888888888889,True
2025-06-13 03:00:00,21.9,58,5.472222222222222,True
2025-06-13 04:00:00,22.1,57,6.305555555555555,True
2025-06-13 05:00:00,22.6,57,6.583333333333333,True
2025-06-13 06:00:00,23.7,54,6.638888888888888,True
2025-06-13 07:00:00,25.2,48,7.055555555555555,True
2025-06-13 08:00:00,26.7,45,6.361111111111111,True
2025-06-13 09:00:00,28.3,41,5.5,True
2025-06-13 10:00:00,29.7,38,4.916666666666666,True
2025-06-13 11:00:00,31.0,36,4.305555555555555,True
2025-06-13 12:00:00,31.8,34,3.8333333333333335,True
2025-06-13 13:00:00,32.4,33,1.3055555555555556,True
2025-06-13 14:00:00,30.8,46,2.7222222222222223,True
2025-06-13 15:00:00,29.2,60,3.5277777777777777,True
2025-06-13 16:00:00,27.6,64,2.944444444444444,True
2025-06-13 17:00:00,27.2,61,1.4166666666666665,True
2025-06-13 18:00:00,26.6,65,0.38888888888888884,True
2025-06-13 19:00:00,25.8,64,1.3888888888888888,True
2025-06-13 20:00:00,25.9,51,3.861111111111111,True
2025-06-13 21:00:00,25.6,47,5.194444444444444,True
2025-06-13 22:00:00,24.9,48,5.416666666666667,True
2025-06-13 23:00:00,24.6,49,6.111111111111111,True
2025-06-14 00:00:00,24.2,50,6.083333333333333,True
2025-06-14 01:00:00,23.6,53,5.611111111111111,True
2025-06-14 02:00:00,22.8,54,4.861111111111111,True
2025-06-14 03:00:00,22.2,55,4.138888888888889,True
2025-06-14 04:00:00,21.7,56,3.8055555555555554,True
2025-06-14 05:00:00,22.4,55,3.9166666666666665,True
2025-06-14 06:00:00,24.3,50,3.638888888888889,True
2025-06-14 07:00:00,26.5,43,3.75,True
2025-06-14 08:00:00,28.6,37,2.7777777777777777,True
2025-06-14 09:00:00,30.0,36,1.0,True
2025-06-14 10:00:00,30.6,37,1.5,True
2025-06-14 11:00:00,30.8,38,2.694444444444444,True
2025-06-14 12:00:00,30.9,41,3.194444444444444,True
2025-06-14 13:00:00,30.7,42,3.7777777777777777,True
2025-06-14 14:00:00,30.3,42,3.861111111111111,True
2025-06-14 15:00:00,29.7,43,2.75,True
2025-06-14 16:00:00,29.2,43,1.8611111111111112,True
2025-06-14 17:00:00,28.5,45,1.1111111111111112,True
2025-06-14 18:00:00,27.2,51,0.8611111111111112,True
2025-06-14 19:00:00,25.4,58,0.8611111111111112,True
2025-06-14 20:00:00,25.2,56,0.4444444444444445,True
2025-06-14 21:00:00,24.7,59,1.5,True
2025-06-14 22:00:00,22.8,64,2.694444444444444,True
2025-06-14 23:00:00,22.7,56,3.7222222222222223,True
2025-06-15 00:00:00,22.7,53,3.5833333333333335,True
2025-06-15 01:00:00,21.0,59,2.833333333333333,True
2025-06-15 02:00:00,20.6,61,2.9166666666666665,True
2025-06-15 03:00:00,20.7,61,4.111111111111112,True
2025-06-15 04:00:00,21.2,61,4.5,True
2025-06-15 05:00:00,23.0,60,3.8333333333333335,True
2025-06-15 06:00:00,25.5,57,2.4444444444444446,True
2025-06-15 07:00:00,27.9,50,1.1388888888888888,True
2025-06-15 08:00:00,29.8,44,0.8055555555555555,True
2025-06-15 09:00:00,31.3,40,0.5833333333333334,True
2025-06-15 10:00:00,31.8,39,2.361111111111111,True
2025-06-15 11:00:00,31.6,40,3.8055555555555554,True
2025-06-15 12:00:00,31.6,40,3.611111111111111,True
2025-06-15 13:00:00,31.5,40,3.861111111111111,True
2025-06-15 14:00:00,29.9,48,3.3888888888888884,True
2025-06-15 15:00:00,29.6,47,3.0,True
2025-06-15 16:00:00,28.7,55,1.8333333333333333,True
2025-06-15 17:00:00,28.0,58,1.0,True
2025-06-15 18:00:00,27.2,61,0.6944444444444444,True
2025-06-15 19:00:00,26.2,64,1.472222222222222,True
2025-06-15 20:00:00,25.2,68,1.6944444444444442,True
2025-06-15 21:00:00,24.4,70,1.8611111111111112,True
2025-06-15 22:00:00,23.8,72,0.8611111111111112,True
2025-06-15 23:00:00,22.8,75,1.2222222222222223,True
2025-06-16 00:00:00,21.7,80,1.6388888888888888,True
2025-06-16 01:00:00,22.5,79,4.777777777777778,True
2025-06-16 02:00:00,22.8,76,3.4722222222222223,True
2025-06-16 03:00:00,22.2,77,1.8611111111111112,True
2025-06-16 04:00:00,22.3,75,2.055555555555556,True
2025-06-16 05:00:00,23.4,70,4.055555555555555,True
2025-06-16 06:00:00,25.0,65,5.388888888888888,True
2025-06-16 07:00:00,26.6,55,7.555555555555555,True
2025-06-16 08:00:00,27.4,50,7.388888888888889,True
2025-06-16 09:00:00,26.1,58,5.75,True
2025-06-16 10:00:00,28.1,47,5.777777777777778,True
2025-06-16 11:00:00,30.0,40,5.194444444444444,True
2025-06-16 12:00:00,29.9,37,5.777777777777778,True
2025-06-16 13:00:00,30.5,35,5.805555555555555,True
2025-06-16 14:00:00,30.1,36,5.249999999999999,True
2025-06-16 15:00:00,27.6,46,1.6944444444444442,True
2025-06-16 16:00:00,24.7,69,1.1666666666666667,True
2025-06-16 17:00:00,24.3,64,6.083333333333333,True
2025-06-16 18:00:00,23.5,65,6.055555555555555,True
2025-06-16 19:00:00,22.9,66,6.611111111111111,True
2025-06-16 20:00:00,22.8,66,5.944444444444444,True
2025-06-16 21:00:00,22.6,66,5.194444444444444,True
2025-06-16 22:00:00,22.2,67,5.472222222222222,True
2025-06-16 23:00:00,21.9,66,4.75,True
2025-06-17 00:00:00,21.4,66,5.722222222222222,True
2025-06-17 01:00:00,21.3,60,7.722222222222222,True
2025-06-17 02:00:00,21.0,60,7.444444444444445,True
2025-06-17 03:00:00,20.8,60,7.083333333333333,True
2025-06-17 04:00:00,20.5,60,6.972222222222222,True
2025-06-17 05:00:00,20.7,59,6.888888888888889,True
2025-06-17 06:00:00,21.3,58,6.638888888888888,True
2025-06-17 07:00:00,22.4,52,8.055555555555555,True
2025-06-17 08:00:00,23.5,48,8.055555555555555,True
2025-06-17 09:00:00,24.7,44,7.0,True
2025-06-17 10:00:00,25.9,39,6.0,True
2025-06-17 11:00:00,26.9,37,5.333333333333333,True
2025-06-17 12:00:00,27.7,35,4.805555555555555,True
2025-06-17 13:00:00,27.7,34,5.777777777777778,True
2025-06-17 14:00:00,28.5,33,5.166666666666667,True
2025-06-17 15:00:00,27.6,34,6.027777777777778,True
2025-06-17 16:00:00,27.2,35,5.361111111111112,True
2025-06-17 17:00:00,26.1,37,5.555555555555555,True
2025-06-17 18:00:00,25.3,40,4.638888888888888,True
2025-06-17 19:00:00,24.2,41,5.444444444444445,True
2025-06-17 20:00:00,23.5,43,5.527777777777778,True
2025-06-17 21:00:00,22.9,46,4.527777777777778,True
2025-06-17 22:00:00,22.2,49,3.75,True
2025-06-17 23:00:00,21.4,53,3.75,True
2025-06-18 00:00:00,20.9,55,4.333333333333333,True
2025-06-18 01:00:00,21.0,54,4.805555555555555,True
2025-06-18 02:00:00,20.8,56,5.249999999999999,True
2025-06-18 03:00:00,20.7,56,5.861111111111112,True
2025-06-18 04:00:00,20.9,56,5.722222222222222,True
2025-06-18 05:00:00,21.7,55,5.916666666666667,True
2025-06-18 06:00:00,23.1,51,6.166666666666666,True
2025-06-18 07:00:00,24.5,46,7.388888888888889,True
2025-06-18 08:00:00,26.1,42,7.138888888888888,True
2025-06-18 09:00:00,27.6,39,6.083333333333333,True
2025-06-18 10:00:00,28.9,37,4.944444444444445,True
2025-06-18 11:00:00,30.2,35,3.6944444444444446,True
2025-06-18 12:00:00,31.1,34,2.305555555555556,True
2025-06-18 13:00:00,31.1,35,3.2499999999999996,True
2025-06-18 14:00:00,27.9,46,6.25,True
2025-06-18 15:00:00,27.5,44,3.416666666666667,True
2025-06-18 16:00:00,27.2,46,2.138888888888889,True
2025-06-18 17:00:00,26.8,48,1.1944444444444444,True
2025-06-18 18:00:00,25.9,66,0.25,True
2025-06-18 19:00:00,24.4,60,0.2777777777777778,True
2025-06-18 20:00:00,23.3,64,0.5555555555555556,True
2025-06-18 21:00:00,22.2,66,0.75,True
2025-06-18 22:00:00,21.4,68,1.027777777777778,True
2025-06-18 23:00:00,20.0,74,1.472222222222222,True
2025-06-19 00:00:00,19.0,79,1.7222222222222223,True
2025-06-19 01:00:00,18.2,79,2.138888888888889,True
2025-06-19 02:00:00,18.1,78,2.5555555555555554,True
2025-06-19 03:00:00,18.8,73,2.7777777777777777,True
2025-06-19 04:00:00,19.5,71,3.0277777777777777,True
2025-06-19 05:00:00,21.4,67,2.833333333333333,True
2025-06-19 06:00:00,24.8,60,1.75,True
2025-06-19 07:00:00,27.4,53,0.6111111111111112,True
2025-06-19 08:00:00,29.1,48,1.4444444444444444,True
2025-06-19 09:00:00,29.8,46,2.861111111111111,True
2025-06-19 10:00:00,29.5,51,4.0,True
2025-06-19 11:00:00,29.2,51,3.611111111111111,True
2025-06-19 12:00:00,29.7,46,3.1111111111111107,True
2025-06-19 13:00:00,30.1,48,3.5833333333333335,True
2025-06-19 14:00:00,29.8,47,3.3888888888888884,True
2025-06-19 15:00:00,29.7,46,2.638888888888889,True
2025-06-19 16:00:00,29.2,46,2.0,True
2025-06-19 17:00:00,28.2,49,1.4166666666666665,True
2025-06-19 18:00:00,27.0,56,0.6666666666666666,True
2025-06-19 19:00:00,25.4,65,0.11111111111111112,True
2025-06-19 20:00:00,25.0,62,0.9722222222222222,True
2025-06-19 21:00:00,24.6,63,1.25,True
2025-06-19 22:00:00,23.3,67,1.5,True
2025-06-19 23:00:00,22.0,73,2.2222222222222223,True
2025-06-20 00:00:00,21.7,73,2.861111111111111,True
2025-06-20 01:00:00,23.3,64,4.861111111111111,True
2025-06-20 02:00:00,22.7,68,5.194444444444444,True
2025-06-20 03:00:00,23.2,65,7.527777777777778,True
2025-06-20 04:00:00,23.2,64,8.166666666666666,True
2025-06-20 05:00:00,23.3,64,7.805555555555555,True
2025-06-20 06:00:00,24.2,57,7.916666666666666,True
2025-06-20 07:00:00,25.5,49,7.722222222222222,True
2025-06-20 08:00:00,26.6,43,7.694444444444444,True
2025-06-20 09:00:00,27.9,39,6.861111111111111,True
2025-06-20 10:00:00,29.1,38,6.416666666666667,True
2025-06-20 11:00:00,30.3,36,5.083333333333333,True
2025-06-20 12:00:00,31.1,36,3.1666666666666665,True
2025-06-20 13:00:00,31.8,34,0.3055555555555556,True
2025-06-20 14:00:00,31.6,34,1.1388888888888888,True
2025-06-20 15:00:00,31.3,35,2.055555555555556,True
2025-06-20 16:00:00,30.2,40,1.2777777777777777,True
2025-06-20 17:00:00,29.3,45,1.5277777777777777,True
2025-06-20 18:00:00,28.4,41,4.611111111111112,True
2025-06-20 19:00:00,27.1,42,6.138888888888889,True
2025-06-20 20:00:00,25.8,45,6.527777777777778,True
2025-06-20 21:00:00,25.0,46,6.527777777777778,True
2025-06-20 22:00:00,24.6,46,6.972222222222222,True
2025-06-20 23:00:00,24.2,45,7.222222222222222,True
2025-06-21 00:00:00,23.8,44,7.833333333333333,True
2025-06-21 01:00:00,23.1,53,7.0,True
2025-06-21 02:00:00,23.0,49,7.111111111111112,True
2025-06-21 03:00:00,22.6,47,7.555555555555555,True
2025-06-21 04:00:00,22.2,46,7.555555555555555,True
2025-06-21 05:00:00,22.3,45,7.083333333333333,True
2025-06-21 06:00:00,23.1,42,7.194444444444444,True
2025-06-21 07:00:00,24.5,38,6.444444444444444,True
2025-06-21 08:00:00,25.8,35,5.5,True
2025-06-21 09:00:00,27.2,32,4.361111111111111,True
2025-06-21 10:00:00,28.4,31,2.888888888888889,True
2025-06-21 11:00:00,29.5,30,1.5,True
2025-06-21 12:00:00,30.3,30,0.41666666666666663,True
2025-06-21 13:00:00,30.4,30,1.611111111111111,True
2025-06-21 14:00:00,30.2,31,2.5555555555555554,True
2025-06-21 15:00:00,28.6,43,4.944444444444445,True
2025-06-21 16:00:00,26.8,50,5.0,True
2025-06-21 17:00:00,25.7,52,3.222222222222222,True
2025-06-21 18:00:00,24.3,59,2.0,True
2025-06-21 19:00:00,23.4,62,1.3333333333333333,True
2025-06-21 20:00:00,23.0,63,1.0,True
2025-06-21 21:00:00,23.0,60,0.9166666666666666,True
2025-06-21 22:00:00,22.0,59,1.3333333333333333,True
2025-06-21 23:00:00,20.7,59,2.1666666666666665,True
2025-06-22 00:00:00,20.4,52,2.972222222222222,True
2025-06-22 01:00:00,19.2,56,3.0555555555555554,True
2025-06-22 02:00:00,18.7,58,3.3055555555555554,True
2025-06-22 03:00:00,18.6,58,3.6944444444444446,True
2025-06-22 04:00:00,19.0,56,3.4722222222222223,True
2025-06-22 05:00:00,20.9,54,3.5277777777777777,True
2025-06-22 06:00:00,23.8,47,2.4722222222222223,True
2025-06-22 07:00:00,26.4,39,2.1666666666666665,True
2025-06-22 08:00:00,28.1,34,1.1111111111111112,True
2025-06-22 09:00:00,29.2,33,0.5,True
2025-06-22 10:00:00,29.5,34,2.944444444444444,True
2025-06-22 11:00:00,29.0,43,4.722222222222222,True
2025-06-22 12:00:00,29.0,44,4.777777777777778,True
2025-06-22 13:00:00,28.7,45,4.194444444444445,True
2025-06-22 14:00:00,28.1,49,3.9166666666666665,True
2025-06-22 15:00:00,27.5,51,3.638888888888889,True
2025-06-22 16:00:00,26.8,51,2.9166666666666665,True
2025-06-22 17:00:00,26.0,53,1.5555555555555554,True
2025-06-22 18:00:00,25.0,58,1.0833333333333333,True
2025-06-22 19:00:00,23.4,68,1.3611111111111112,True
2025-06-22 20:00:00,22.8,66,1.8055555555555556,True
2025-06-22 21:00:00,22.1,64,2.0,True
2025-06-22 22:00:00,21.4,64,1.6666666666666665,True
2025-06-22 23:00:00,20.5,67,1.4166666666666665,True
2025-06-23 00:00:00,19.9,70,1.5555555555555554,True
2025-06-23 01:00:00,19.9,65,1.8611111111111112,True
2025-06-23 02:00:00,19.3,68,2.111111111111111,True
2025-06-23 03:00:00,18.9,71,1.8611111111111112,True
2025-06-23 04:00:00,19.0,72,1.8055555555555556,True
2025-06-23 05:00:00,21.8,68,1.4166666666666665,True
2025-06-23 06:00:00,24.8,56,0.9444444444444444,True
2025-06-23 07:00:00,26.0,55,1.3055555555555556,True
2025-06-23 08:00:00,27.0,53,1.777777777777778,True
2025-06-23 09:00:00,27.8,50,2.3333333333333335,True
2025-06-23 10:00:00,28.2,48,2.888888888888889,True
2025-06-23 11:00:00,28.4,49,3.194444444444444,True
2025-06-23 12:00:00,28.5,49,3.194444444444444,True
2025-06-23 13:00:00,28.9,50,3.555555555555556,True
2025-06-23 14:00:00,28.9,48,3.9166666666666665,True
2025-06-23 15:00:00,28.8,48,3.4444444444444446,True
2025-06-23 16:00:00,28.4,51,3.555555555555556,True
2025-06-23 17:00:00,27.4,57,2.2777777777777777,True
2025-06-23 18:00:00,26.7,62,0.6111111111111112,True
2025-06-23 19:00:00,25.5,65,0.9722222222222222,True
2025-06-23 20:00:00,25.0,64,1.1388888888888888,True
2025-06-23 21:00:00,24.9,62,2.055555555555556,True
2025-06-23 22:00:00,24.2,65,2.1666666666666665,True
2025-06-23 23:00:00,24.0,66,2.0,True
2025-06-24 00:00:00,23.2,69,2.1666666666666665,True
2025-06-24 01:00:00,22.2,70,3.138888888888889,True
2025-06-24 02:00:00,21.7,72,2.972222222222222,True
2025-06-24 03:00:00,21.2,72,3.138888888888889,True
2025-06-24 04:00:00,21.4,71,3.222222222222222,True
2025-06-24 05:00:00,23.6,63,2.861111111111111,True
2025-06-24 06:00:00,26.4,55,1.75,True
2025-06-24 07:00:00,28.2,47,0.5277777777777778,True
2025-06-24 08:00:00,28.9,45,2.111111111111111,True
2025-06-24 09:00:00,29.4,43,2.5555555555555554,True
2025-06-24 10:00:00,29.9,43,2.6666666666666665,True
2025-06-24 11:00:00,30.2,44,2.8055555555555554,True
2025-06-24 12:00:00,29.9,49,3.611111111111111,True
2025-06-24 13:00:00,28.7,60,3.5833333333333335,True
2025-06-24 14:00:00,28.3,62,2.972222222222222,True
2025-06-24 15:00:00,27.7,63,2.75,True
2025-06-24 16:00:00,27.2,63,1.9166666666666667,True
2025-06-24 17:00:00,26.9,63,1.3333333333333333,True
2025-06-24 18:00:00,26.3,64,1.472222222222222,True
2025-06-24 19:00:00,25.1,64,1.9444444444444444,True
2025-06-24 20:00:00,24.4,64,1.1944444444444444,True
2025-06-24 21:00:00,24.1,64,1.0,True
2025-06-24 22:00:00,23.4,66,0.7777777777777777,True
2025-06-24 23:00:00,23.0,68,0.7777777777777777,True
2025-06-25 00:00:00,22.7,69,1.1666666666666667,True
2025-06-25 01:00:00,22.1,74,1.472222222222222,True
2025-06-25 02:00:00,21.4,77,1.5277777777777777,True
2025-06-25 03:00:00,21.0,80,1.8055555555555556,True
2025-06-25 04:00:00,21.1,80,2.305555555555556,True
2025-06-25 05:00:00,23.8,71,2.4444444444444446,True
2025-06-25 06:00:00,26.6,58,1.3611111111111112,True
2025-06-25 07:00:00,28.1,53,0.4444444444444445,True
2025-06-25 08:00:00,28.9,52,1.5555555555555554,True
2025-06-25 09:00:00,29.6,51,2.0833333333333335,True
2025-06-25 10:00:00,29.9,51,2.6666666666666665,True
2025-06-25 11:00:00,30.0,53,3.2499999999999996,True
2025-06-25 12:00:00,30.0,54,3.333333333333333,True
2025-06-25 13:00:00,30.2,54,2.638888888888889,True
2025-06-25 14:00:00,30.0,55,2.6666666666666665,True
2025-06-25 15:00:00,30.0,54,2.6666666666666665,True
2025-06-25 16:00:00,29.4,55,2.305555555555556,True
2025-06-25 17:00:00,28.7,56,1.3888888888888888,True
2025-06-25 18:00:00,27.8,60,0.6111111111111112,True
2025-06-25 19:00:00,26.1,69,0.6111111111111112,True
2025-06-25 20:00:00,25.9,67,0.9722222222222222,True
2025-06-25 21:00:00,25.5,68,0.75,True
2025-06-25 22:00:00,25.3,66,1.3611111111111112,True
2025-06-25 23:00:00,24.5,68,1.4444444444444444,True
2025-06-26 00:00:00,23.4,73,1.5833333333333333,True
2025-06-26 01:00:00,22.9,75,1.0555555555555556,True
2025-06-26 02:00:00,23.0,73,1.0,True
2025-06-26 03:00:00,22.6,75,1.8055555555555556,True
2025-06-26 04:00:00,22.3,78,2.361111111111111,True
2025-06-26 05:00:00,24.6,71,2.305555555555556,True
2025-06-26 06:00:00,27.7,57,0.9444444444444444,True
2025-06-26 07:00:00,29.0,51,0.6944444444444444,True
2025-06-26 08:00:00,29.9,50,1.1666666666666667,True
2025-06-26 09:00:00,30.7,50,1.6388888888888888,True
2025-06-26 10:00:00,31.2,50,2.611111111111111,True
2025-06-26 11:00:00,31.2,50,3.5833333333333335,True
2025-06-26 12:00:00,30.8,52,3.0277777777777777,True
2025-06-26 13:00:00,31.2,56,1.7222222222222223,True
2025-06-26 14:00:00,31.7,53,2.4722222222222223,True
2025-06-26 15:00:00,30.7,57,2.638888888888889,True
2025-06-26 16:00:00,30.4,58,2.861111111111111,True
2025-06-26 17:00:00,29.8,62,1.5833333333333333,True
2025-06-26 18:00:00,29.2,65,0.9444444444444444,True
2025-06-26 19:00:00,27.3,73,1.6666666666666665,True
2025-06-26 20:00:00,26.3,79,0.2777777777777778,True
2025-06-26 21:00:00,26.4,74,1.0833333333333333,True
2025-06-26 22:00:00,25.5,78,0.41666666666666663,True
2025-06-26 23:00:00,25.4,77,0.25,True
2025-06-27 00:00:00,24.8,78,0.9444444444444444,True
2025-06-27 01:00:00,21.9,89,3.75,True
2025-06-27 02:00:00,21.2,91,2.8055555555555554,True
2025-06-27 03:00:00,20.6,89,3.9722222222222223,True
2025-06-27 04:00:00,20.5,83,5.277777777777778,True
2025-06-27 05:00:00,22.1,74,5.555555555555555,True
2025-06-27 06:00:00,24.6,69,5.166666666666667,True
2025-06-27 07:00:00,26.7,57,5.361111111111112,True
2025-06-27 08:00:00,28.3,51,5.277777777777778,True
2025-06-27 09:00:00,29.6,48,4.694444444444444,True
2025-06-27 10:00:00,30.9,42,4.055555555555555,True
2025-06-27 11:00:00,31.9,38,3.2499999999999996,True
2025-06-27 12:00:00,32.6,36,2.0277777777777777,True
2025-06-27 13:00:00,33.2,30,1.8888888888888888,True
2025-06-27 14:00:00,33.0,30,2.0,True
2025-06-27 15:00:00,32.8,31,2.361111111111111,True
2025-06-27 16:00:00,32.5,32,2.25,True
2025-06-27 17:00:00,31.2,40,2.5555555555555554,True
2025-06-27 18:00:00,29.8,45,3.083333333333333,True
2025-06-27 19:00:00,28.3,52,2.7777777777777777,True
2025-06-27 20:00:00,27.2,56,2.3333333333333335,True
2025-06-27 21:00:00,25.1,63,2.111111111111111,True
2025-06-27 22:00:00,23.1,70,2.4166666666666665,True
2025-06-27 23:00:00,22.8,67,3.333333333333333,True
2025-06-28 00:00:00,23.7,60,3.9166666666666665,True
2025-06-28 01:00:00,24.0,63,3.5277777777777777,True
2025-06-28 02:00:00,23.7,64,3.222222222222222,True
2025-06-28 03:00:00,23.2,67,3.1666666666666665,True
2025-06-28 04:00:00,23.2,67,3.5833333333333335,True
2025-06-28 05:00:00,25.1,62,3.888888888888889,True
2025-06-28 06:00:00,27.5,54,4.416666666666667,True
2025-06-28 07:00:00,29.1,47,4.472222222222222,True
2025-06-28 08:00:00,30.5,42,3.4722222222222223,True
2025-06-28 09:00:00,31.6,39,2.8055555555555554,True
2025-06-28 10:00:00,32.6,36,0.888888888888889,True
2025-06-28 11:00:00,31.1,42,4.0,True
2025-06-28 12:00:00,30.0,51,4.416666666666667,True
2025-06-28 13:00:00,30.0,50,3.8055555555555554,True
2025-06-28 14:00:00,30.7,45,3.5833333333333335,True
2025-06-28 15:00:00,30.7,45,3.3611111111111107,True
2025-06-28 16:00:00,30.2,48,2.694444444444444,True
2025-06-28 17:00:00,29.7,53,1.3888888888888888,True
2025-06-28 18:00:00,28.4,62,1.0555555555555556,True
2025-06-28 19:00:00,26.6,69,1.6944444444444442,True
2025-06-28 20:00:00,26.0,68,1.4166666666666665,True
2025-06-28 21:00:00,24.9,71,1.8888888888888888,True
2025-06-28 22:00:00,23.9,70,2.4166666666666665,True
2025-06-28 23:00:00,23.2,69,2.972222222222222,True
2025-06-29 00:00:00,23.2,67,3.5,True
2025-06-29 01:00:00,23.0,67,3.222222222222222,True
2025-06-29 02:00:00,23.1,67,3.2499999999999996,True
2025-06-29 03:00:00,22.8,68,3.555555555555556,True
2025-06-29 04:00:00,23.2,66,3.75,True
2025-06-29 05:00:00,25.5,59,3.611111111111111,True
2025-06-29 06:00:00,28.0,51,3.1666666666666665,True
2025-06-29 07:00:00,29.9,45,2.888888888888889,True
2025-06-29 08:00:00,31.3,41,2.361111111111111,True
2025-06-29 09:00:00,32.4,38,1.7222222222222223,True
2025-06-29 10:00:00,33.2,36,1.9166666666666667,True
2025-06-29 11:00:00,33.8,35,3.138888888888889,True
2025-06-29 12:00:00,33.5,40,4.666666666666667,True
2025-06-29 13:00:00,33.4,38,5.388888888888888,True
2025-06-29 14:00:00,33.3,41,4.694444444444444,True
2025-06-29 15:00:00,31.8,54,4.5,True
2025-06-29 16:00:00,31.2,56,3.194444444444444,True
2025-06-29 17:00:00,30.5,59,3.2777777777777777,True
2025-06-29 18:00:00,28.4,65,3.4444444444444446,True
2025-06-29 19:00:00,27.1,64,2.5833333333333335,True
2025-06-29 20:00:00,26.8,61,1.8333333333333333,True
2025-06-29 21:00:00,26.0,65,1.5277777777777777,True
2025-06-29 22:00:00,24.7,71,2.1666666666666665,True
2025-06-29 23:00:00,24.2,72,2.6666666666666665,True
2025-06-30 00:00:00,24.2,71,2.3333333333333335,True
2025-06-30 01:00:00,23.3,75,2.3333333333333335,True
2025-06-30 02:00:00,22.9,77,2.361111111111111,True
2025-06-30 03:00:00,23.0,75,2.4722222222222223,True
2025-06-30 04:00:00,23.4,73,2.75,True
2025-06-30 05:00:00,25.1,68,2.4722222222222223,True
2025-06-30 06:00:00,28.3,59,1.3333333333333333,True
2025-06-30 07:00:00,30.8,49,0.41666666666666663,True
2025-06-30 08:00:00,32.5,42,0.5555555555555556,True
2025-06-30 09:00:00,33.4,37,2.2222222222222223,True
2025-06-30 10:00:00,33.0,39,3.222222222222222,True
2025-06-30 11:00:00,33.3,38,3.888888888888889,True
2025-06-30 12:00:00,32.9,40,2.944444444444444,True
2025-06-30 13:00:00,33.2,36,2.944444444444444,True
2025-06-30 14:00:00,33.2,39,3.5,True
2025-06-30 15:00:00,32.6,39,3.75,True
2025-06-30 16:00:00,32.5,38,3.2499999999999996,True
2025-06-30 17:00:00,31.1,46,2.888888888888889,True
2025-06-30 18:00:00,29.5,56,1.8333333333333333,True
2025-06-30 19:00:00,27.7,65,0.75,True
2025-06-30 20:00:00,27.8,59,1.5833333333333333,True
2025-06-30 21:00:00,27.1,56,2.111111111111111,True
2025-06-30 22:00:00,25.9,58,2.111111111111111,True
2025-06-30 23:00:00,25.1,61,2.5833333333333335,True
2025-07-01 00:00:00,25.0,61,2.861111111111111,True
2025-07-01 01:00:00,26.3,66,3.861111111111111,True
2025-07-01 02:00:00,24.7,72,0.8333333333333333,True
2025-07-01 03:00:00,24.3,74,2.055555555555556,True
2025-07-01 04:00:00,24.5,71,2.6666666666666665,True
2025-07-01 05:00:00,26.0,62,3.8333333333333335,True
2025-07-01 06:00:00,25.5,52,8.972222222222221,True
2025-07-01 07:00:00,21.6,81,9.361111111111112,True
2025-07-01 08:00:00,23.0,74,7.027777777777778,True
2025-07-01 09:00:00,25.4,59,6.444444444444444,True
2025-07-01 10:00:00,29.0,48,5.5,True
2025-07-01 11:00:00,30.7,44,4.222222222222222,True
2025-07-01 12:00:00,32.3,40,2.638888888888889,True
2025-07-01 13:00:00,33.1,36,2.305555555555556,True
2025-07-01 14:00:00,33.2,35,0.7777777777777777,True
2025-07-01 15:00:00,32.9,35,1.611111111111111,True
2025-07-01 16:00:00,32.0,43,2.638888888888889,True
2025-07-01 17:00:00,30.1,58,3.0555555555555554,True
2025-07-01 18:00:00,28.5,66,1.4444444444444444,True
2025-07-01 19:00:00,27.0,71,0.5,True
2025-07-01 20:00:00,27.0,64,1.1666666666666667,True
2025-07-01 21:00:00,25.4,61,2.4444444444444446,True
2025-07-01 22:00:00,24.9,54,3.5833333333333335,True
2025-07-01 23:00:00,24.9,51,3.638888888888889,True
2025-07-02 00:00:00,24.8,50,4.277777777777778,True
2025-07-02 01:00:00,24.0,52,4.777777777777778,True
2025-07-02 02:00:00,23.8,52,4.916666666666666,True
2025-07-02 03:00:00,23.4,52,4.944444444444445,True
2025-07-02 04:00:00,23.3,52,4.944444444444445,True
2025-07-02 05:00:00,24.6,49,4.833333333333333,True
2025-07-02 06:00:00,26.8,47,4.416666666666667,True
2025-07-02 07:00:00,29.1,38,4.833333333333333,True
2025-07-02 08:00:00,31.0,32,4.5,True
2025-07-02 09:00:00,32.6,28,3.9722222222222223,True
2025-07-02 10:00:00,34.0,24,2.7222222222222223,True
2025-07-02 11:00:00,34.5,22,0.5,True
2025-07-02 12:00:00,34.2,27,2.361111111111111,True
2025-07-02 13:00:00,33.1,35,4.416666666666667,True
2025-07-02 14:00:00,32.6,34,4.583333333333333,True
2025-07-02 15:00:00,31.5,35,4.111111111111112,True
2025-07-02 16:00:00,30.4,37,2.611111111111111,True
2025-07-02 17:00:00,29.5,42,2.0,True
2025-07-02 18:00:00,28.1,54,0.6666666666666666,True
2025-07-02 19:00:00,26.4,56,1.6388888888888888,True
2025-07-02 20:00:00,25.0,54,2.1944444444444446,True
2025-07-02 21:00:00,24.0,52,2.5,True
2025-07-02 22:00:00,23.2,55,2.5277777777777777,True
2025-07-02 23:00:00,22.5,59,2.833333333333333,True
2025-07-03 00:00:00,22.5,60,3.3055555555555554,True
2025-07-03 01:00:00,22.6,60,3.333333333333333,True
2025-07-03 02:00:00,22.4,60,2.944444444444444,True
2025-07-03 03:00:00,21.7,62,2.972222222222222,True
2025-07-03 04:00:00,21.4,63,2.944444444444444,True
2025-07-03 05:00:00,23.2,60,2.8055555555555554,True
2025-07-03 06:00:00,26.8,54,2.1944444444444446,True
2025-07-03 07:00:00,29.7,41,1.0833333333333333,True
2025-07-03 08:00:00,31.5,34,0.7222222222222222,True
2025-07-03 09:00:00,32.5,32,1.972222222222222,True
2025-07-03 10:00:00,32.8,33,2.833333333333333,True
2025-07-03 11:00:00,32.6,36,3.4722222222222223,True
2025-07-03 12:00:00,32.8,34,3.3888888888888884,True
2025-07-03 13:00:00,32.9,37,3.75,True
2025-07-03 14:00:00,32.2,42,3.7777777777777777,True
2025-07-03 15:00:00,31.3,48,2.861111111111111,True
2025-07-03 16:00:00,30.6,48,1.611111111111111,True
2025-07-03 17:00:00,30.1,48,2.0,True
2025-07-03 18:00:00,28.7,64,0.6388888888888888,True
2025-07-03 19:00:00,27.2,67,0.3611111111111111,True
2025-07-03 20:00:00,26.7,61,0.6111111111111112,True
2025-07-03 21:00:00,26.4,57,1.2222222222222223,True
2025-07-03 22:00:00,24.9,59,1.3611111111111112,True
2025-07-03 23:00:00,23.5,64,1.3333333333333333,True
2025-07-04 00:00:00,22.9,67,1.3611111111111112,True
2025-07-04 01:00:00,21.9,69,1.8333333333333333,True
2025-07-04 02:00:00,21.6,67,1.972222222222222,True
2025-07-04 03:00:00,22.1,62,2.972222222222222,True
2025-07-04 04:00:00,23.9,57,3.7777777777777777,True
2025-07-04 05:00:00,26.7,50,4.361111111111111,True
2025-07-04 06:00:00,28.9,46,5.111111111111111,True
2025-07-04 07:00:00,30.5,42,5.694444444444445,True
2025-07-04 08:00:00,31.9,38,5.166666666666667,True
2025-07-04 09:00:00,33.2,35,4.333333333333333,True
2025-07-04 10:00:00,34.2,33,2.5555555555555554,True
2025-07-04 11:00:00,34.6,32,0.8055555555555555,True
2025-07-04 12:00:00,33.3,38,5.694444444444445,True
2025-07-04 13:00:00,33.1,39,4.472222222222222,True
2025-07-04 14:00:00,33.0,39,0.6388888888888888,True
2025-07-04 15:00:00,31.6,44,5.555555555555555,True
2025-07-04 16:00:00,28.5,56,7.472222222222221,True
2025-07-04 17:00:00,28.4,55,7.222222222222222,True
2025-07-04 18:00:00,27.6,58,6.861111111111111,True
2025-07-04 19:00:00,26.8,62,7.333333333333333,True
2025-07-04 20:00:00,26.2,64,7.555555555555555,True
2025-07-04 21:00:00,25.9,67,8.194444444444445,True
2025-07-04 22:00:00,25.8,64,8.027777777777777,True
2025-07-04 23:00:00,25.7,62,8.277777777777779,True
2025-07-05 00:00:00,25.3,60,8.416666666666666,True
2025-07-05 01:00:00,23.5,64,9.63888888888889,True
2025-07-05 02:00:00,23.2,62,9.63888888888889,True
2025-07-05 03:00:00,23.0,61,9.472222222222223,True
2025-07-05 04:00:00,22.7,62,9.083333333333334,True
2025-07-05 05:00:00,22.9,63,7.749999999999999,True
2025-07-05 06:00:00,24.1,58,8.25,True
2025-07-05 07:00:00,25.4,54,7.861111111111111,True
2025-07-05 08:00:00,26.9,49,7.25,True
2025-07-05 09:00:00,28.6,44,6.361111111111111,True
2025-07-05 10:00:00,30.0,41,5.194444444444444,True
2025-07-05 11:00:00,31.3,38,3.944444444444444,True
2025-07-05 12:00:00,32.2,37,2.611111111111111,True
2025-07-05 13:00:00,33.3,34,1.5833333333333333,True
2025-07-05 14:00:00,31.5,38,3.75,True
2025-07-05 15:00:00,31.6,38,2.5,True
2025-07-05 16:00:00,30.5,40,2.388888888888889,True
2025-07-05 17:00:00,30.1,42,2.611111111111111,True
2025-07-05 18:00:00,28.8,47,2.1666666666666665,True
2025-07-05 19:00:00,26.9,56,1.1111111111111112,True
2025-07-05 20:00:00,26.3,57,0.11111111111111112,True
2025-07-05 21:00:00,25.0,65,1.0833333333333333,True
2025-07-05 22:00:00,23.9,76,1.6944444444444442,True
2025-07-05 23:00:00,22.9,81,1.611111111111111,True
2025-07-06 00:00:00,22.1,84,1.75,True
2025-07-06 01:00:00,21.8,76,2.111111111111111,True
2025-07-06 02:00:00,21.4,77,2.1666666666666665,True
2025-07-06 03:00:00,20.9,78,1.9166666666666667,True
2025-07-06 04:00:00,20.9,79,1.9444444444444444,True
2025-07-06 05:00:00,23.5,71,2.111111111111111,True
2025-07-06 06:00:00,26.5,60,1.0555555555555556,True
2025-07-06 07:00:00,28.1,52,0.5277777777777778,True
2025-07-06 08:00:00,29.0,50,1.5277777777777777,True
2025-07-06 09:00:00,29.5,47,2.2222222222222223,True
2025-07-06 10:00:00,30.1,45,2.388888888888889,True
2025-07-06 11:00:00,30.3,47,3.611111111111111,True
2025-07-06 12:00:00,29.7,49,4.333333333333333,True
2025-07-06 13:00:00,28.7,52,3.638888888888889,True
2025-07-06 14:00:00,28.8,55,2.055555555555556,True
2025-07-06 15:00:00,28.6,60,3.9722222222222223,True
2025-07-06 16:00:00,24.0,89,1.6666666666666665,True
2025-07-06 17:00:00,21.8,97,2.8055555555555554,True
2025-07-06 18:00:00,21.7,93,4.75,True
2025-07-06 19:00:00,21.7,86,5.249999999999999,True
2025-07-06 20:00:00,21.7,84,4.75,True
2025-07-06 21:00:00,22.0,81,5.5,True
2025-07-06 22:00:00,21.6,79,6.777777777777777,True
2025-07-06 23:00:00,21.9,77,5.416666666666667,True
2025-07-07 00:00:00,22.1,80,7.111111111111112,True
2025-07-07 01:00:00,21.1,88,6.055555555555555,True
2025-07-07 02:00:00,21.0,88,4.916666666666666,True
2025-07-07 03:00:00,21.0,87,3.8055555555555554,True
2025-07-07 04:00:00,21.4,88,3.888888888888889,True
2025-07-07 05:00:00,21.2,88,1.0,True
2025-07-07 06:00:00,19.7,100,3.083333333333333,True
2025-07-07 07:00:00,19.5,92,5.0,True
2025-07-07 08:00:00,20.6,90,5.472222222222222,True
2025-07-07 09:00:00,20.2,91,6.194444444444445,True
2025-07-07 10:00:00,20.1,90,5.611111111111111,True
2025-07-07 11:00:00,22.1,83,4.555555555555555,True
2025-07-07 12:00:00,23.1,80,4.416666666666667,True
2025-07-07 13:00:00,26.6,60,2.1944444444444446,True
2025-07-07 14:00:00,24.7,72,3.3611111111111107,True
2025-07-07 15:00:00,23.6,74,3.555555555555556,True
2025-07-07 16:00:00,23.7,74,3.861111111111111,True
2025-07-07 17:00:00,24.3,74,2.0277777777777777,True
2025-07-07 18:00:00,24.0,77,1.7222222222222223,True
2025-07-07 19:00:00,21.3,84,2.8055555555555554,True
2025-07-07 20:00:00,20.3,91,3.416666666666667,True
2025-07-07 21:00:00,20.5,87,5.972222222222222,True
2025-07-07 22:00:00,20.2,85,5.944444444444444,True
2025-07-07 23:00:00,19.9,83,3.4722222222222223,True
2025-07-08 00:00:00,19.1,90,3.3888888888888884,True
2025-07-08 01:00:00,20.2,87,5.111111111111111,True
2025-07-08 02:00:00,20.0,84,3.8055555555555554,True
2025-07-08 03:00:00,18.9,87,1.25,True
2025-07-08 04:00:00,17.0,89,6.694444444444445,True
2025-07-08 05:00:00,17.0,90,6.444444444444444,True
2025-07-08 06:00:00,17.6,89,5.611111111111111,True
2025-07-08 07:00:00,18.1,92,5.222222222222222,True
2025-07-08 08:00:00,18.4,96,3.888888888888889,True
2025-07-08 09:00:00,16.5,90,3.4444444444444446,True
2025-07-08 10:00:00,17.6,91,2.5277777777777777,True
2025-07-08 11:00:00,18.8,89,2.1666666666666665,True
2025-07-08 12:00:00,20.8,75,1.25,True
2025-07-08 13:00:00,23.1,55,1.777777777777778,True
2025-07-08 14:00:00,23.2,55,1.8611111111111112,True
2025-07-08 15:00:00,23.6,50,2.0,True
2025-07-08 16:00:00,22.4,50,2.2222222222222223,True
2025-07-08 17:00:00,19.0,75,3.8055555555555554,True
2025-07-08 18:00:00,19.1,78,1.5833333333333333,True
2025-07-08 19:00:00,18.6,86,1.1944444444444444,True
2025-07-08 20:00:00,18.0,92,3.944444444444444,True
2025-07-08 21:00:00,17.1,90,5.111111111111111,True
2025-07-08 22:00:00,16.6,88,3.611111111111111,True
2025-07-08 23:00:00,16.5,88,3.638888888888889,True
2025-07-09 00:00:00,16.6,91,3.138888888888889,True
2025-07-09 01:00:00,16.7,85,0.7777777777777777,True
2025-07-09 02:00:00,16.4,83,0.6111111111111112,True
2025-07-09 03:00:00,16.0,79,0.5555555555555556,True
2025-07-09 04:00:00,16.1,79,0.6388888888888888,True
2025-07-09 05:00:00,17.0,78,0.75,True
2025-07-09 06:00:00,17.4,80,0.6666666666666666,True
2025-07-09 07:00:00,18.6,71,0.888888888888889,True
2025-07-09 08:00:00,19.7,62,1.3055555555555556,True
2025-07-09 09:00:00,20.6,57,1.4166666666666665,True
2025-07-09 10:00:00,21.4,51,1.972222222222222,True
2025-07-09 11:00:00,22.0,50,2.305555555555556,True
2025-07-09 12:00:00,22.2,50,1.5277777777777777,True
2025-07-09 13:00:00,23.4,43,1.4166666666666665,True
2025-07-09 14:00:00,23.6,43,1.5277777777777777,True
2025-07-09 15:00:00,23.3,45,1.777777777777778,True
2025-07-09 16:00:00,22.9,48,1.5555555555555554,True
2025-07-09 17:00:00,22.2,55,1.8055555555555556,True
2025-07-09 18:00:00,20.7,68,1.611111111111111,True
2025-07-09 19:00:00,19.3,68,1.1944444444444444,True
2025-07-09 20:00:00,18.9,59,1.2222222222222223,True
2025-07-09 21:00:00,18.2,61,1.3055555555555556,True
2025-07-09 22:00:00,16.9,69,1.3888888888888888,True
2025-07-09 23:00:00,15.8,75,1.5555555555555554,True
2025-07-10 00:00:00,15.4,77,2.0277777777777777,True
2025-07-10 01:00:00,15.7,73,2.4166666666666665,True
2025-07-10 02:00:00,15.6,71,2.6666666666666665,True
2025-07-10 03:00:00,15.9,68,2.944444444444444,True
2025-07-10 04:00:00,16.1,67,2.944444444444444,True
2025-07-10 05:00:00,17.3,68,2.861111111111111,True
2025-07-10 06:00:00,19.9,72,2.055555555555556,True
2025-07-10 07:00:00,22.4,54,0.8611111111111112,True
2025-07-10 08:00:00,23.3,51,0.41666666666666663,True
2025-07-10 09:00:00,23.9,47,1.25,True
2025-07-10 10:00:00,24.2,45,1.5555555555555554,True
2025-07-10 11:00:00,24.6,43,1.6944444444444442,True
2025-07-10 12:00:00,24.6,44,1.9444444444444444,True
2025-07-10 13:00:00,26.3,37,1.1111111111111112,True
2025-07-10 14:00:00,26.2,37,1.3611111111111112,True
2025-07-10 15:00:00,25.8,39,1.3611111111111112,True
2025-07-10 16:00:00,25.4,42,1.0555555555555556,True
2025-07-10 17:00:00,24.3,60,1.0,True
2025-07-10 18:00:00,22.6,76,0.9166666666666666,True
2025-07-10 19:00:00,21.4,71,0.41666666666666663,True
2025-07-10 20:00:00,19.9,76,0.6111111111111112,True
2025-07-10 21:00:00,19.4,75,1.3055555555555556,True
2025-07-10 22:00:00,17.6,78,1.972222222222222,True
2025-07-10 23:00:00,16.5,78,2.25,True
2025-07-11 00:00:00,16.3,76,2.4722222222222223,True
2025-07-11 01:00:00,16.7,74,2.9166666666666665,True
2025-07-11 02:00:00,17.2,69,2.861111111111111,True
2025-07-11 03:00:00,17.4,64,2.8055555555555554,True
2025-07-11 04:00:00,17.4,65,2.6666666666666665,True
2025-07-11 05:00:00,17.9,67,3.4444444444444446,True
2025-07-11 06:00:00,20.3,68,2.1666666666666665,True
2025-07-11 07:00:00,22.6,58,1.8611111111111112,True
2025-07-11 08:00:00,23.6,51,0.6388888888888888,True
2025-07-11 09:00:00,23.8,53,1.0555555555555556,True
2025-07-11 10:00:00,24.7,49,0.9166666666666666,True
2025-07-11 11:00:00,24.9,46,1.6666666666666665,True
2025-07-11 12:00:00,24.2,49,3.4722222222222223,True
2025-07-11 13:00:00,25.0,47,2.388888888888889,True
2025-07-11 14:00:00,22.2,64,4.388888888888889,True
2025-07-11 15:00:00,22.6,66,2.5555555555555554,True
2025-07-11 16:00:00,22.8,61,2.75,True
2025-07-11 17:00:00,22.2,64,2.9166666666666665,True
2025-07-11 18:00:00,21.1,72,2.5,True
2025-07-11 19:00:00,19.5,79,2.5833333333333335,True
2025-07-11 20:00:00,18.5,82,2.7222222222222223,True
2025-07-11 21:00:00,17.8,83,2.9166666666666665,True
2025-07-11 22:00:00,17.4,82,2.888888888888889,True
2025-07-11 23:00:00,17.1,80,2.7222222222222223,True
2025-07-12 00:00:00,16.9,79,2.611111111111111,True
2025-07-12 01:00:00,16.1,78,3.1111111111111107,True
2025-07-12 02:00:00,15.9,79,3.194444444444444,True
2025-07-12 03:00:00,15.7,80,2.8055555555555554,True
2025-07-12 04:00:00,15.7,81,3.555555555555556,True
2025-07-12 05:00:00,17.1,80,3.611111111111111,True
2025-07-12 06:00:00,20.2,75,3.222222222222222,True
2025-07-12 07:00:00,22.8,67,2.0,True
2025-07-12 08:00:00,24.6,53,1.2222222222222223,True
2025-07-12 09:00:00,24.6,53,2.25,True
2025-07-12 10:00:00,24.7,55,2.4166666666666665,True
2025-07-12 11:00:00,24.9,51,1.9444444444444444,True
2025-07-12 12:00:00,25.1,54,3.0,True
2025-07-12 13:00:00,22.4,68,1.8333333333333333,True
2025-07-12 14:00:00,24.0,62,1.1944444444444444,True
2025-07-12 15:00:00,24.4,58,1.1944444444444444,True
2025-07-12 16:00:00,24.2,58,1.5277777777777777,True
2025-07-12 17:00:00,23.7,61,1.3055555555555556,True
2025-07-12 18:00:00,22.6,73,0.8611111111111112,True
2025-07-12 19:00:00,21.3,74,0.6111111111111112,True
2025-07-12 20:00:00,21.0,72,0.4722222222222222,True
2025-07-12 21:00:00,21.2,69,2.833333333333333,True
2025-07-12 22:00:00,19.8,77,3.4444444444444446,True
2025-07-12 23:00:00,19.4,80,3.6944444444444446,True
2025-07-13 00:00:00,19.1,86,2.5277777777777777,True
2025-07-13 01:00:00,18.6,88,1.8055555555555556,True
2025-07-13 02:00:00,19.4,79,3.1111111111111107,True
2025-07-13 03:00:00,19.4,77,2.8055555555555554,True
2025-07-13 04:00:00,19.2,79,1.9444444444444444,True
2025-07-13 05:00:00,19.2,90,1.9166666666666667,True
2025-07-13 06:00:00,18.9,91,3.9166666666666665,True
2025-07-13 07:00:00,20.5,89,2.4722222222222223,True
2025-07-13 08:00:00,22.4,84,2.2222222222222223,True
2025-07-13 09:00:00,24.7,79,1.1944444444444444,True
2025-07-13 10:00:00,26.0,69,3.6666666666666665,True
2025-07-13 11:00:00,26.3,66,4.472222222222222,True
2025-07-13 12:00:00,26.5,64,5.444444444444445,True
2025-07-13 13:00:00,26.9,65,2.972222222222222,True
2025-07-13 14:00:00,25.3,68,5.916666666666667,True
2025-07-13 15:00:00,25.2,66,4.5,True
2025-07-13 16:00:00,25.1,69,2.75,True
2025-07-13 17:00:00,24.6,75,2.0833333333333335,True
2025-07-13 18:00:00,23.1,85,2.5555555555555554,True
2025-07-13 19:00:00,22.2,86,2.0277777777777777,True
2025-07-13 20:00:00,22.1,85,1.0555555555555556,True
2025-07-13 21:00:00,21.9,84,0.9444444444444444,True
2025-07-13 22:00:00,21.7,81,1.3611111111111112,True
2025-07-13 23:00:00,21.4,79,1.2222222222222223,True
2025-07-14 00:00:00,20.6,79,1.0555555555555556,True
2025-07-14 01:00:00,19.8,78,1.8888888888888888,True
2025-07-14 02:00:00,19.2,78,1.611111111111111,True
2025-07-14 03:00:00,18.7,79,1.8055555555555556,True
2025-07-14 04:00:00,18.6,79,2.388888888888889,True
2025-07-14 05:00:00,20.2,79,2.138888888888889,True
2025-07-14 06:00:00,22.9,69,1.1666666666666667,True
2025-07-14 07:00:00,24.0,64,0.41666666666666663,True
2025-07-14 08:00:00,24.7,66,1.1944444444444444,True
2025-07-14 09:00:00,25.4,65,1.5833333333333333,True
2025-07-14 10:00:00,26.3,62,2.111111111111111,True
2025-07-14 11:00:00,26.5,64,2.5,True
2025-07-14 12:00:00,26.4,68,2.611111111111111,True
2025-07-14 13:00:00,27.4,62,2.944444444444444,True
2025-07-14 14:00:00,27.1,63,3.083333333333333,True
2025-07-14 15:00:00,26.7,64,2.5,True
2025-07-14 16:00:00,26.3,63,1.777777777777778,True
2025-07-14 17:00:00,26.1,64,0.6666666666666666,True
2025-07-14 18:00:00,25.0,79,0.22222222222222224,True
2025-07-14 19:00:00,23.8,76,0.0,True
2025-07-14 20:00:00,23.4,76,0.11111111111111112,True
2025-07-14 21:00:00,22.5,80,0.5277777777777778,True
2025-07-14 22:00:00,22.0,84,0.9444444444444444,True
2025-07-14 23:00:00,21.3,86,1.0555555555555556,True
2025-07-15 00:00:00,20.2,87,1.1666666666666667,True
2025-07-15 01:00:00,19.1,88,1.6944444444444442,True
2025-07-15 02:00:00,18.7,87,2.3333333333333335,True
2025-07-15 03:00:00,18.7,83,2.9166666666666665,True
2025-07-15 04:00:00,19.0,80,3.1111111111111107,True
2025-07-15 05:00:00,20.2,78,3.2499999999999996,True
2025-07-15 06:00:00,23.4,70,2.972222222222222,True
2025-07-15 07:00:00,26.2,60,2.4722222222222223,True
2025-07-15 08:00:00,28.1,50,2.4722222222222223,True
2025-07-15 09:00:00,29.4,42,2.5,True
2025-07-15 10:00:00,30.4,38,1.8055555555555556,True
2025-07-15 11:00:00,30.8,36,1.6666666666666665,True
2025-07-15 12:00:00,30.7,37,2.888888888888889,True
2025-07-15 13:00:00,30.5,37,3.194444444444444,True
2025-07-15 14:00:00,30.2,44,3.5277777777777777,True
2025-07-15 15:00:00,29.7,48,3.3611111111111107,True
2025-07-15 16:00:00,29.3,46,2.8055555555555554,True
2025-07-15 17:00:00,28.5,51,2.4722222222222223,True
2025-07-15 18:00:00,26.8,62,1.5,True
2025-07-15 19:00:00,24.7,69,0.9722222222222222,True
2025-07-15 20:00:00,23.5,73,1.6944444444444442,True
2025-07-15 21:00:00,21.6,79,2.4722222222222223,True
2025-07-15 22:00:00,21.3,78,2.888888888888889,True
2025-07-15 23:00:00,21.2,74,3.0,True
2025-07-16 00:00:00,21.4,70,3.3888888888888884,True
2025-07-16 01:00:00,22.6,69,4.805555555555555,True
2025-07-16 02:00:00,23.6,60,5.777777777777778,True
2025-07-16 03:00:00,23.9,58,6.472222222222222,True
2025-07-16 04:00:00,23.8,58,6.527777777777778,True
2025-07-16 05:00:00,23.7,60,6.499999999999999,True
2025-07-16 06:00:00,24.3,61,4.444444444444445,True
2025-07-16 07:00:00,25.7,57,4.166666666666667,True
2025-07-16 08:00:00,26.5,52,4.222222222222222,True
2025-07-16 09:00:00,27.8,45,5.194444444444444,True
2025-07-16 10:00:00,27.4,46,5.638888888888889,True
2025-07-16 11:00:00,27.0,51,6.277777777777778,True
2025-07-16 12:00:00,26.6,53,5.75,True
2025-07-16 13:00:00,25.4,59,5.694444444444445,True
2025-07-16 14:00:00,27.0,52,4.444444444444445,True
2025-07-16 15:00:00,27.2,52,4.111111111111112,True
2025-07-16 16:00:00,26.7,53,4.916666666666666,True
2025-07-16 17:00:00,25.7,57,4.888888888888889,True
2025-07-16 18:00:00,24.6,61,4.527777777777778,True
2025-07-16 19:00:00,23.5,63,4.194444444444445,True
2025-07-16 20:00:00,22.5,66,3.861111111111111,True
2025-07-16 21:00:00,21.8,69,3.7222222222222223,True
2025-07-16 22:00:00,21.0,71,3.8055555555555554,True
2025-07-16 23:00:00,20.7,71,3.944444444444444,True
2025-07-17 00:00:00,19.5,80,4.305555555555555,True
2025-07-17 01:00:00,19.5,78,6.222222222222221,True
2025-07-17 02:00:00,18.8,87,5.583333333333334,True
2025-07-17 03:00:00,18.9,87,4.222222222222222,True
2025-07-17 04:00:00,18.9,84,5.111111111111111,True
2025-07-17 05:00:00,19.2,83,4.444444444444445,True
2025-07-17 06:00:00,20.8,78,3.4722222222222223,True
2025-07-17 07:00:00,22.6,66,4.611111111111112,True
2025-07-17 08:00:00,24.0,53,5.916666666666667,True
2025-07-17 09:00:00,25.1,49,5.805555555555555,True
2025-07-17 10:00:00,26.0,46,4.75,True
2025-07-17 11:00:00,26.7,44,3.194444444444444,True
2025-07-17 12:00:00,27.4,41,2.5,True
2025-07-17 13:00:00,27.8,32,3.888888888888889,True
2025-07-17 14:00:00,27.7,32,4.027777777777778,True
2025-07-17 15:00:00,27.3,35,3.9722222222222223,True
2025-07-17 16:00:00,26.8,37,3.7222222222222223,True
2025-07-17 17:00:00,26.1,40,3.333333333333333,True
2025-07-17 18:00:00,24.6,48,2.6666666666666665,True
2025-07-17 19:00:00,22.9,54,2.7777777777777777,True
2025-07-17 20:00:00,21.0,63,2.944444444444444,True
2025-07-17 21:00:00,20.2,66,3.638888888888889,True
2025-07-17 22:00:00,19.6,66,3.5833333333333335,True
2025-07-17 23:00:00,18.8,68,3.611111111111111,True
2025-07-18 00:00:00,18.2,71,3.75,True
2025-07-18 01:00:00,19.0,69,3.7777777777777777,True
2025-07-18 02:00:00,18.5,71,3.5833333333333335,True
2025-07-18 03:00:00,18.1,72,3.638888888888889,True
2025-07-18 04:00:00,17.8,72,3.75,True
2025-07-18 05:00:00,19.4,68,3.555555555555556,True
2025-07-18 06:00:00,22.0,59,2.7777777777777777,True
2025-07-18 07:00:00,24.5,49,1.8611111111111112,True
2025-07-18 08:00:00,25.8,45,0.41666666666666663,True
2025-07-18 09:00:00,26.6,45,1.6666666666666665,True
2025-07-18 10:00:00,26.9,44,2.972222222222222,True
2025-07-18 11:00:00,27.0,45,3.611111111111111,True
2025-07-18 12:00:00,27.0,42,3.9166666666666665,True
2025-07-18 13:00:00,27.0,43,3.138888888888889,True
2025-07-18 14:00:00,27.2,45,2.611111111111111,True
2025-07-18 15:00:00,27.0,47,2.361111111111111,True
2025-07-18 16:00:00,26.8,49,2.4444444444444446,True
2025-07-18 17:00:00,26.3,51,1.8333333333333333,True
2025-07-18 18:00:00,25.1,67,0.5277777777777778,True
2025-07-18 19:00:00,23.7,65,0.5,True
2025-07-18 20:00:00,22.4,67,1.0555555555555556,True
2025-07-18 21:00:00,21.2,71,1.5555555555555554,True
2025-07-18 22:00:00,19.6,77,1.6666666666666665,True
2025-07-18 23:00:00,18.7,80,1.7222222222222223,True
2025-07-19 00:00:00,18.3,79,1.9444444444444444,True
2025-07-19 01:00:00,18.7,72,2.2222222222222223,True
2025-07-19 02:00:00,18.7,70,2.0833333333333335,True
2025-07-19 03:00:00,18.5,69,2.305555555555556,True
2025-07-19 04:00:00,18.5,69,2.5,True
2025-07-19 05:00:00,20.9,63,2.388888888888889,True
2025-07-19 06:00:00,24.7,52,1.5,True
2025-07-19 07:00:00,26.6,47,0.16666666666666666,True
2025-07-19 08:00:00,27.7,46,1.2777777777777777,True
2025-07-19 09:00:00,28.6,41,2.1944444444444446,True
2025-07-19 10:00:00,29.3,36,2.888888888888889,True
2025-07-19 11:00:00,29.5,32,3.75,True
2025-07-19 12:00:00,29.3,32,4.111111111111112,True
2025-07-19 13:00:00,28.9,38,3.555555555555556,True
2025-07-19 14:00:00,28.7,38,3.0555555555555554,True
2025-07-19 15:00:00,28.5,40,3.2777777777777777,True
2025-07-19 16:00:00,27.4,50,3.7222222222222223,True
2025-07-19 17:00:00,26.4,60,1.7222222222222223,True
2025-07-19 18:00:00,25.8,67,1.027777777777778,True
2025-07-19 19:00:00,24.5,77,0.1388888888888889,True
2025-07-19 20:00:00,23.9,77,0.4444444444444445,True
2025-07-19 21:00:00,23.6,77,0.6388888888888888,True
2025-07-19 22:00:00,23.9,74,0.888888888888889,True
2025-07-19 23:00:00,23.5,77,0.9166666666666666,True
2025-07-20 00:00:00,23.0,79,0.8611111111111112,True
2025-07-20 01:00:00,22.5,84,1.6388888888888888,True
2025-07-20 02:00:00,22.1,87,1.6666666666666665,True
2025-07-20 03:00:00,21.7,89,1.3333333333333333,True
2025-07-20 04:00:00,21.1,89,2.6666666666666665,True
2025-07-20 05:00:00,22.0,88,2.388888888888889,True
2025-07-20 06:00:00,25.1,77,2.138888888888889,True
2025-07-20 07:00:00,27.4,60,1.7222222222222223,True
2025-07-20 08:00:00,29.2,54,0.888888888888889,True
2025-07-20 09:00:00,30.2,51,1.0555555555555556,True
2025-07-20 10:00:00,30.5,50,2.1666666666666665,True
2025-07-20 11:00:00,31.2,47,2.888888888888889,True
2025-07-20 12:00:00,30.7,50,4.416666666666667,True
2025-07-20 13:00:00,29.4,55,3.416666666666667,True
2025-07-20 14:00:00,29.0,56,3.6666666666666665,True
2025-07-20 15:00:00,28.6,57,1.8611111111111112,True
2025-07-20 16:00:00,28.4,56,1.4444444444444444,True
2025-07-20 17:00:00,27.8,58,0.7777777777777777,True
2025-07-20 18:00:00,26.8,71,0.3611111111111111,True
2025-07-20 19:00:00,25.2,69,0.4444444444444445,True
2025-07-20 20:00:00,24.7,67,0.8611111111111112,True
2025-07-20 21:00:00,24.4,68,1.5,True
2025-07-20 22:00:00,23.0,74,1.8333333333333333,True
2025-07-20 23:00:00,22.2,76,2.6666666666666665,True
2025-07-21 00:00:00,22.6,68,3.1111111111111107,True
2025-07-21 01:00:00,21.4,73,2.388888888888889,True
2025-07-21 02:00:00,21.6,70,2.4444444444444446,True
2025-07-21 03:00:00,22.3,64,2.5555555555555554,True
2025-07-21 04:00:00,22.5,63,2.5,True
2025-07-21 05:00:00,23.7,62,2.7222222222222223,True
2025-07-21 06:00:00,26.3,56,1.5833333333333333,True
2025-07-21 07:00:00,27.3,57,2.694444444444444,True
2025-07-21 08:00:00,24.0,86,2.638888888888889,True
2025-07-21 09:00:00,25.7,74,2.694444444444444,True
2025-07-21 10:00:00,27.5,68,1.5833333333333333,True
2025-07-21 11:00:00,29.1,63,3.4722222222222223,True
2025-07-21 12:00:00,29.2,63,5.166666666666667,True
2025-07-21 13:00:00,30.8,57,4.25,True
2025-07-21 14:00:00,30.1,53,7.583333333333333,True
2025-07-21 15:00:00,24.3,90,2.5555555555555554,True
2025-07-21 16:00:00,25.0,84,2.5,True
2025-07-21 17:00:00,25.5,79,1.5833333333333333,True
2025-07-21 18:00:00,25.0,78,2.361111111111111,True
2025-07-21 19:00:00,23.7,84,2.111111111111111,True
2025-07-21 20:00:00,23.7,79,1.1666666666666667,True
2025-07-21 21:00:00,22.8,80,1.25,True
2025-07-21 22:00:00,22.5,80,2.4722222222222223,True
2025-07-21 23:00:00,22.3,79,3.222222222222222,True
2025-07-22 00:00:00,21.8,78,3.2777777777777777,True
2025-07-22 01:00:00,22.1,82,4.555555555555555,True
2025-07-22 02:00:00,19.9,79,4.611111111111112,True
2025-07-22 03:00:00,19.5,84,5.527777777777778,True
2025-07-22 04:00:00,19.7,81,4.694444444444444,True
2025-07-22 05:00:00,20.4,79,5.0,True
2025-07-22 06:00:00,22.3,76,4.222222222222222,True
2025-07-22 07:00:00,23.1,74,3.888888888888889,True
2025-07-22 08:00:00,22.6,80,5.166666666666667,True
2025-07-22 09:00:00,25.1,68,3.8333333333333335,True
2025-07-22 10:00:00,27.4,60,2.861111111111111,True
2025-07-22 11:00:00,28.4,58,1.472222222222222,True
2025-07-22 12:00:00,28.8,56,0.5,True
2025-07-22 13:00:00,29.8,50,2.2222222222222223,True
2025-07-22 14:00:00,29.7,50,0.6666666666666666,True
2025-07-22 15:00:00,29.1,52,0.5,True
2025-07-22 16:00:00,28.9,53,0.9166666666666666,True
2025-07-22 17:00:00,28.2,57,1.472222222222222,True
2025-07-22 18:00:00,26.2,75,0.9166666666666666,True
2025-07-22 19:00:00,24.9,77,0.05555555555555556,True
2025-07-22 20:00:00,23.5,81,0.6666666666666666,True
2025-07-22 21:00:00,22.7,82,1.777777777777778,True
2025-07-22 22:00:00,22.0,79,2.972222222222222,True
2025-07-22 23:00:00,21.6,76,3.6944444444444446,True
2025-07-23 00:00:00,21.9,72,4.0,True
2025-07-23 01:00:00,21.7,74,4.055555555555555,True
2025-07-23 02:00:00,22.0,72,4.0,True
2025-07-23 03:00:00,21.7,71,4.138888888888889,True
2025-07-23 04:00:00,21.8,70,4.555555555555555,True
2025-07-23 05:00:00,22.9,66,4.805555555555555,True
2025-07-23 06:00:00,24.6,61,5.305555555555556,True
2025-07-23 07:00:00,26.1,56,5.611111111111111,True
2025-07-23 08:00:00,27.4,52,5.222222222222222,True
2025-07-23 09:00:00,28.8,48,4.388888888888889,True
2025-07-23 10:00:00,29.9,44,2.611111111111111,True
2025-07-23 11:00:00,30.4,41,1.3611111111111112,True
2025-07-23 12:00:00,31.0,39,0.4444444444444445,True
2025-07-23 13:00:00,31.1,37,2.0833333333333335,True
2025-07-23 14:00:00,30.8,38,2.972222222222222,True
2025-07-23 15:00:00,30.0,43,3.611111111111111,True
2025-07-23 16:00:00,29.1,48,2.9166666666666665,True
2025-07-23 17:00:00,28.4,51,1.6666666666666665,True
2025-07-23 18:00:00,26.8,67,0.6666666666666666,True
2025-07-23 19:00:00,25.5,65,0.22222222222222224,True
2025-07-23 20:00:00,24.9,64,1.0,True
2025-07-23 21:00:00,23.6,71,1.5,True
2025-07-23 22:00:00,22.0,78,2.138888888888889,True
2025-07-23 23:00:00,21.6,76,2.638888888888889,True
2025-07-24 00:00:00,21.6,72,3.1111111111111107,True
2025-07-24 01:00:00,22.0,68,3.1666666666666665,True
2025-07-24 02:00:00,22.5,63,3.0277777777777777,True
2025-07-24 03:00:00,22.5,61,2.305555555555556,True
2025-07-24 04:00:00,22.3,62,3.2499999999999996,True
2025-07-24 05:00:00,23.7,60,3.1111111111111107,True
2025-07-24 06:00:00,25.2,59,1.5555555555555554,True
2025-07-24 07:00:00,26.3,57,1.3611111111111112,True
2025-07-24 08:00:00,26.1,62,0.5277777777777778,True
2025-07-24 09:00:00,28.1,57,2.4166666666666665,True
2025-07-24 10:00:00,29.8,53,2.2777777777777777,True
2025-07-24 11:00:00,30.0,51,3.3611111111111107,True
2025-07-24 12:00:00,28.5,61,4.888888888888889,True
2025-07-24 13:00:00,26.0,69,2.2777777777777777,True
2025-07-24 14:00:00,26.0,67,3.9722222222222223,True
2025-07-24 15:00:00,24.2,80,2.5555555555555554,True
2025-07-24 16:00:00,26.3,70,0.9722222222222222,True
2025-07-24 17:00:00,26.2,71,0.7777777777777777,True
2025-07-24 18:00:00,25.0,78,0.9722222222222222,True
2025-07-24 19:00:00,23.8,84,1.1666666666666667,True
2025-07-24 20:00:00,23.2,86,0.9166666666666666,True
2025-07-24 21:00:00,22.9,86,1.6944444444444442,True
2025-07-24 22:00:00,22.0,87,2.0,True
2025-07-24 23:00:00,21.6,86,2.1944444444444446,True
2025-07-25 00:00:00,21.4,82,2.138888888888889,True
2025-07-25 01:00:00,21.0,74,2.5833333333333335,True
2025-07-25 02:00:00,21.9,69,2.4166666666666665,True
2025-07-25 03:00:00,22.1,69,2.4722222222222223,True
2025-07-25 04:00:00,21.5,75,3.0555555555555554,True
2025-07-25 05:00:00,22.2,76,3.5833333333333335,True
2025-07-25 06:00:00,23.0,75,2.4166666666666665,True
2025-07-25 07:00:00,24.4,75,2.861111111111111,True
2025-07-25 08:00:00,26.3,64,1.611111111111111,True
2025-07-25 09:00:00,24.9,77,0.9166666666666666,True
2025-07-25 10:00:00,25.4,71,1.611111111111111,True
2025-07-25 11:00:00,26.0,67,1.5277777777777777,True
2025-07-25 12:00:00,26.0,65,2.1666666666666665,True
2025-07-25 13:00:00,26.5,54,1.7222222222222223,True
2025-07-25 14:00:00,26.0,56,0.75,True
2025-07-25 15:00:00,25.8,57,0.3055555555555556,True
2025-07-25 16:00:00,25.4,62,1.8611111111111112,True
2025-07-25 17:00:00,24.7,66,1.8888888888888888,True
2025-07-25 18:00:00,23.9,77,0.4722222222222222,True
2025-07-25 19:00:00,23.1,77,2.388888888888889,True
2025-07-25 20:00:00,22.5,83,2.972222222222222,True
2025-07-25 21:00:00,22.4,80,2.5833333333333335,True
2025-07-25 22:00:00,22.3,70,3.6944444444444446,True
2025-07-25 23:00:00,21.4,72,1.8888888888888888,True
2025-07-26 00:00:00,20.5,82,2.611111111111111,True
2025-07-26 01:00:00,20.1,88,3.5,True
2025-07-26 02:00:00,19.9,86,2.25,True
2025-07-26 03:00:00,20.1,84,1.2222222222222223,True
2025-07-26 04:00:00,19.6,94,2.4166666666666665,True
2025-07-26 05:00:00,20.1,89,3.2777777777777777,True
2025-07-26 06:00:00,19.4,93,2.694444444444444,True
2025-07-26 07:00:00,21.6,87,3.3055555555555554,True
2025-07-26 08:00:00,23.9,80,0.75,True
2025-07-26 09:00:00,23.5,79,0.7777777777777777,True
2025-07-26 10:00:00,23.2,81,1.5,True
2025-07-26 11:00:00,24.9,76,0.7777777777777777,True
2025-07-26 12:00:00,25.7,72,0.6388888888888888,True
2025-07-26 13:00:00,25.7,64,1.9444444444444444,True
2025-07-26 14:00:00,26.3,63,1.0555555555555556,True
2025-07-26 15:00:00,26.4,64,0.5555555555555556,True
2025-07-26 16:00:00,25.5,68,2.4166666666666665,True
2025-07-26 17:00:00,23.1,74,2.5833333333333335,True
2025-07-26 18:00:00,22.2,81,1.0833333333333333,True
2025-07-26 19:00:00,21.5,86,1.3611111111111112,True
2025-07-26 20:00:00,20.7,92,0.75,True
2025-07-26 21:00:00,20.1,92,0.3333333333333333,True
2025-07-26 22:00:00,20.3,92,1.3888888888888888,True
2025-07-26 23:00:00,19.9,90,1.5277777777777777,True
2025-07-27 00:00:00,19.4,93,3.0555555555555554,True
2025-07-27 01:00:00,19.3,90,1.0555555555555556,True
2025-07-27 02:00:00,19.0,95,1.1944444444444444,True
2025-07-27 03:00:00,19.2,95,0.6111111111111112,True
2025-07-27 04:00:00,19.1,96,1.1944444444444444,True
2025-07-27 05:00:00,19.2,97,0.9166666666666666,True
2025-07-27 06:00:00,20.0,91,1.1111111111111112,True
2025-07-27 07:00:00,20.5,89,1.1111111111111112,True
2025-07-27 08:00:00,21.1,86,1.1944444444444444,True
2025-07-27 09:00:00,22.6,79,0.16666666666666666,True
2025-07-27 10:00:00,23.6,74,0.41666666666666663,True
2025-07-27 11:00:00,25.3,63,1.25,True
2025-07-27 12:00:00,25.9,59,2.1666666666666665,True
2025-07-27 13:00:00,26.0,67,1.472222222222222,True
2025-07-27 14:00:00,24.8,74,1.6666666666666665,True
2025-07-27 15:00:00,25.5,69,1.4444444444444444,True
2025-07-27 16:00:00,24.6,72,0.4444444444444445,True
2025-07-27 17:00:00,24.2,73,1.1388888888888888,True
2025-07-27 18:00:00,23.4,78,1.5555555555555554,True
2025-07-27 19:00:00,22.4,81,1.5277777777777777,True
2025-07-27 20:00:00,22.1,78,2.361111111111111,True
2025-07-27 21:00:00,19.6,91,4.305555555555555,True
2025-07-27 22:00:00,19.5,95,3.5,True
2025-07-27 23:00:00,19.1,95,1.5277777777777777,True
2025-07-28 00:00:00,18.7,96,1.4166666666666665,True
2025-07-28 01:00:00,19.4,85,2.361111111111111,True
2025-07-28 02:00:00,19.3,84,2.4444444444444446,True
2025-07-28 03:00:00,19.5,82,2.9166666666666665,True
2025-07-28 04:00:00,19.4,81,3.0,True
2025-07-28 05:00:00,19.8,79,4.472222222222222,True
2025-07-28 06:00:00,20.6,75,4.416666666666667,True
2025-07-28 07:00:00,21.3,71,3.944444444444444,True
2025-07-28 08:00:00,20.8,76,3.083333333333333,True
2025-07-28 09:00:00,21.7,74,2.944444444444444,True
2025-07-28 10:00:00,20.9,84,5.111111111111111,True
2025-07-28 11:00:00,21.3,82,5.194444444444444,True
2025-07-28 12:00:00,22.0,73,5.083333333333333,True
2025-07-28 13:00:00,23.2,62,4.305555555555555,True
2025-07-28 14:00:00,22.0,68,4.666666666666667,True
2025-07-28 15:00:00,22.0,69,4.25,True
2025-07-28 16:00:00,21.8,70,3.3611111111111107,True
2025-07-28 17:00:00,21.2,74,2.833333333333333,True
2025-07-28 18:00:00,20.6,81,2.1666666666666665,True
2025-07-28 19:00:00,19.9,88,2.4444444444444446,True
2025-07-28 20:00:00,19.3,92,2.0277777777777777,True
2025-07-28 21:00:00,18.9,93,1.6666666666666665,True
2025-07-28 22:00:00,18.7,92,1.027777777777778,True
2025-07-28 23:00:00,18.5,91,1.027777777777778,True
2025-07-29 00:00:00,18.3,91,1.1944444444444444,True
2025-07-29 01:00:00,18.3,93,0.888888888888889,True
2025-07-29 02:00:00,18.4,91,0.9722222222222222,True
2025-07-29 03:00:00,18.3,89,0.6388888888888888,True
2025-07-29 04:00:00,18.3,88,0.6666666666666666,True
2025-07-29 05:00:00,18.6,88,1.1388888888888888,True
2025-07-29 06:00:00,19.1,90,1.1388888888888888,True
2025-07-29 07:00:00,19.8,97,0.9722222222222222,True
2025-07-29 08:00:00,20.2,84,1.1666666666666667,True
2025-07-29 09:00:00,20.1,82,0.7777777777777777,True
2025-07-29 10:00:00,20.6,77,0.5,True
2025-07-29 11:00:00,20.9,80,1.1944444444444444,True
2025-07-29 12:00:00,21.8,76,1.2777777777777777,True
2025-07-29 13:00:00,21.3,84,1.5833333333333333,True
2025-07-29 14:00:00,22.7,74,1.8055555555555556,True
2025-07-29 15:00:00,23.7,68,1.75,True
2025-07-29 16:00:00,23.5,66,1.4444444444444444,True
2025-07-29 17:00:00,23.0,66,0.6666666666666666,True
2025-07-29 18:00:00,21.5,76,0.6666666666666666,True
2025-07-29 19:00:00,20.3,75,1.6666666666666665,True
2025-07-29 20:00:00,19.3,75,2.4722222222222223,True
2025-07-29 21:00:00,18.2,76,2.861111111111111,True
2025-07-29 22:00:00,17.4,78,3.194444444444444,True
2025-07-29 23:00:00,16.9,79,3.222222222222222,True
2025-07-30 00:00:00,16.5,80,3.1666666666666665,True
2025-07-30 01:00:00,17.8,73,2.0277777777777777,True
2025-07-30 02:00:00,17.5,73,1.611111111111111,True
2025-07-30 03:00:00,17.6,75,2.25,True
2025-07-30 04:00:00,17.7,75,2.4166666666666665,True
2025-07-30 05:00:00,18.3,75,2.361111111111111,True
2025-07-30 06:00:00,19.7,76,2.25,True
2025-07-30 07:00:00,22.2,62,1.8055555555555556,True
2025-07-30 08:00:00,23.6,48,2.4166666666666665,True
2025-07-30 09:00:00,24.6,43,2.8055555555555554,True
2025-07-30 10:00:00,25.3,41,2.5,True
2025-07-30 11:00:00,25.9,40,1.8333333333333333,True
2025-07-30 12:00:00,26.4,38,1.25,True
2025-07-30 13:00:00,26.8,37,3.1111111111111107,True
2025-07-30 14:00:00,25.9,41,4.111111111111112,True
2025-07-30 15:00:00,25.1,47,4.861111111111111,True
2025-07-30 16:00:00,24.3,52,4.416666666666667,True
2025-07-30 17:00:00,23.7,58,3.3888888888888884,True
2025-07-30 18:00:00,22.6,65,2.7222222222222223,True
2025-07-30 19:00:00,21.0,70,1.4444444444444444,True
2025-07-30 20:00:00,19.3,77,0.9722222222222222,True
2025-07-30 21:00:00,18.2,80,1.5,True
2025-07-30 22:00:00,17.5,77,2.138888888888889,True
2025-07-30 23:00:00,17.4,72,2.5,True
2025-07-31 00:00:00,16.9,73,2.6666666666666665,True
2025-07-31 01:00:00,17.3,72,3.2777777777777777,True
2025-07-31 02:00:00,17.1,74,3.0,True
2025-07-31 03:00:00,16.6,76,3.083333333333333,True
2025-07-31 04:00:00,16.3,77,3.333333333333333,True
2025-07-31 05:00:00,17.5,75,3.3055555555555554,True
2025-07-31 06:00:00,20.7,69,2.8055555555555554,True
2025-07-31 07:00:00,23.4,60,2.3333333333333335,True
2025-07-31 08:00:00,25.1,50,3.0277777777777777,True
2025-07-31 09:00:00,26.2,43,1.8055555555555556,True
2025-07-31 10:00:00,26.9,41,0.7222222222222222,True
2025-07-31 11:00:00,27.4,39,2.0833333333333335,True
2025-07-31 12:00:00,27.3,38,3.0555555555555554,True
2025-07-31 13:00:00,27.6,36,3.5,True
2025-07-31 14:00:00,27.2,39,2.7777777777777777,True
2025-07-31 15:00:00,26.8,42,2.5,True
2025-07-31 16:00:00,26.0,49,2.3333333333333335,True
2025-07-31 17:00:00,25.2,57,1.3611111111111112,True
2025-07-31 18:00:00,23.8,69,0.5833333333333334,True
2025-07-31 19:00:00,22.6,67,0.3611111111111111,True
2025-07-31 20:00:00,21.5,68,1.0,True
2025-07-31 21:00:00,20.6,71,1.5277777777777777,True
2025-07-31 22:00:00,18.6,78,2.0,True
2025-07-31 23:00:00,17.7,80,2.388888888888889,True
2025-08-01 00:00:00,17.5,79,2.5833333333333335,True
2025-08-01 01:00:00,18.0,76,2.972222222222222,True
2025-08-01 02:00:00,18.1,74,3.138888888888889,True
2025-08-01 03:00:00,17.8,75,2.972222222222222,True
2025-08-01 04:00:00,17.5,77,3.2499999999999996,True
2025-08-01 05:00:00,18.6,74,3.0277777777777777,True
2025-08-01 06:00:00,21.4,69,2.4722222222222223,True
2025-08-01 07:00:00,24.1,61,1.4166666666666665,True
2025-08-01 08:00:00,26.0,52,0.5833333333333334,True
2025-08-01 09:00:00,27.1,43,1.027777777777778,True
2025-08-01 10:00:00,27.7,37,2.833333333333333,True
2025-08-01 11:00:00,27.4,40,3.5,True
2025-08-01 12:00:00,27.6,42,2.9166666666666665,True
2025-08-01 13:00:00,26.3,52,4.0,True
2025-08-01 14:00:00,24.8,61,2.5277777777777777,True
2025-08-01 15:00:00,24.6,65,2.4722222222222223,True
2025-08-01 16:00:00,24.8,60,2.4166666666666665,True
2025-08-01 17:00:00,24.7,58,1.4444444444444444,True
2025-08-01 18:00:00,23.2,70,1.0,True
2025-08-01 19:00:00,21.4,79,0.9166666666666666,True
2025-08-01 20:00:00,20.7,81,1.4444444444444444,True
2025-08-01 21:00:00,19.5,82,1.8611111111111112,True
2025-08-01 22:00:00,19.0,81,1.8888888888888888,True
2025-08-01 23:00:00,18.8,80,2.0,True
2025-08-02 00:00:00,19.0,77,2.138888888888889,True
2025-08-02 01:00:00,19.3,71,1.3055555555555556,True
2025-08-02 02:00:00,19.7,68,1.9444444444444444,True
2025-08-02 03:00:00,19.6,70,3.555555555555556,True
2025-08-02 04:00:00,19.1,73,3.75,True
2025-08-02 05:00:00,19.3,74,3.7222222222222223,True
2025-08-02 06:00:00,21.5,68,3.5,True
2025-08-02 07:00:00,23.2,63,2.3333333333333335,True
2025-08-02 08:00:00,24.6,58,1.1944444444444444,True
2025-08-02 09:00:00,25.0,55,0.22222222222222224,True
2025-08-02 10:00:00,25.0,53,0.9166666666666666,True
2025-08-02 11:00:00,24.7,58,2.75,True
2025-08-02 12:00:00,25.3,57,1.3333333333333333,True
2025-08-02 13:00:00,20.4,87,3.7222222222222223,True
2025-08-02 14:00:00,21.0,82,2.5,True
2025-08-02 15:00:00,21.7,78,2.1666666666666665,True
2025-08-02 16:00:00,22.0,75,0.9166666666666666,True
2025-08-02 17:00:00,19.5,95,1.472222222222222,True
2025-08-02 18:00:00,18.4,96,1.1111111111111112,True
2025-08-02 19:00:00,18.5,95,2.0833333333333335,True
2025-08-02 20:00:00,18.5,95,1.0,True
2025-08-02 21:00:00,18.3,95,1.3611111111111112,True
2025-08-02 22:00:00,17.6,95,2.3333333333333335,True
2025-08-02 23:00:00,17.5,94,1.8333333333333333,True
2025-08-03 00:00:00,17.2,94,2.5,True
2025-08-03 01:00:00,17.8,92,3.194444444444444,True
2025-08-03 02:00:00,17.5,88,4.305555555555555,True
2025-08-03 03:00:00,17.3,87,3.2499999999999996,True
2025-08-03 04:00:00,16.8,88,3.138888888888889,True
2025-08-03 05:00:00,17.7,82,4.583333333333333,True
2025-08-03 06:00:00,19.3,75,4.861111111111111,True
2025-08-03 07:00:00,21.4,65,4.361111111111111,True
2025-08-03 08:00:00,21.5,65,4.611111111111112,True
2025-08-03 09:00:00,21.8,61,6.027777777777778,True
2025-08-03 10:00:00,22.6,56,6.138888888888889,True
2025-08-03 11:00:00,23.0,53,6.055555555555555,True
2025-08-03 12:00:00,23.6,49,6.083333333333333,True
2025-08-03 13:00:00,24.3,50,6.361111111111111,True
2025-08-03 14:00:00,24.5,50,5.638888888888889,True
2025-08-03 15:00:00,23.8,50,5.833333333333333,True
2025-08-03 16:00:00,23.2,54,5.111111111111111,True
2025-08-03 17:00:00,22.6,56,4.972222222222221,True
2025-08-03 18:00:00,21.6,61,4.361111111111111,True
2025-08-03 19:00:00,20.9,61,3.638888888888889,True
2025-08-03 20:00:00,19.6,67,2.75,True
2025-08-03 21:00:00,18.5,73,2.4166666666666665,True
2025-08-03 22:00:00,17.8,75,2.4166666666666665,True
2025-08-03 23:00:00,17.4,77,2.3333333333333335,True
2025-08-04 00:00:00,16.8,79,2.305555555555556,True
2025-08-04 01:00:00,16.4,79,2.4166666666666665,True
2025-08-04 02:00:00,15.9,81,2.2222222222222223,True
2025-08-04 03:00:00,15.3,83,2.1666666666666665,True
2025-08-04 04:00:00,15.4,81,2.6666666666666665,True
2025-08-04 05:00:00,16.9,76,3.083333333333333,True
2025-08-04 06:00:00,19.7,69,2.5277777777777777,True
2025-08-04 07:00:00,22.6,54,1.8055555555555556,True
2025-08-04 08:00:00,24.0,44,2.388888888888889,True
2025-08-04 09:00:00,25.2,41,2.361111111111111,True
2025-08-04 10:00:00,26.2,39,1.8333333333333333,True
2025-08-04 11:00:00,26.9,37,1.1388888888888888,True
2025-08-04 12:00:00,27.0,36,3.0277777777777777,True
2025-08-04 13:00:00,26.4,40,3.611111111111111,True
2025-08-04 14:00:00,25.9,42,4.055555555555555,True
2025-08-04 15:00:00,25.4,44,4.111111111111112,True
2025-08-04 16:00:00,24.9,48,3.0277777777777777,True
2025-08-04 17:00:00,23.8,57,1.9444444444444444,True
2025-08-04 18:00:00,23.2,63,1.2222222222222223,True
2025-08-04 19:00:00,22.2,69,1.472222222222222,True
2025-08-04 20:00:00,21.4,69,2.4444444444444446,True
2025-08-04 21:00:00,20.8,65,3.2499999999999996,True
2025-08-04 22:00:00,21.0,59,3.7777777777777777,True
2025-08-04 23:00:00,20.6,59,4.277777777777778,True
2025-08-05 00:00:00,20.4,58,3.944444444444444,True
2025-08-05 01:00:00,18.5,69,3.5,True
2025-08-05 02:00:00,18.3,70,3.638888888888889,True
2025-08-05 03:00:00,17.8,72,3.611111111111111,True
2025-08-05 04:00:00,17.2,75,3.5277777777777777,True
2025-08-05 05:00:00,18.0,73,3.5277777777777777,True
2025-08-05 06:00:00,20.8,65,2.944444444444444,True
2025-08-05 07:00:00,23.3,57,2.388888888888889,True
2025-08-05 08:00:00,25.3,47,2.111111111111111,True
2025-08-05 09:00:00,26.4,43,1.25,True
2025-08-05 10:00:00,27.2,42,1.5277777777777777,True
2025-08-05 11:00:00,27.8,41,2.1666666666666665,True
2025-08-05 12:00:00,28.1,42,3.222222222222222,True
2025-08-05 13:00:00,27.6,48,5.222222222222222,True
2025-08-05 14:00:00,26.8,51,3.944444444444444,True
2025-08-05 15:00:00,27.0,50,3.0277777777777777,True
2025-08-05 16:00:00,26.6,52,2.888888888888889,True
2025-08-05 17:00:00,25.9,55,2.2222222222222223,True
2025-08-05 18:00:00,24.5,68,0.6944444444444444,True
2025-08-05 19:00:00,23.4,70,0.25,True
2025-08-05 20:00:00,23.0,73,0.25,True
2025-08-05 21:00:00,22.5,74,1.0555555555555556,True
2025-08-05 22:00:00,21.7,78,1.3055555555555556,True
2025-08-05 23:00:00,21.0,81,1.0833333333333333,True
2025-08-06 00:00:00,20.4,83,0.9444444444444444,True
2025-08-06 01:00:00,19.4,85,1.0,True
2025-08-06 02:00:00,19.1,84,2.0277777777777777,True
2025-08-06 03:00:00,19.5,80,2.611111111111111,True
2025-08-06 04:00:00,20.9,72,3.7777777777777777,True
2025-08-06 05:00:00,22.3,66,7.027777777777778,True
2025-08-06 06:00:00,23.3,63,5.805555555555555,True
2025-08-06 07:00:00,24.3,61,5.361111111111112,True
2025-08-06 08:00:00,25.2,54,9.138888888888888,True
2025-08-06 09:00:00,25.8,46,8.916666666666666,True
2025-08-06 10:00:00,26.2,47,8.38888888888889,True
2025-08-06 11:00:00,27.5,42,8.166666666666666,True
2025-08-06 12:00:00,27.8,39,7.555555555555555,True
2025-08-06 13:00:00,26.7,43,6.861111111111111,True
2025-08-06 14:00:00,27.2,40,6.666666666666666,True
2025-08-06 15:00:00,26.8,39,6.861111111111111,True
2025-08-06 16:00:00,26.2,41,6.361111111111111,True
2025-08-06 17:00:00,25.4,44,6.027777777777778,True
2025-08-06 18:00:00,24.0,48,5.694444444444445,True
2025-08-06 19:00:00,22.8,50,5.805555555555555,True
2025-08-06 20:00:00,22.3,50,5.5,True
2025-08-06 21:00:00,21.9,50,5.333333333333333,True
2025-08-06 22:00:00,21.5,51,5.361111111111112,True
2025-08-06 23:00:00,21.2,51,5.638888888888889,True
2025-08-07 00:00:00,21.1,51,5.944444444444444,True
2025-08-07 01:00:00,20.3,55,6.361111111111111,True
2025-08-07 02:00:00,19.9,56,5.888888888888888,True
2025-08-07 03:00:00,19.6,58,5.888888888888888,True
2025-08-07 04:00:00,19.4,59,5.638888888888889,True
2025-08-07 05:00:00,19.8,58,5.722222222222222,True
2025-08-07 06:00:00,21.1,56,5.583333333333334,True
2025-08-07 07:00:00,22.9,50,5.805555555555555,True
2025-08-07 08:00:00,24.5,45,5.361111111111112,True
2025-08-07 09:00:00,26.2,41,4.75,True
2025-08-07 10:00:00,27.8,37,3.638888888888889,True
2025-08-07 11:00:00,29.0,35,2.5277777777777777,True
2025-08-07 12:00:00,29.8,34,1.8333333333333333,True
2025-08-07 13:00:00,29.5,37,1.5277777777777777,True
2025-08-07 14:00:00,28.6,43,3.4722222222222223,True
2025-08-07 15:00:00,27.5,48,3.3055555555555554,True
2025-08-07 16:00:00,26.9,50,2.25,True
2025-08-07 17:00:00,26.1,53,1.8055555555555556,True
2025-08-07 18:00:00,24.7,58,1.1666666666666667,True
2025-08-07 19:00:00,23.4,61,0.6944444444444444,True
2025-08-07 20:00:00,22.6,65,1.1111111111111112,True
2025-08-07 21:00:00,21.0,73,1.472222222222222,True
2025-08-07 22:00:00,19.9,77,2.5555555555555554,True
2025-08-07 23:00:00,19.6,75,3.0277777777777777,True
2025-08-08 00:00:00,19.1,76,3.138888888888889,True
2025-08-08 01:00:00,18.7,74,3.083333333333333,True
2025-08-08 02:00:00,18.4,73,3.0,True
2025-08-08 03:00:00,18.1,74,3.138888888888889,True
2025-08-08 04:00:00,18.0,73,3.3055555555555554,True
2025-08-08 05:00:00,19.1,68,3.2777777777777777,True
2025-08-08 06:00:00,22.3,59,2.611111111111111,True
2025-08-08 07:00:00,25.9,49,1.3055555555555556,True
2025-08-08 08:00:00,28.3,43,0.6388888888888888,True
2025-08-08 09:00:00,29.7,40,1.6388888888888888,True
2025-08-08 10:00:00,30.3,42,2.6666666666666665,True
2025-08-08 11:00:00,30.5,47,3.1111111111111107,True
2025-08-08 12:00:00,30.6,53,3.4444444444444446,True
2025-08-08 13:00:00,30.3,54,3.8333333333333335,True
2025-08-08 14:00:00,29.9,53,3.2499999999999996,True
2025-08-08 15:00:00,29.6,51,2.1944444444444446,True
2025-08-08 16:00:00,29.2,51,1.75,True
2025-08-08 17:00:00,28.3,52,0.9444444444444444,True
2025-08-08 18:00:00,26.4,63,0.11111111111111112,True
2025-08-08 19:00:00,25.1,65,0.5555555555555556,True
2025-08-08 20:00:00,24.7,70,0.7222222222222222,True
2025-08-08 21:00:00,23.5,80,1.1666666666666667,True
2025-08-08 22:00:00,21.8,91,1.6388888888888888,True
2025-08-08 23:00:00,20.8,94,2.2222222222222223,True
2025-08-09 00:00:00,20.6,90,2.6666666666666665,True
2025-08-09 01:00:00,20.9,78,3.194444444444444,True
2025-08-09 02:00:00,20.4,77,2.972222222222222,True
2025-08-09 03:00:00,20.1,77,3.138888888888889,True
2025-08-09 04:00:00,19.9,76,3.416666666666667,True
2025-08-09 05:00:00,20.8,72,3.4722222222222223,True
2025-08-09 06:00:00,24.1,62,2.7777777777777777,True
2025-08-09 07:00:00,27.9,53,1.611111111111111,True
2025-08-09 08:00:00,30.5,44,1.0,True
2025-08-09 09:00:00,32.4,37,0.8333333333333333,True
2025-08-09 10:00:00,33.5,34,1.4166666666666665,True
2025-08-09 11:00:00,33.6,44,2.388888888888889,True
2025-08-09 12:00:00,33.3,54,3.0277777777777777,True
2025-08-09 13:00:00,32.4,57,3.6944444444444446,True
2025-08-09 14:00:00,31.9,56,3.2499999999999996,True
2025-08-09 15:00:00,31.5,51,2.861111111111111,True
2025-08-09 16:00:00,31.0,46,2.5,True
2025-08-09 17:00:00,30.1,42,1.8611111111111112,True
2025-08-09 18:00:00,28.5,46,1.8055555555555556,True
2025-08-09 19:00:00,27.4,53,1.2777777777777777,True
2025-08-09 20:00:00,25.9,67,1.25,True
2025-08-09 21:00:00,24.1,83,1.777777777777778,True
2025-08-09 22:00:00,22.8,90,2.1944444444444446,True
2025-08-09 23:00:00,22.3,85,2.5555555555555554,True
2025-08-10 00:00:00,22.5,75,3.0277777777777777,True
2025-08-10 01:00:00,21.9,73,3.611111111111111,True
2025-08-10 02:00:00,21.8,71,3.8055555555555554,True
2025-08-10 03:00:00,21.3,72,3.944444444444444,True
2025-08-10 04:00:00,21.0,73,3.944444444444444,True
2025-08-10 05:00:00,21.9,70,3.944444444444444,True
2025-08-10 06:00:00,25.3,60,3.333333333333333,True
2025-08-10 07:00:00,29.8,48,2.1666666666666665,True
2025-08-10 08:00:00,32.7,38,2.2222222222222223,True
2025-08-10 09:00:00,34.7,29,2.694444444444444,True
2025-08-10 10:00:00,35.9,25,3.0555555555555554,True
2025-08-10 11:00:00,36.8,23,3.3611111111111107,True
2025-08-10 12:00:00,37.7,22,3.944444444444444,True
2025-08-10 13:00:00,38.2,23,5.055555555555555,True
2025-08-10 14:00:00,38.0,23,5.722222222222222,True
2025-08-10 15:00:00,37.3,25,6.305555555555555,True
2025-08-10 16:00:00,36.3,27,5.888888888888888,True
2025-08-10 17:00:00,34.6,32,5.166666666666667,True
2025-08-10 18:00:00,32.4,40,5.75,True
2025-08-10 19:00:00,31.1,42,5.722222222222222,True
2025-08-10 20:00:00,31.0,41,5.861111111111112,True
2025-08-10 21:00:00,30.8,40,5.5,True
2025-08-10 22:00:00,30.3,40,5.388888888888888,True
2025-08-10 23:00:00,30.3,42,7.194444444444444,True
2025-08-11 00:00:00,29.8,44,8.472222222222221,True
2025-08-11 01:00:00,28.8,48,8.472222222222221,True
2025-08-11 02:00:00,28.3,47,9.472222222222223,True
2025-08-11 03:00:00,27.5,48,9.472222222222223,True
2025-08-11 04:00:00,26.6,51,9.86111111111111,True
2025-08-11 05:00:00,26.2,51,9.916666666666668,True
2025-08-11 06:00:00,26.6,49,9.388888888888888,True
2025-08-11 07:00:00,27.5,46,10.055555555555555,True
2025-08-11 08:00:00,28.5,43,10.083333333333332,True
2025-08-11 09:00:00,29.5,41,9.416666666666666,True
2025-08-11 10:00:00,30.7,39,8.916666666666666,True
2025-08-11 11:00:00,31.6,38,8.333333333333334,True
2025-08-11 12:00:00,32.3,38,7.638888888888888,True
2025-08-11 13:00:00,33.6,36,6.777777777777777,True
2025-08-11 14:00:00,33.8,35,6.361111111111111,True
2025-08-11 15:00:00,33.6,36,6.25,True
2025-08-11 16:00:00,32.6,38,6.361111111111111,True
2025-08-11 17:00:00,31.4,41,6.305555555555555,True
2025-08-11 18:00:00,29.8,45,6.694444444444445,True
2025-08-11 19:00:00,28.2,48,7.027777777777778,True
2025-08-11 20:00:00,27.4,49,7.222222222222222,True
2025-08-11 21:00:00,26.9,49,7.166666666666667,True
2025-08-11 22:00:00,26.3,50,6.972222222222222,True
2025-08-11 23:00:00,26.0,49,7.055555555555555,True
2025-08-12 00:00:00,25.6,47,6.944444444444445,True
2025-08-12 01:00:00,25.0,49,6.833333333333334,True
2025-08-12 02:00:00,24.8,48,7.277777777777778,True
2025-08-12 03:00:00,24.7,47,7.416666666666666,True
2025-08-12 04:00:00,24.5,46,7.5,True
2025-08-12 05:00:00,24.7,45,7.638888888888888,True
2025-08-12 06:00:00,25.6,44,7.194444444444444,True
2025-08-12 07:00:00,27.1,40,7.583333333333333,True
2025-08-12 08:00:00,28.7,37,7.749999999999999,True
2025-08-12 09:00:00,30.3,34,7.055555555555555,True
2025-08-12 10:00:00,31.7,32,6.388888888888888,True
2025-08-12 11:00:00,32.9,30,5.861111111111112,True
2025-08-12 12:00:00,33.7,30,5.638888888888889,True
2025-08-12 13:00:00,34.4,31,5.472222222222222,True
2025-08-12 14:00:00,34.3,31,5.638888888888889,True
2025-08-12 15:00:00,33.8,32,5.916666666666667,True
2025-08-12 16:00:00,32.9,34,6.027777777777778,True
2025-08-12 17:00:00,31.6,36,5.944444444444444,True
2025-08-12 18:00:00,30.1,40,5.972222222222222,True
2025-08-12 19:00:00,28.7,42,5.722222222222222,True
2025-08-12 20:00:00,27.8,44,5.666666666666666,True
2025-08-12 21:00:00,27.3,45,5.555555555555555,True
2025-08-12 22:00:00,26.8,46,5.222222222222222,True
2025-08-12 23:00:00,26.4,47,5.194444444444444,True
2025-08-13 00:00:00,26.0,48,5.027777777777778,True
2025-08-13 01:00:00,25.4,50,5.111111111111111,True
2025-08-13 02:00:00,24.7,51,4.388888888888889,True
2025-08-13 03:00:00,24.0,53,4.111111111111112,True
2025-08-13 04:00:00,23.8,54,4.638888888888888,True
2025-08-13 05:00:00,24.5,52,4.944444444444445,True
2025-08-13 06:00:00,26.4,48,4.861111111111111,True
2025-08-13 07:00:00,28.8,42,5.527777777777778,True
2025-08-13 08:00:00,30.6,36,5.888888888888888,True
2025-08-13 09:00:00,32.1,34,5.805555555555555,True
2025-08-13 10:00:00,33.6,31,5.055555555555555,True
2025-08-13 11:00:00,34.8,29,4.694444444444444,True
2025-08-13 12:00:00,35.6,27,4.777777777777778,True
2025-08-13 13:00:00,36.3,27,5.305555555555556,True
2025-08-13 14:00:00,36.1,28,5.611111111111111,True
2025-08-13 15:00:00,35.7,27,5.833333333333333,True
2025-08-13 16:00:00,34.9,29,5.333333333333333,True
2025-08-13 17:00:00,33.3,34,4.916666666666666,True
2025-08-13 18:00:00,31.0,39,4.777777777777778,True
2025-08-13 19:00:00,29.1,44,4.638888888888888,True
2025-08-13 20:00:00,27.8,48,4.555555555555555,True
2025-08-13 21:00:00,26.6,52,4.472222222222222,True
2025-08-13 22:00:00,26.1,53,4.777777777777778,True
2025-08-13 23:00:00,26.5,51,4.583333333333333,True
2025-08-14 00:00:00,26.2,51,4.472222222222222,True
2025-08-14 01:00:00,25.1,56,4.472222222222222,True
2025-08-14 02:00:00,25.2,55,4.888888888888889,True
2025-08-14 03:00:00,25.3,55,5.166666666666667,True
2025-08-14 04:00:00,25.5,54,5.333333333333333,True
2025-08-14 05:00:00,26.3,51,5.472222222222222,True
2025-08-14 06:00:00,28.0,48,5.555555555555555,True
2025-08-14 07:00:00,30.1,42,5.666666666666666,True
2025-08-14 08:00:00,31.8,36,5.416666666666667,True
2025-08-14 09:00:00,33.2,32,5.138888888888888,True
2025-08-14 10:00:00,34.4,29,5.166666666666667,True
2025-08-14 11:00:00,35.4,28,5.249999999999999,True
2025-08-14 12:00:00,35.9,27,4.861111111111111,True
2025-08-14 13:00:00,36.5,25,4.194444444444445,True
2025-08-14 14:00:00,36.3,25,4.25,True
2025-08-14 15:00:00,35.5,26,4.777777777777778,True
2025-08-14 16:00:00,34.6,27,4.916666666666666,True
2025-08-14 17:00:00,33.5,29,4.555555555555555,True
2025-08-14 18:00:00,31.4,34,4.277777777777778,True
2025-08-14 19:00:00,29.6,37,3.75,True
2025-08-14 20:00:00,27.4,43,3.2777777777777777,True
2025-08-14 21:00:00,25.2,51,3.194444444444444,True
2025-08-14 22:00:00,24.4,55,3.3055555555555554,True
2025-08-14 23:00:00,23.7,59,3.333333333333333,True
2025-08-15 00:00:00,23.1,60,3.555555555555556,True
2025-08-15 01:00:00,22.3,66,3.0,True
2025-08-15 02:00:00,21.4,69,3.083333333333333,True
2025-08-15 03:00:00,20.9,69,3.555555555555556,True
2025-08-15 04:00:00,21.3,65,3.9166666666666665,True
2025-08-15 05:00:00,22.7,59,4.277777777777778,True
2025-08-15 06:00:00,27.2,46,4.611111111111112,True
2025-08-15 07:00:00,30.4,37,5.249999999999999,True
2025-08-15 08:00:00,31.8,34,6.555555555555555,True
2025-08-15 09:00:00,33.1,30,7.055555555555555,True
2025-08-15 10:00:00,34.1,27,6.777777777777777,True
2025-08-15 11:00:00,34.9,26,6.305555555555555,True
2025-08-15 12:00:00,35.4,25,5.722222222222222,True
2025-08-15 13:00:00,36.1,23,5.166666666666667,True
2025-08-15 14:00:00,35.4,25,4.888888888888889,True
2025-08-15 15:00:00,35.3,25,4.611111111111112,True
2025-08-15 16:00:00,34.7,26,4.722222222222222,True
2025-08-15 17:00:00,33.5,28,3.6944444444444446,True
2025-08-15 18:00:00,31.1,33,2.611111111111111,True
2025-08-15 19:00:00,28.4,39,2.611111111111111,True
2025-08-15 20:00:00,25.8,46,2.7777777777777777,True
2025-08-15 21:00:00,25.1,47,3.0277777777777777,True
2025-08-15 22:00:00,24.1,51,3.222222222222222,True
2025-08-15 23:00:00,23.5,54,3.4444444444444446,True
2025-08-16 00:00:00,22.6,58,3.333333333333333,True
2025-08-16 01:00:00,22.6,60,3.6944444444444446,True
2025-08-16 02:00:00,22.0,62,3.7222222222222223,True
2025-08-16 03:00:00,21.3,64,3.555555555555556,True
2025-08-16 04:00:00,21.3,63,3.6666666666666665,True
2025-08-16 05:00:00,22.3,59,3.611111111111111,True
2025-08-16 06:00:00,26.0,50,3.5,True
2025-08-16 07:00:00,30.5,41,2.6666666666666665,True
2025-08-16 08:00:00,33.0,31,3.2777777777777777,True
2025-08-16 09:00:00,34.1,28,4.166666666666667,True
2025-08-16 10:00:00,35.2,25,4.083333333333333,True
2025-08-16 11:00:00,35.8,22,3.3888888888888884,True
2025-08-16 12:00:00,35.7,21,3.7777777777777777,True
2025-08-16 13:00:00,36.7,18,1.7222222222222223,True
2025-08-16 14:00:00,36.2,18,0.888888888888889,True
2025-08-16 15:00:00,35.3,19,0.7222222222222222,True
2025-08-16 16:00:00,34.5,23,2.694444444444444,True
2025-08-16 17:00:00,33.6,24,4.666666666666667,True
2025-08-16 18:00:00,31.6,29,4.638888888888888,True
2025-08-16 19:00:00,29.4,34,4.166666666666667,True
2025-08-16 20:00:00,28.0,38,4.555555555555555,True
2025-08-16 21:00:00,27.9,38,4.694444444444444,True
2025-08-16 22:00:00,27.5,39,5.277777777777778,True
2025-08-16 23:00:00,27.3,40,5.583333333333334,True
2025-08-17 00:00:00,27.1,40,5.805555555555555,True
2025-08-17 01:00:00,23.0,54,2.5,True
2025-08-17 02:00:00,23.7,53,3.0277777777777777,True
2025-08-17 03:00:00,24.4,51,3.944444444444444,True
2025-08-17 04:00:00,25.0,50,3.6666666666666665,True
2025-08-17 05:00:00,24.3,53,3.5833333333333335,True
2025-08-17 06:00:00,26.3,50,4.027777777777778,True
2025-08-17 07:00:00,28.3,45,5.277777777777778,True
2025-08-17 08:00:00,29.5,43,6.194444444444445,True
2025-08-17 09:00:00,30.4,42,5.916666666666667,True
2025-08-17 10:00:00,31.5,39,5.333333333333333,True
2025-08-17 11:00:00,31.3,39,4.305555555555555,True
2025-08-17 12:00:00,31.2,40,4.805555555555555,True
2025-08-17 13:00:00,31.8,30,3.333333333333333,True
2025-08-17 14:00:00,32.1,30,2.75,True
2025-08-17 15:00:00,31.8,30,2.833333333333333,True
2025-08-17 16:00:00,30.6,36,4.416666666666667,True
2025-08-17 17:00:00,29.6,40,4.5,True
2025-08-17 18:00:00,27.4,47,4.25,True
2025-08-17 19:00:00,26.4,52,5.361111111111112,True
2025-08-17 20:00:00,25.6,57,5.333333333333333,True
2025-08-17 21:00:00,25.1,58,5.5,True
2025-08-17 22:00:00,24.8,58,5.777777777777778,True
2025-08-17 23:00:00,24.2,60,5.666666666666666,True
2025-08-18 00:00:00,23.7,64,5.472222222222222,True
2025-08-18 01:00:00,22.7,66,4.222222222222222,True
2025-08-18 02:00:00,22.5,66,4.583333333333333,True
2025-08-18 03:00:00,22.5,65,5.083333333333333,True
2025-08-18 04:00:00,22.7,62,5.694444444444445,True
2025-08-18 05:00:00,22.7,57,6.472222222222222,True
2025-08-18 06:00:00,23.2,52,7.0,True
2025-08-18 07:00:00,24.4,45,7.0,True
2025-08-18 08:00:00,25.8,41,6.472222222222222,True
2025-08-18 09:00:00,27.2,37,5.916666666666667,True
2025-08-18 10:00:00,28.5,35,5.111111111111111,True
2025-08-18 11:00:00,29.6,34,4.166666666666667,True
2025-08-18 12:00:00,30.2,32,3.3888888888888884,True
2025-08-18 13:00:00,30.7,30,2.7222222222222223,True
2025-08-18 14:00:00,30.7,30,3.0277777777777777,True
2025-08-18 15:00:00,30.3,30,3.611111111111111,True
2025-08-18 16:00:00,29.8,31,3.6666666666666665,True
2025-08-18 17:00:00,28.8,33,3.8333333333333335,True
2025-08-18 18:00:00,26.9,38,3.9722222222222223,True
2025-08-18 19:00:00,25.2,42,4.027777777777778,True
2025-08-18 20:00:00,24.2,44,4.25,True
2025-08-18 21:00:00,23.5,46,4.305555555555555,True
2025-08-18 22:00:00,22.8,48,4.083333333333333,True
2025-08-18 23:00:00,22.3,48,4.25,True
2025-08-19 00:00:00,22.1,47,4.305555555555555,True
2025-08-19 01:00:00,21.4,53,3.083333333333333,True
2025-08-19 02:00:00,21.0,53,2.888888888888889,True
2025-08-19 03:00:00,20.2,55,3.1666666666666665,True
2025-08-19 04:00:00,19.8,56,3.611111111111111,True
2025-08-19 05:00:00,20.2,54,3.5833333333333335,True
2025-08-19 06:00:00,22.5,48,3.194444444444444,True
2025-08-19 07:00:00,25.1,41,2.2777777777777777,True
2025-08-19 08:00:00,27.1,36,1.5833333333333333,True
2025-08-19 09:00:00,28.3,34,0.2777777777777778,True
2025-08-19 10:00:00,29.1,34,1.4444444444444444,True
2025-08-19 11:00:00,29.3,34,2.75,True
2025-08-19 12:00:00,29.3,35,2.972222222222222,True
2025-08-19 13:00:00,28.7,42,4.027777777777778,True
2025-08-19 14:00:00,28.4,49,3.7777777777777777,True
2025-08-19 15:00:00,28.0,54,3.6666666666666665,True
2025-08-19 16:00:00,27.4,55,3.2499999999999996,True
2025-08-19 17:00:00,26.3,58,2.4166666666666665,True
2025-08-19 18:00:00,24.6,64,1.8611111111111112,True
2025-08-19 19:00:00,23.9,62,1.3333333333333333,True
2025-08-19 20:00:00,23.2,60,0.888888888888889,True
2025-08-19 21:00:00,23.0,59,1.5833333333333333,True
2025-08-19 22:00:00,21.6,66,2.0833333333333335,True
2025-08-19 23:00:00,20.6,72,2.2222222222222223,True
2025-08-20 00:00:00,20.4,72,2.4444444444444446,True
2025-08-20 01:00:00,20.3,68,2.611111111111111,True
2025-08-20 02:00:00,20.1,67,2.2222222222222223,True
2025-08-20 03:00:00,19.6,68,1.9444444444444444,True
2025-08-20 04:00:00,19.5,67,2.0,True
2025-08-20 05:00:00,20.8,62,2.4444444444444446,True
2025-08-20 06:00:00,24.1,53,2.1666666666666665,True
2025-08-20 07:00:00,26.0,46,1.4444444444444444,True
2025-08-20 08:00:00,23.5,67,4.888888888888889,True
2025-08-20 09:00:00,22.9,67,1.7222222222222223,True
2025-08-20 10:00:00,24.7,57,1.1388888888888888,True
2025-08-20 11:00:00,26.0,54,1.972222222222222,True
2025-08-20 12:00:00,26.8,55,2.4722222222222223,True
2025-08-20 13:00:00,26.3,67,2.138888888888889,True
2025-08-20 14:00:00,25.5,71,1.2777777777777777,True
2025-08-20 15:00:00,22.8,84,2.694444444444444,True
2025-08-20 16:00:00,22.1,89,2.0,True
2025-08-20 17:00:00,22.1,87,2.5833333333333335,True
2025-08-20 18:00:00,21.5,90,1.5277777777777777,True
2025-08-20 19:00:00,21.2,93,2.0,True
2025-08-20 20:00:00,20.8,95,1.8055555555555556,True
2025-08-20 21:00:00,20.5,98,1.027777777777778,True
2025-08-20 22:00:00,20.7,96,1.1944444444444444,True
2025-08-20 23:00:00,20.3,97,1.3888888888888888,True
2025-08-21 00:00:00,20.1,96,1.8888888888888888,True
2025-08-21 01:00:00,20.6,89,3.7777777777777777,True
2025-08-21 02:00:00,20.2,87,2.3333333333333335,True
2025-08-21 03:00:00,19.9,88,2.0833333333333335,True
2025-08-21 04:00:00,19.8,89,1.972222222222222,True
2025-08-21 05:00:00,19.9,90,2.361111111111111,True
2025-08-21 06:00:00,20.6,91,2.138888888888889,True
2025-08-21 07:00:00,21.8,82,2.833333333333333,True
2025-08-21 08:00:00,23.7,72,1.8333333333333333,True
2025-08-21 09:00:00,25.0,63,1.472222222222222,True
2025-08-21 10:00:00,25.6,60,1.8055555555555556,True
2025-08-21 11:00:00,25.8,62,2.972222222222222,True
2025-08-21 12:00:00,23.5,73,2.138888888888889,True
2025-08-21 13:00:00,22.6,79,4.444444444444445,True
2025-08-21 14:00:00,22.6,81,2.7777777777777777,True
2025-08-21 15:00:00,21.8,88,2.861111111111111,True
2025-08-21 16:00:00,21.0,91,1.8333333333333333,True
2025-08-21 17:00:00,20.4,92,0.4444444444444445,True
2025-08-21 18:00:00,20.6,89,1.972222222222222,True
2025-08-21 19:00:00,20.2,90,2.1666666666666665,True
2025-08-21 20:00:00,19.7,90,1.3333333333333333,True
2025-08-21 21:00:00,19.5,92,0.8611111111111112,True
2025-08-21 22:00:00,18.8,96,0.5277777777777778,True
2025-08-21 23:00:00,18.8,96,1.5277777777777777,True
2025-08-22 00:00:00,19.1,92,1.5833333333333333,True
2025-08-22 01:00:00,19.7,91,1.5,True
2025-08-22 02:00:00,19.1,91,1.2777777777777777,True
2025-08-22 03:00:00,19.3,89,1.5555555555555554,True
2025-08-22 04:00:00,18.9,88,2.1666666666666665,True
2025-08-22 05:00:00,18.8,89,2.111111111111111,True
2025-08-22 06:00:00,19.9,88,2.1666666666666665,True
2025-08-22 07:00:00,21.6,82,1.9444444444444444,True
2025-08-22 08:00:00,23.2,75,2.055555555555556,True
2025-08-22 09:00:00,24.3,66,2.2777777777777777,True
2025-08-22 10:00:00,25.9,56,1.5,True
2025-08-22 11:00:00,26.1,57,1.3611111111111112,True
2025-08-22 12:00:00,25.9,59,2.0,True
2025-08-22 13:00:00,26.1,57,0.5277777777777778,True
2025-08-22 14:00:00,25.7,55,2.1944444444444446,True
2025-08-22 15:00:00,23.7,70,2.138888888888889,True
2025-08-22 16:00:00,24.3,68,1.0,True
2025-08-22 17:00:00,23.3,78,1.0,True
2025-08-22 18:00:00,21.9,83,1.3888888888888888,True
2025-08-22 19:00:00,20.9,88,1.1666666666666667,True
2025-08-22 20:00:00,20.0,87,1.8333333333333333,True
2025-08-22 21:00:00,19.7,79,2.972222222222222,True
2025-08-22 22:00:00,19.5,75,3.5833333333333335,True
2025-08-22 23:00:00,19.3,76,3.944444444444444,True
2025-08-23 00:00:00,19.6,72,3.944444444444444,True
2025-08-23 01:00:00,18.9,88,2.75,True
2025-08-23 02:00:00,18.3,87,3.1666666666666665,True
2025-08-23 03:00:00,18.0,85,3.638888888888889,True
2025-08-23 04:00:00,17.8,83,3.2777777777777777,True
2025-08-23 05:00:00,17.8,82,2.944444444444444,True
2025-08-23 06:00:00,19.4,81,2.75,True
2025-08-23 07:00:00,21.7,73,2.6666666666666665,True
2025-08-23 08:00:00,23.3,63,3.5,True
2025-08-23 09:00:00,24.7,55,2.5833333333333335,True
2025-08-23 10:00:00,25.7,49,0.41666666666666663,True
2025-08-23 11:00:00,25.8,49,1.8333333333333333,True
2025-08-23 12:00:00,25.3,52,2.055555555555556,True
2025-08-23 13:00:00,25.8,47,1.472222222222222,True
2025-08-23 14:00:00,25.7,48,2.3333333333333335,True
2025-08-23 15:00:00,25.1,50,2.0,True
2025-08-23 16:00:00,24.4,55,1.0,True
2025-08-23 17:00:00,22.6,65,2.5277777777777777,True
2025-08-23 18:00:00,21.2,70,3.6944444444444446,True
2025-08-23 19:00:00,20.5,72,3.8055555555555554,True
2025-08-23 20:00:00,19.6,75,4.166666666666667,True
2025-08-23 21:00:00,19.4,74,5.555555555555555,True
2025-08-23 22:00:00,19.4,74,6.25,True
2025-08-23 23:00:00,19.4,68,7.777777777777778,True
2025-08-24 00:00:00,19.2,65,8.527777777777777,True
2025-08-24 01:00:00,18.8,75,6.944444444444445,True
2025-08-24 02:00:00,18.8,72,7.166666666666667,True
2025-08-24 03:00:00,18.5,73,7.277777777777778,True
2025-08-24 04:00:00,18.4,72,7.805555555555555,True
2025-08-24 05:00:00,18.4,69,8.583333333333332,True
2025-08-24 06:00:00,18.9,65,8.777777777777779,True
2025-08-24 07:00:00,19.6,62,8.666666666666666,True
2025-08-24 08:00:00,20.6,57,8.305555555555555,True
2025-08-24 09:00:00,21.6,53,7.749999999999999,True
2025-08-24 10:00:00,22.4,50,7.027777777777778,True
2025-08-24 11:00:00,23.1,47,6.222222222222221,True
2025-08-24 12:00:00,23.5,46,5.75,True
2025-08-24 13:00:00,24.2,41,3.861111111111111,True
2025-08-24 14:00:00,24.2,41,3.194444444444444,True
2025-08-24 15:00:00,23.9,41,3.5,True
2025-08-24 16:00:00,23.3,45,3.6666666666666665,True
2025-08-24 17:00:00,22.2,50,3.611111111111111,True
2025-08-24 18:00:00,21.1,51,3.9166666666666665,True
2025-08-24 19:00:00,19.8,54,3.8333333333333335,True
2025-08-24 20:00:00,18.8,59,3.4444444444444446,True
2025-08-24 21:00:00,17.7,64,3.333333333333333,True
2025-08-24 22:00:00,16.7,68,3.3888888888888884,True
2025-08-24 23:00:00,16.2,69,3.5277777777777777,True
2025-08-25 00:00:00,15.8,70,3.5277777777777777,True
2025-08-25 01:00:00,15.4,73,3.555555555555556,True
2025-08-25 02:00:00,15.4,72,3.8055555555555554,True
2025-08-25 03:00:00,15.6,70,3.861111111111111,True
2025-08-25 04:00:00,15.6,69,3.9166666666666665,True
2025-08-25 05:00:00,16.0,69,3.9166666666666665,True
2025-08-25 06:00:00,17.6,69,3.611111111111111,True
2025-08-25 07:00:00,20.0,61,3.0277777777777777,True
2025-08-25 08:00:00,22.0,55,3.0277777777777777,True
2025-08-25 09:00:00,23.5,48,2.25,True
2025-08-25 10:00:00,24.6,44,0.75,True
2025-08-25 11:00:00,25.2,44,1.4444444444444444,True
2025-08-25 12:00:00,25.1,46,2.7777777777777777,True
2025-08-25 13:00:00,24.7,51,3.2777777777777777,True
2025-08-25 14:00:00,24.7,50,2.305555555555556,True
2025-08-25 15:00:00,24.5,51,1.8611111111111112,True
2025-08-25 16:00:00,23.7,56,1.7222222222222223,True
2025-08-25 17:00:00,22.3,66,1.6388888888888888,True
2025-08-25 18:00:00,20.8,70,0.5277777777777778,True
2025-08-25 19:00:00,20.6,68,0.19444444444444442,True
2025-08-25 20:00:00,19.3,70,1.0555555555555556,True
2025-08-25 21:00:00,18.8,70,1.611111111111111,True
2025-08-25 22:00:00,17.3,77,1.9444444444444444,True
2025-08-25 23:00:00,16.5,80,1.8888888888888888,True
2025-08-26 00:00:00,16.1,80,1.8055555555555556,True
2025-08-26 01:00:00,15.7,80,1.8055555555555556,True
2025-08-26 02:00:00,15.7,79,1.6388888888888888,True
2025-08-26 03:00:00,15.8,78,1.611111111111111,True
2025-08-26 04:00:00,15.6,78,1.9444444444444444,True
2025-08-26 05:00:00,16.0,77,2.0277777777777777,True
2025-08-26 06:00:00,19.1,74,2.138888888888889,True
2025-08-26 07:00:00,22.1,66,0.9722222222222222,True
2025-08-26 08:00:00,23.3,63,0.6666666666666666,True
2025-08-26 09:00:00,23.9,61,1.611111111111111,True
2025-08-26 10:00:00,24.3,60,1.25,True
2025-08-26 11:00:00,24.9,59,1.3888888888888888,True
2025-08-26 12:00:00,24.9,60,2.055555555555556,True
2025-08-26 13:00:00,24.9,62,2.6666666666666665,True
2025-08-26 14:00:00,24.8,63,2.3333333333333335,True
2025-08-26 15:00:00,24.8,64,2.0833333333333335,True
2025-08-26 16:00:00,24.2,67,2.055555555555556,True
2025-08-26 17:00:00,23.0,76,1.4166666666666665,True
2025-08-26 18:00:00,21.3,82,0.41666666666666663,True
2025-08-26 19:00:00,20.6,84,0.4722222222222222,True
2025-08-26 20:00:00,20.3,84,1.0833333333333333,True
2025-08-26 21:00:00,19.5,84,1.4166666666666665,True
2025-08-26 22:00:00,18.7,85,1.472222222222222,True
2025-08-26 23:00:00,18.4,85,1.5833333333333333,True
2025-08-27 00:00:00,18.1,86,1.6944444444444442,True
2025-08-27 01:00:00,17.9,84,2.0,True
2025-08-27 02:00:00,17.7,84,2.0,True
2025-08-27 03:00:00,18.1,81,1.9166666666666667,True
2025-08-27 04:00:00,18.7,79,1.972222222222222,True
2025-08-27 05:00:00,19.3,78,1.972222222222222,True
2025-08-27 06:00:00,21.4,76,2.305555555555556,True
2025-08-27 07:00:00,23.5,70,1.1944444444444444,True
2025-08-27 08:00:00,24.5,68,0.5,True
2025-08-27 09:00:00,25.2,64,1.3055555555555556,True
2025-08-27 10:00:00,25.8,61,2.138888888888889,True
2025-08-27 11:00:00,26.2,58,2.2777777777777777,True
2025-08-27 12:00:00,26.7,56,2.888888888888889,True
2025-08-27 13:00:00,26.7,57,3.3888888888888884,True
2025-08-27 14:00:00,26.1,64,2.694444444444444,True
2025-08-27 15:00:00,25.5,71,1.7222222222222223,True
2025-08-27 16:00:00,25.2,75,1.25,True
2025-08-27 17:00:00,24.2,84,0.8055555555555555,True
2025-08-27 18:00:00,23.1,87,0.8611111111111112,True
2025-08-27 19:00:00,23.0,86,0.5,True
2025-08-27 20:00:00,22.6,87,0.3055555555555556,True
2025-08-27 21:00:00,22.3,89,1.0555555555555556,True
2025-08-27 22:00:00,21.3,91,0.9444444444444444,True
2025-08-27 23:00:00,21.1,89,1.1666666666666667,True
2025-08-28 00:00:00,20.8,89,0.8055555555555555,True
2025-08-28 01:00:00,21.3,91,1.0555555555555556,True
2025-08-28 02:00:00,20.4,92,1.0,True
2025-08-28 03:00:00,20.1,92,1.972222222222222,True
2025-08-28 04:00:00,19.7,91,1.9166666666666667,True
2025-08-28 05:00:00,20.3,87,1.6388888888888888,True
2025-08-28 06:00:00,21.4,88,2.7222222222222223,True
2025-08-28 07:00:00,23.2,84,2.361111111111111,True
2025-08-28 08:00:00,25.5,67,1.6388888888888888,True
2025-08-28 09:00:00,27.2,56,0.5277777777777778,True
2025-08-28 10:00:00,28.1,48,2.138888888888889,True
2025-08-28 11:00:00,28.8,47,2.694444444444444,True
2025-08-28 12:00:00,28.7,50,2.138888888888889,True
2025-08-28 13:00:00,29.5,43,2.694444444444444,True
2025-08-28 14:00:00,29.5,43,2.138888888888889,True
2025-08-28 15:00:00,29.3,43,2.944444444444444,True
2025-08-28 16:00:00,28.2,52,1.9166666666666667,True
2025-08-28 17:00:00,26.7,62,1.1388888888888888,True
2025-08-28 18:00:00,25.7,62,0.888888888888889,True
2025-08-28 19:00:00,25.0,60,2.0833333333333335,True
2025-08-28 20:00:00,23.0,81,2.305555555555556,True
2025-08-28 21:00:00,22.3,75,3.416666666666667,True
2025-08-28 22:00:00,22.4,70,3.3888888888888884,True
2025-08-28 23:00:00,24.3,49,5.5,True
2025-08-29 00:00:00,23.6,58,1.9166666666666667,True
2025-08-29 01:00:00,21.7,74,5.888888888888888,True
2025-08-29 02:00:00,22.0,71,6.555555555555555,True
2025-08-29 03:00:00,20.6,85,4.972222222222221,True
2025-08-29 04:00:00,20.6,83,3.8333333333333335,True
2025-08-29 05:00:00,20.4,86,1.8333333333333333,True
2025-08-29 06:00:00,19.9,98,1.1944444444444444,True
2025-08-29 07:00:00,20.6,98,0.888888888888889,True
2025-08-29 08:00:00,21.4,93,2.5,True
2025-08-29 09:00:00,22.0,86,4.666666666666667,True
2025-08-29 10:00:00,23.8,79,4.222222222222222,True
2025-08-29 11:00:00,25.7,73,3.75,True
2025-08-29 12:00:00,26.1,74,3.5,True
2025-08-29 13:00:00,21.8,83,8.0,True
2025-08-29 14:00:00,22.3,82,2.0833333333333335,True
2025-08-29 15:00:00,20.6,95,0.4722222222222222,True
2025-08-29 16:00:00,20.7,90,5.249999999999999,True
2025-08-29 17:00:00,20.0,91,3.1666666666666665,True
2025-08-29 18:00:00,19.9,95,0.8611111111111112,True
2025-08-29 19:00:00,19.4,94,3.6666666666666665,True
2025-08-29 20:00:00,19.5,89,5.249999999999999,True
2025-08-29 21:00:00,19.2,88,4.777777777777778,True
2025-08-29 22:00:00,19.4,87,3.611111111111111,True
2025-08-29 23:00:00,19.2,86,2.138888888888889,True
2025-08-30 00:00:00,18.6,90,1.472222222222222,True
2025-08-30 01:00:00,19.4,84,5.111111111111111,True
2025-08-30 02:00:00,19.3,83,4.027777777777778,True
2025-08-30 03:00:00,19.3,81,2.5277777777777777,True
2025-08-30 04:00:00,18.2,85,3.3611111111111107,True
2025-08-30 05:00:00,18.6,82,3.611111111111111,True
2025-08-30 06:00:00,20.2,77,3.222222222222222,True
2025-08-30 07:00:00,20.6,80,2.861111111111111,True
2025-08-30 08:00:00,20.0,85,1.8611111111111112,True
2025-08-30 09:00:00,19.1,92,1.972222222222222,True
2025-08-30 10:00:00,19.0,95,2.75,True
2025-08-30 11:00:00,20.7,88,0.6388888888888888,True
2025-08-30 12:00:00,20.1,95,0.4722222222222222,True
2025-08-30 13:00:00,23.5,62,2.3333333333333335,True
2025-08-30 14:00:00,23.1,65,2.0277777777777777,True
2025-08-30 15:00:00,22.6,68,2.138888888888889,True
2025-08-30 16:00:00,22.0,72,1.8055555555555556,True
2025-08-30 17:00:00,21.2,79,1.9444444444444444,True
2025-08-30 18:00:00,20.3,85,1.972222222222222,True
2025-08-30 19:00:00,19.8,87,1.6388888888888888,True
2025-08-30 20:00:00,19.1,88,1.611111111111111,True
2025-08-30 21:00:00,18.5,85,2.3333333333333335,True
2025-08-30 22:00:00,18.0,85,2.1944444444444446,True
2025-08-30 23:00:00,17.4,86,1.9444444444444444,True
2025-08-31 00:00:00,16.7,85,2.0,True
2025-08-31 01:00:00,17.0,84,1.2222222222222223,True
2025-08-31 02:00:00,16.5,84,1.2777777777777777,True
2025-08-31 03:00:00,16.2,83,1.5,True
2025-08-31 04:00:00,16.1,82,1.8055555555555556,True
2025-08-31 05:00:00,16.3,81,1.8611111111111112,True
2025-08-31 06:00:00,18.8,80,1.777777777777778,True
2025-08-31 07:00:00,21.4,71,0.75,True
2025-08-31 08:00:00,22.5,69,0.3055555555555556,True
2025-08-31 09:00:00,23.4,66,1.0555555555555556,True
2025-08-31 10:00:00,24.1,63,1.75,True
2025-08-31 11:00:00,24.3,64,1.8333333333333333,True
2025-08-31 12:00:00,24.5,64,1.9444444444444444,True
2025-08-31 13:00:00,23.4,71,2.1666666666666665,True
2025-08-31 14:00:00,23.9,72,0.6666666666666666,True
2025-08-31 15:00:00,24.2,66,1.0833333333333333,True
2025-08-31 16:00:00,23.6,70,1.3055555555555556,True
2025-08-31 17:00:00,22.6,82,0.5,True
2025-08-31 18:00:00,21.6,78,0.05555555555555556,True
2025-08-31 19:00:00,20.8,79,0.3611111111111111,True
2025-08-31 20:00:00,19.9,82,0.9444444444444444,True
2025-08-31 21:00:00,19.7,82,1.6388888888888888,True
2025-08-31 22:00:00,18.5,85,1.8055555555555556,True
2025-08-31 23:00:00,18.2,84,1.4166666666666665,True
2025-09-01 00:00:00,17.9,84,1.777777777777778,True
2025-09-01 01:00:00,17.5,83,2.2222222222222223,True
2025-09-01 02:00:00,17.3,81,2.361111111111111,True
2025-09-01 03:00:00,17.4,79,2.4444444444444446,True
2025-09-01 04:00:00,17.5,77,2.361111111111111,True
2025-09-01 05:00:00,17.7,76,2.4722222222222223,True
2025-09-01 06:00:00,19.8,73,2.4166666666666665,True
2025-09-01 07:00:00,22.0,67,1.611111111111111,True
2025-09-01 08:00:00,23.5,64,0.9166666666666666,True
2025-09-01 09:00:00,24.6,64,1.6388888888888888,True
2025-09-01 10:00:00,24.3,67,2.833333333333333,True
2025-09-01 11:00:00,24.4,70,1.472222222222222,True
2025-09-01 12:00:00,25.5,65,2.9166666666666665,True
2025-09-01 13:00:00,25.3,67,2.2222222222222223,True
2025-09-01 14:00:00,25.5,63,3.3611111111111107,True
2025-09-01 15:00:00,25.1,60,3.3055555555555554,True
2025-09-01 16:00:00,24.6,63,2.611111111111111,True
2025-09-01 17:00:00,23.5,73,1.472222222222222,True
2025-09-01 18:00:00,21.8,81,1.0555555555555556,True
2025-09-01 19:00:00,22.0,79,0.19444444444444442,True
2025-09-01 20:00:00,21.9,80,1.8888888888888888,True
2025-09-01 21:00:00,20.9,84,2.2777777777777777,True
2025-09-01 22:00:00,20.1,86,2.4444444444444446,True
2025-09-01 23:00:00,19.7,87,2.4166666666666665,True
2025-09-02 00:00:00,19.3,87,2.861111111111111,True
2025-09-02 01:00:00,19.9,87,1.972222222222222,True
2025-09-02 02:00:00,20.0,84,2.638888888888889,True
2025-09-02 03:00:00,19.7,83,2.75,True
2025-09-02 04:00:00,19.5,81,3.5,True
2025-09-02 05:00:00,20.5,76,3.4722222222222223,True
2025-09-02 06:00:00,20.3,87,1.1111111111111112,True
2025-09-02 07:00:00,19.8,95,2.4444444444444446,True
2025-09-02 08:00:00,20.3,92,2.75,True
2025-09-02 09:00:00,20.5,96,1.777777777777778,True
2025-09-02 10:00:00,20.3,93,1.8055555555555556,True
2025-09-02 11:00:00,20.3,93,0.1388888888888889,True
2025-09-02 12:00:00,21.2,91,2.0833333333333335,True
2025-09-02 13:00:00,23.7,70,2.6666666666666665,True
2025-09-02 14:00:00,22.9,74,2.833333333333333,True
2025-09-02 15:00:00,22.3,79,2.361111111111111,True
2025-09-02 16:00:00,20.2,92,2.4166666666666665,True
2025-09-02 17:00:00,18.5,98,2.361111111111111,True
2025-09-02 18:00:00,18.3,93,3.3888888888888884,True
2025-09-02 19:00:00,18.9,92,2.2777777777777777,True
2025-09-02 20:00:00,19.1,93,1.777777777777778,True
2025-09-02 21:00:00,18.6,93,1.0,True
2025-09-02 22:00:00,19.0,91,0.9444444444444444,True
2025-09-02 23:00:00,19.3,91,1.0833333333333333,True
2025-09-03 00:00:00,18.8,96,1.0833333333333333,True
2025-09-03 01:00:00,18.8,91,0.6111111111111112,True
2025-09-03 02:00:00,19.3,86,0.5277777777777778,True
2025-09-03 03:00:00,18.5,90,0.7777777777777777,True
2025-09-03 04:00:00,18.4,90,1.25,True
2025-09-03 05:00:00,18.4,89,1.611111111111111,True
2025-09-03 06:00:00,19.4,90,2.3333333333333335,True
2025-09-03 07:00:00,21.0,86,1.972222222222222,True
2025-09-03 08:00:00,22.4,73,2.4722222222222223,True
2025-09-03 09:00:00,23.8,65,2.75,True
2025-09-03 10:00:00,24.9,59,2.1666666666666665,True
2025-09-03 11:00:00,25.7,54,1.25,True
2025-09-03 12:00:00,26.1,52,0.16666666666666666,True
2025-09-03 13:00:00,26.4,48,1.2777777777777777,True
2025-09-03 14:00:00,26.0,51,1.5555555555555554,True
2025-09-03 15:00:00,26.1,52,0.9722222222222222,True
2025-09-03 16:00:00,24.8,65,1.8888888888888888,True
2025-09-03 17:00:00,23.1,79,1.9166666666666667,True
2025-09-03 18:00:00,21.5,83,0.9722222222222222,True
2025-09-03 19:00:00,21.3,81,0.3611111111111111,True
2025-09-03 20:00:00,20.3,84,1.0555555555555556,True
2025-09-03 21:00:00,19.7,83,1.9444444444444444,True
2025-09-03 22:00:00,18.3,82,2.2777777777777777,True
2025-09-03 23:00:00,17.5,81,1.8055555555555556,True
2025-09-04 00:00:00,16.9,84,2.0,True
2025-09-04 01:00:00,16.9,83,2.888888888888889,True
2025-09-04 02:00:00,17.4,82,2.861111111111111,True
2025-09-04 03:00:00,16.9,84,3.1666666666666665,True
2025-09-04 04:00:00,16.7,85,3.138888888888889,True
2025-09-04 05:00:00,16.8,85,2.888888888888889,True
2025-09-04 06:00:00,18.8,83,2.5277777777777777,True
2025-09-04 07:00:00,22.2,77,1.5555555555555554,True
2025-09-04 08:00:00,24.3,67,0.8611111111111112,True
2025-09-04 09:00:00,25.4,63,1.25,True
2025-09-04 10:00:00,26.3,59,1.3333333333333333,True
2025-09-04 11:00:00,26.9,58,1.7222222222222223,True
2025-09-04 12:00:00,27.2,60,2.361111111111111,True
2025-09-04 13:00:00,27.6,62,2.8055555555555554,True
2025-09-04 14:00:00,26.8,72,3.2499999999999996,True
2025-09-04 15:00:00,25.8,76,3.2499999999999996,True
2025-09-04 16:00:00,24.8,75,2.8055555555555554,True
2025-09-04 17:00:00,23.4,75,2.0277777777777777,True
2025-09-04 18:00:00,22.0,80,0.8611111111111112,True
2025-09-04 19:00:00,22.5,79,1.3055555555555556,True
2025-09-04 20:00:00,21.2,86,1.5833333333333333,True
2025-09-04 21:00:00,19.9,89,1.8888888888888888,True
2025-09-04 22:00:00,19.4,84,2.388888888888889,True
2025-09-04 23:00:00,19.3,79,2.6666666666666665,True
2025-09-05 00:00:00,19.1,79,2.9166666666666665,True
2025-09-05 01:00:00,18.8,79,3.0,True
2025-09-05 02:00:00,18.8,79,3.0277777777777777,True
2025-09-05 03:00:00,18.3,81,2.7222222222222223,True
2025-09-05 04:00:00,17.9,84,2.9166666666666665,True
2025-09-05 05:00:00,18.0,84,2.833333333333333,True
2025-09-05 06:00:00,19.8,81,2.7222222222222223,True
2025-09-05 07:00:00,23.0,77,2.0,True
2025-09-05 08:00:00,25.2,66,1.027777777777778,True
2025-09-05 09:00:00,26.3,61,0.6388888888888888,True
2025-09-05 10:00:00,26.7,59,1.5833333333333333,True
2025-09-05 11:00:00,26.8,59,1.9444444444444444,True
2025-09-05 12:00:00,26.9,55,2.2222222222222223,True
2025-09-05 13:00:00,27.3,60,2.944444444444444,True
2025-09-05 14:00:00,26.6,66,3.3611111111111107,True
2025-09-05 15:00:00,25.8,73,2.5,True
2025-09-05 16:00:00,25.4,73,2.388888888888889,True
2025-09-05 17:00:00,24.1,81,0.9722222222222222,True
2025-09-05 18:00:00,22.8,78,0.4722222222222222,True
2025-09-05 19:00:00,22.1,79,0.5833333333333334,True
2025-09-05 20:00:00,21.3,82,1.4444444444444444,True
2025-09-05 21:00:00,21.2,72,5.361111111111112,True
2025-09-05 22:00:00,21.0,71,6.472222222222222,True
2025-09-05 23:00:00,20.7,72,6.444444444444444,True
2025-09-06 00:00:00,20.7,70,6.527777777777778,True
2025-09-06 01:00:00,21.1,62,6.472222222222222,True
2025-09-06 02:00:00,20.5,60,6.472222222222222,True
2025-09-06 03:00:00,19.9,57,6.166666666666666,True
2025-09-06 04:00:00,19.8,54,6.111111111111111,True
2025-09-06 05:00:00,19.6,52,6.472222222222222,True
2025-09-06 06:00:00,19.8,55,6.416666666666667,True
2025-09-06 07:00:00,21.1,57,6.083333333333333,True
2025-09-06 08:00:00,21.9,59,6.722222222222221,True
2025-09-06 09:00:00,22.9,60,6.638888888888888,True
2025-09-06 10:00:00,24.0,57,6.611111111111111,True
2025-09-06 11:00:00,24.7,56,6.138888888888889,True
2025-09-06 12:00:00,25.3,53,5.388888888888888,True
2025-09-06 13:00:00,25.7,52,5.555555555555555,True
2025-09-06 14:00:00,25.6,51,5.249999999999999,True
2025-09-06 15:00:00,24.8,53,5.194444444444444,True
2025-09-06 16:00:00,24.1,56,4.638888888888888,True
2025-09-06 17:00:00,22.8,58,4.416666666666667,True
2025-09-06 18:00:00,21.6,59,4.333333333333333,True
2025-09-06 19:00:00,20.7,61,4.583333333333333,True
2025-09-06 20:00:00,20.0,64,4.5,True
2025-09-06 21:00:00,19.6,64,4.388888888888889,True
2025-09-06 22:00:00,19.7,63,4.722222222222222,True
2025-09-06 23:00:00,19.5,64,4.75,True
2025-09-07 00:00:00,19.3,65,4.805555555555555,True
2025-09-07 01:00:00,19.3,66,5.583333333333334,True
2025-09-07 02:00:00,19.0,68,5.5,True
2025-09-07 03:00:00,18.6,69,4.972222222222221,True
2025-09-07 04:00:00,18.5,69,4.861111111111111,True
2025-09-07 05:00:00,18.6,69,5.055555555555555,True
2025-09-07 06:00:00,19.1,69,5.027777777777778,True
2025-09-07 07:00:00,20.6,66,4.833333333333333,True
2025-09-07 08:00:00,22.0,60,4.666666666666667,True
2025-09-07 09:00:00,22.9,57,4.388888888888889,True
2025-09-07 10:00:00,23.8,55,3.7222222222222223,True
2025-09-07 11:00:00,25.0,53,3.083333333333333,True
2025-09-07 12:00:00,25.7,51,2.5555555555555554,True
2025-09-07 13:00:00,25.2,51,3.0555555555555554,True
2025-09-07 14:00:00,25.2,51,3.0555555555555554,True
2025-09-07 15:00:00,25.0,53,3.0277777777777777,True
2025-09-07 16:00:00,24.0,59,3.0277777777777777,True
2025-09-07 17:00:00,22.7,63,2.861111111111111,True
2025-09-07 18:00:00,20.8,70,2.0277777777777777,True
2025-09-07 19:00:00,18.9,77,1.9444444444444444,True
2025-09-07 20:00:00,18.1,78,2.75,True
2025-09-07 21:00:00,18.1,77,2.972222222222222,True
2025-09-07 22:00:00,17.8,77,3.1111111111111107,True
2025-09-07 23:00:00,17.1,80,3.3611111111111107,True
2025-09-08 00:00:00,16.7,80,3.222222222222222,True
2025-09-08 01:00:00,16.4,80,3.1111111111111107,True
2025-09-08 02:00:00,16.1,81,3.3055555555555554,True
2025-09-08 03:00:00,15.5,82,3.222222222222222,True
2025-09-08 04:00:00,15.1,83,3.222222222222222,True
2025-09-08 05:00:00,15.1,83,3.2499999999999996,True
2025-09-08 06:00:00,16.9,80,3.0555555555555554,True
2025-09-08 07:00:00,20.6,73,1.8333333333333333,True
2025-09-08 08:00:00,22.8,62,0.41666666666666663,True
2025-09-08 09:00:00,23.8,60,0.8055555555555555,True
2025-09-08 10:00:00,24.7,58,0.888888888888889,True
2025-09-08 11:00:00,25.2,57,1.7222222222222223,True
2025-09-08 12:00:00,25.0,60,2.6666666666666665,True
2025-09-08 13:00:00,24.4,63,2.888888888888889,True
2025-09-08 14:00:00,24.3,62,2.111111111111111,True
2025-09-08 15:00:00,24.1,60,1.2222222222222223,True
2025-09-08 16:00:00,23.7,60,1.0,True
2025-09-08 17:00:00,22.3,72,0.6388888888888888,True
2025-09-08 18:00:00,21.5,71,0.22222222222222224,True
2025-09-08 19:00:00,21.0,75,0.4444444444444445,True
2025-09-08 20:00:00,19.9,78,1.1388888888888888,True
2025-09-08 21:00:00,19.2,79,1.2222222222222223,True
2025-09-08 22:00:00,18.0,84,1.5555555555555554,True
2025-09-08 23:00:00,17.4,84,2.1666666666666665,True
2025-09-09 00:00:00,17.3,85,1.7222222222222223,True
2025-09-09 01:00:00,17.0,85,1.5833333333333333,True
2025-09-09 02:00:00,16.8,84,1.8611111111111112,True
2025-09-09 03:00:00,16.9,84,2.5,True
2025-09-09 04:00:00,17.1,83,2.4166666666666665,True
2025-09-09 05:00:00,17.5,82,2.5833333333333335,True
2025-09-09 06:00:00,19.2,79,2.361111111111111,True
2025-09-09 07:00:00,22.0,74,1.5,True
2025-09-09 08:00:00,23.6,65,0.9444444444444444,True
2025-09-09 09:00:00,24.1,62,1.7222222222222223,True
2025-09-09 10:00:00,24.5,60,1.25,True
2025-09-09 11:00:00,25.1,59,1.2777777777777777,True
2025-09-09 12:00:00,24.8,61,1.3333333333333333,True
2025-09-09 13:00:00,25.5,58,2.1666666666666665,True
2025-09-09 14:00:00,24.1,65,3.1111111111111107,True
2025-09-09 15:00:00,22.9,73,1.5,True
2025-09-09 16:00:00,22.3,78,0.6666666666666666,True
2025-09-09 17:00:00,21.0,89,1.611111111111111,True
2025-09-09 18:00:00,20.6,90,1.8333333333333333,True
2025-09-09 19:00:00,19.8,98,2.2222222222222223,True
2025-09-09 20:00:00,19.6,98,1.777777777777778,True
2025-09-09 21:00:00,20.0,92,2.0277777777777777,True
2025-09-09 22:00:00,19.6,89,2.5833333333333335,True
2025-09-09 23:00:00,19.3,88,2.694444444444444,True
2025-09-10 00:00:00,18.6,90,2.944444444444444,True
2025-09-10 01:00:00,19.3,90,3.138888888888889,True
2025-09-10 02:00:00,18.9,89,3.611111111111111,True
2025-09-10 03:00:00,19.0,86,3.555555555555556,True
2025-09-10 04:00:00,18.2,94,2.5555555555555554,True
2025-09-10 05:00:00,18.2,94,3.5277777777777777,True
2025-09-10 06:00:00,18.5,93,3.8333333333333335,True
2025-09-10 07:00:00,20.4,86,4.666666666666667,True
2025-09-10 08:00:00,20.9,83,4.138888888888889,True
2025-09-10 09:00:00,19.8,94,3.1666666666666665,True
2025-09-10 10:00:00,20.0,95,2.6666666666666665,True
2025-09-10 11:00:00,20.0,94,4.916666666666666,True
2025-09-10 12:00:00,20.5,96,4.111111111111112,True
2025-09-10 13:00:00,20.8,97,3.7777777777777777,True
2025-09-10 14:00:00,21.0,97,2.5555555555555554,True
2025-09-10 15:00:00,20.8,97,4.5,True
2025-09-10 16:00:00,20.7,98,5.722222222222222,True
2025-09-10 17:00:00,20.7,98,4.5,True
2025-09-10 18:00:00,20.9,96,3.5,True
2025-09-10 19:00:00,20.3,94,3.5833333333333335,True
2025-09-10 20:00:00,20.3,95,2.4166666666666665,True
2025-09-10 21:00:00,20.0,95,1.472222222222222,True
2025-09-10 22:00:00,19.5,95,0.2777777777777778,True
2025-09-10 23:00:00,19.0,95,0.4444444444444445,True
2025-09-11 00:00:00,19.0,96,1.0,True
2025-09-11 01:00:00,19.0,96,0.5,True
2025-09-11 02:00:00,18.6,96,1.4166666666666665,True
2025-09-11 03:00:00,19.1,91,1.777777777777778,True
2025-09-11 04:00:00,19.3,91,2.4166666666666665,True
2025-09-11 05:00:00,19.3,91,1.8611111111111112,True
2025-09-11 06:00:00,20.0,91,1.6944444444444442,True
2025-09-11 07:00:00,20.2,93,0.9166666666666666,True
2025-09-11 08:00:00,19.6,92,1.75,True
2025-09-11 09:00:00,19.5,89,1.25,True
2025-09-11 10:00:00,21.4,84,1.6388888888888888,True
2025-09-11 11:00:00,23.7,75,0.6944444444444444,True
2025-09-11 12:00:00,23.8,71,2.2777777777777777,True
2025-09-11 13:00:00,23.0,73,0.41666666666666663,True
2025-09-11 14:00:00,24.0,69,2.75,True
2025-09-11 15:00:00,23.9,71,2.833333333333333,True
2025-09-11 16:00:00,23.5,72,2.4444444444444446,True
2025-09-11 17:00:00,22.2,82,1.3611111111111112,True
2025-09-11 18:00:00,21.0,82,0.6944444444444444,True
2025-09-11 19:00:00,20.4,79,0.888888888888889,True
2025-09-11 20:00:00,19.6,83,2.0833333333333335,True
2025-09-11 21:00:00,18.4,90,2.8055555555555554,True
2025-09-11 22:00:00,18.4,90,1.75,True
2025-09-11 23:00:00,17.9,91,1.9166666666666667,True
2025-09-12 00:00:00,18.2,88,1.6666666666666665,True
2025-09-12 01:00:00,18.9,87,2.3333333333333335,True
2025-09-12 02:00:00,19.0,86,2.75,True
2025-09-12 03:00:00,18.5,87,3.611111111111111,True
2025-09-12 04:00:00,18.5,86,3.3611111111111107,True
2025-09-12 05:00:00,18.2,86,2.972222222222222,True
2025-09-12 06:00:00,19.3,85,3.1111111111111107,True
2025-09-12 07:00:00,21.2,81,2.388888888888889,True
2025-09-12 08:00:00,22.3,75,1.972222222222222,True
2025-09-12 09:00:00,23.4,75,1.611111111111111,True
2025-09-12 10:00:00,24.5,60,2.3333333333333335,True
2025-09-12 11:00:00,25.0,57,2.2777777777777777,True
2025-09-12 12:00:00,25.0,57,2.2777777777777777,True
2025-09-12 13:00:00,25.2,58,2.888888888888889,True
2025-09-12 14:00:00,24.4,67,2.611111111111111,True
2025-09-12 15:00:00,24.0,69,1.777777777777778,True
2025-09-12 16:00:00,23.5,71,0.8055555555555555,True
2025-09-12 17:00:00,22.2,76,0.5,True
2025-09-12 18:00:00,20.7,79,0.888888888888889,True
2025-09-12 19:00:00,20.0,82,1.1666666666666667,True
2025-09-12 20:00:00,18.8,85,2.111111111111111,True
2025-09-12 21:00:00,18.5,83,2.833333333333333,True
2025-09-12 22:00:00,18.2,81,2.944444444444444,True
2025-09-12 23:00:00,18.1,78,3.0277777777777777,True
2025-09-13 00:00:00,18.0,76,2.9166666666666665,True
2025-09-13 01:00:00,18.3,75,2.7777777777777777,True
2025-09-13 02:00:00,17.9,76,3.1111111111111107,True
2025-09-13 03:00:00,17.2,78,2.972222222222222,True
2025-09-13 04:00:00,16.8,79,3.1111111111111107,True
2025-09-13 05:00:00,16.7,81,3.4444444444444446,True
2025-09-13 06:00:00,18.3,80,3.5,True
2025-09-13 07:00:00,20.9,77,3.194444444444444,True
2025-09-13 08:00:00,22.8,74,2.833333333333333,True
2025-09-13 09:00:00,24.6,65,2.1944444444444446,True
2025-09-13 10:00:00,25.7,55,0.5555555555555556,True
2025-09-13 11:00:00,25.9,54,1.777777777777778,True
2025-09-13 12:00:00,25.5,56,2.361111111111111,True
2025-09-13 13:00:00,25.7,51,3.194444444444444,True
2025-09-13 14:00:00,25.1,55,2.4444444444444446,True
2025-09-13 15:00:00,24.7,57,1.777777777777778,True
2025-09-13 16:00:00,23.8,67,0.6666666666666666,True
2025-09-13 17:00:00,22.8,71,0.25,True
2025-09-13 18:00:00,22.2,69,0.38888888888888884,True
2025-09-13 19:00:00,21.5,72,1.25,True
2025-09-13 20:00:00,20.9,77,1.5833333333333333,True
2025-09-13 21:00:00,20.7,79,1.2222222222222223,True
2025-09-13 22:00:00,20.6,81,1.6944444444444442,True
2025-09-13 23:00:00,20.1,85,1.0555555555555556,True
2025-09-14 00:00:00,18.2,95,2.305555555555556,True
2025-09-14 01:00:00,18.2,98,1.3333333333333333,True
2025-09-14 02:00:00,18.2,95,0.6111111111111112,True
2025-09-14 03:00:00,18.4,92,0.3611111111111111,True
2025-09-14 04:00:00,17.6,97,1.6666666666666665,True
2025-09-14 05:00:00,18.1,94,1.3888888888888888,True
2025-09-14 06:00:00,18.8,94,1.6388888888888888,True
2025-09-14 07:00:00,19.4,88,1.6944444444444442,True
2025-09-14 08:00:00,19.2,83,2.888888888888889,True
2025-09-14 09:00:00,17.7,95,1.611111111111111,True
2025-09-14 10:00:00,18.0,89,2.4444444444444446,True
2025-09-14 11:00:00,19.2,87,0.8611111111111112,True
2025-09-14 12:00:00,20.9,79,1.8333333333333333,True
2025-09-14 13:00:00,22.7,74,1.5,True
2025-09-14 14:00:00,22.9,70,2.7222222222222223,True
2025-09-14 15:00:00,22.7,71,2.1666666666666665,True
2025-09-14 16:00:00,22.5,72,1.1388888888888888,True
2025-09-14 17:00:00,21.4,78,0.5,True
2025-09-14 18:00:00,20.7,78,1.5,True
2025-09-14 19:00:00,19.6,83,2.0833333333333335,True
2025-09-14 20:00:00,19.3,83,2.7222222222222223,True
2025-09-14 21:00:00,18.7,84,2.638888888888889,True
2025-09-14 22:00:00,18.2,84,2.75,True
2025-09-14 23:00:00,17.8,84,2.9166666666666665,True
2025-09-15 00:00:00,17.6,83,2.694444444444444,True
2025-09-15 01:00:00,18.0,86,1.777777777777778,True
2025-09-15 02:00:00,17.8,85,1.75,True
2025-09-15 03:00:00,17.6,85,2.0277777777777777,True
2025-09-15 04:00:00,17.8,85,2.305555555555556,True
2025-09-15 05:00:00,18.1,84,2.4722222222222223,True
2025-09-15 06:00:00,19.0,84,2.75,True
2025-09-15 07:00:00,21.3,81,2.111111111111111,True
2025-09-15 08:00:00,23.1,75,0.8611111111111112,True
2025-09-15 09:00:00,23.9,72,1.777777777777778,True
2025-09-15 10:00:00,24.1,72,2.3333333333333335,True
2025-09-15 11:00:00,24.0,75,2.694444444444444,True
2025-09-15 12:00:00,24.1,75,2.7777777777777777,True
2025-09-15 13:00:00,24.6,74,3.0277777777777777,True
2025-09-15 14:00:00,24.5,75,2.8055555555555554,True
2025-09-15 15:00:00,24.2,76,2.4722222222222223,True
2025-09-15 16:00:00,23.7,80,2.4722222222222223,True
2025-09-15 17:00:00,22.6,85,1.8611111111111112,True
2025-09-15 18:00:00,21.5,89,0.41666666666666663,True
2025-09-15 19:00:00,20.7,91,0.8333333333333333,True
2025-09-15 20:00:00,21.1,89,1.4166666666666665,True
2025-09-15 21:00:00,20.3,90,1.8055555555555556,True
2025-09-15 22:00:00,19.5,92,1.6944444444444442,True
2025-09-15 23:00:00,18.8,92,1.6388888888888888,True
2025-09-16 00:00:00,18.7,88,0.7777777777777777,True
2025-09-16 01:00:00,20.4,80,1.2222222222222223,True
2025-09-16 02:00:00,19.9,80,1.3333333333333333,True
2025-09-16 03:00:00,18.9,82,0.8611111111111112,True
2025-09-16 04:00:00,18.4,94,2.055555555555556,True
2025-09-16 05:00:00,17.8,96,1.8055555555555556,True
2025-09-16 06:00:00,19.0,96,1.2777777777777777,True
2025-09-16 07:00:00,20.0,90,2.0,True
2025-09-16 08:00:00,19.7,93,2.888888888888889,True
2025-09-16 09:00:00,20.2,94,3.3888888888888884,True
2025-09-16 10:00:00,20.2,95,3.861111111111111,True
2025-09-16 11:00:00,19.7,94,2.944444444444444,True
2025-09-16 12:00:00,20.4,85,3.9166666666666665,True
2025-09-16 13:00:00,21.2,85,3.944444444444444,True
2025-09-16 14:00:00,21.1,86,3.75,True
2025-09-16 15:00:00,21.1,88,4.694444444444444,True
2025-09-16 16:00:00,20.6,86,5.361111111111112,True
2025-09-16 17:00:00,20.1,79,6.0,True
2025-09-16 18:00:00,19.1,75,5.861111111111112,True
2025-09-16 19:00:00,18.4,73,6.527777777777778,True
2025-09-16 20:00:00,17.9,71,6.555555555555555,True
2025-09-16 21:00:00,17.6,72,6.305555555555555,True
2025-09-16 22:00:00,17.3,71,6.555555555555555,True
2025-09-16 23:00:00,17.5,66,6.833333333333334,True
2025-09-17 00:00:00,17.8,61,7.194444444444444,True
2025-09-17 01:00:00,17.4,69,8.083333333333334,True
2025-09-17 02:00:00,17.3,66,8.11111111111111,True
2025-09-17 03:00:00,17.3,66,8.527777777777777,True
2025-09-17 04:00:00,17.2,67,8.305555555555555,True
2025-09-17 05:00:00,17.2,66,8.583333333333332,True
2025-09-17 06:00:00,17.4,67,8.583333333333332,True
2025-09-17 07:00:00,18.1,68,7.555555555555555,True
2025-09-17 08:00:00,19.6,62,7.611111111111111,True
2025-09-17 09:00:00,20.8,58,7.166666666666667,True
2025-09-17 10:00:00,21.9,55,6.888888888888889,True
2025-09-17 11:00:00,22.8,50,6.194444444444445,True
2025-09-17 12:00:00,23.3,49,5.472222222222222,True
2025-09-17 13:00:00,24.4,43,3.638888888888889,True
2025-09-17 14:00:00,24.3,42,3.138888888888889,True
2025-09-17 15:00:00,23.9,45,2.75,True
2025-09-17 16:00:00,22.5,56,2.611111111111111,True
2025-09-17 17:00:00,20.7,60,2.361111111111111,True
2025-09-17 18:00:00,18.6,67,2.8055555555555554,True
2025-09-17 19:00:00,17.5,71,3.1666666666666665,True
2025-09-17 20:00:00,17.4,67,3.5,True
2025-09-17 21:00:00,17.1,68,3.861111111111111,True
2025-09-17 22:00:00,16.7,71,3.333333333333333,True
2025-09-17 23:00:00,16.1,74,3.5277777777777777,True
2025-09-18 00:00:00,15.9,74,3.5833333333333335,True
2025-09-18 01:00:00,15.3,78,3.5,True
2025-09-18 02:00:00,15.3,77,3.611111111111111,True
2025-09-18 03:00:00,15.1,77,3.638888888888889,True
2025-09-18 04:00:00,14.9,78,3.611111111111111,True
2025-09-18 05:00:00,14.6,79,3.6666666666666665,True
2025-09-18 06:00:00,15.8,77,3.555555555555556,True
2025-09-18 07:00:00,19.1,73,2.9166666666666665,True
2025-09-18 08:00:00,21.6,65,1.8333333333333333,True
2025-09-18 09:00:00,23.4,55,0.5555555555555556,True
2025-09-18 10:00:00,24.2,49,1.1388888888888888,True
2025-09-18 11:00:00,24.5,47,1.472222222222222,True
2025-09-18 12:00:00,24.6,47,1.472222222222222,True
2025-09-18 13:00:00,24.7,46,1.9166666666666667,True
2025-09-18 14:00:00,24.4,47,1.611111111111111,True
2025-09-18 15:00:00,23.9,50,1.1388888888888888,True
2025-09-18 16:00:00,23.0,63,0.6111111111111112,True
2025-09-18 17:00:00,21.4,66,0.11111111111111112,True
2025-09-18 18:00:00,20.2,68,0.4444444444444445,True
2025-09-18 19:00:00,19.0,70,1.027777777777778,True
2025-09-18 20:00:00,18.6,70,1.3333333333333333,True
2025-09-18 21:00:00,16.9,77,1.75,True
2025-09-18 22:00:00,16.1,81,1.6944444444444442,True
2025-09-18 23:00:00,15.8,81,1.7222222222222223,True
2025-09-19 00:00:00,15.6,81,1.6388888888888888,True
2025-09-19 01:00:00,14.4,83,1.9166666666666667,True
2025-09-19 02:00:00,14.3,82,1.8611111111111112,True
2025-09-19 03:00:00,14.2,82,1.7222222222222223,True
2025-09-19 04:00:00,14.0,82,1.7222222222222223,True
2025-09-19 05:00:00,14.0,81,1.8333333333333333,True
2025-09-19 06:00:00,16.1,79,1.6666666666666665,True
2025-09-19 07:00:00,20.7,72,1.1944444444444444,True
2025-09-19 08:00:00,23.0,60,0.19444444444444442,True
2025-09-19 09:00:00,24.2,59,1.0555555555555556,True
2025-09-19 10:00:00,25.1,61,1.6944444444444442,True
2025-09-19 11:00:00,25.5,64,2.25,True
2025-09-19 12:00:00,25.4,68,2.5277777777777777,True
2025-09-19 13:00:00,25.3,69,2.694444444444444,True
2025-09-19 14:00:00,24.8,69,1.9166666666666667,True
2025-09-19 15:00:00,24.2,69,1.3888888888888888,True
2025-09-19 16:00:00,23.3,73,0.5555555555555556,True
2025-09-19 17:00:00,21.6,79,0.25,True
2025-09-19 18:00:00,20.8,84,0.6111111111111112,True
2025-09-19 19:00:00,20.1,88,0.8611111111111112,True
2025-09-19 20:00:00,19.3,90,1.2777777777777777,True
2025-09-19 21:00:00,18.0,90,1.6666666666666665,True
2025-09-19 22:00:00,17.3,89,1.9444444444444444,True
2025-09-19 23:00:00,17.3,89,2.1944444444444446,True
2025-09-20 00:00:00,17.4,87,2.305555555555556,True
2025-09-20 01:00:00,17.1,87,2.7777777777777777,True
2025-09-20 02:00:00,17.1,87,2.833333333333333,True
2025-09-20 03:00:00,16.9,87,2.6666666666666665,True
2025-09-20 04:00:00,16.7,87,2.361111111111111,True
2025-09-20 05:00:00,16.5,85,2.055555555555556,True
2025-09-20 06:00:00,18.2,82,1.8611111111111112,True
2025-09-20 07:00:00,21.7,76,1.2222222222222223,True
2025-09-20 08:00:00,23.8,69,0.6388888888888888,True
2025-09-20 09:00:00,24.6,68,1.0555555555555556,True
2025-09-20 10:00:00,25.1,69,1.3888888888888888,True
2025-09-20 11:00:00,25.5,68,1.5277777777777777,True
2025-09-20 12:00:00,25.8,66,1.5277777777777777,True
2025-09-20 13:00:00,26.6,61,1.3888888888888888,True
2025-09-20 14:00:00,26.2,65,0.9166666666666666,True
2025-09-20 15:00:00,25.7,68,0.6388888888888888,True
2025-09-20 16:00:00,24.5,79,0.3611111111111111,True
2025-09-20 17:00:00,22.5,82,0.22222222222222224,True
2025-09-20 18:00:00,21.4,83,0.4444444444444445,True
2025-09-20 19:00:00,20.5,81,0.9722222222222222,True
2025-09-20 20:00:00,20.4,76,1.2777777777777777,True
2025-09-20 21:00:00,19.2,81,1.8333333333333333,True
2025-09-20 22:00:00,18.0,85,1.9166666666666667,True
2025-09-20 23:00:00,17.7,84,1.8611111111111112,True
2025-09-21 00:00:00,17.7,83,1.9166666666666667,True
2025-09-21 01:00:00,17.0,85,2.305555555555556,True
2025-09-21 02:00:00,16.9,84,2.055555555555556,True
2025-09-21 03:00:00,17.1,81,2.111111111111111,True
2025-09-21 04:00:00,17.2,80,2.25,True
2025-09-21 05:00:00,16.9,80,2.388888888888889,True
2025-09-21 06:00:00,18.3,79,2.4722222222222223,True
2025-09-21 07:00:00,21.9,73,1.9444444444444444,True
2025-09-21 08:00:00,24.0,59,0.5277777777777778,True
2025-09-21 09:00:00,24.5,58,0.8611111111111112,True
2025-09-21 10:00:00,25.1,56,1.1388888888888888,True
2025-09-21 11:00:00,25.6,56,1.4444444444444444,True
2025-09-21 12:00:00,25.7,58,1.972222222222222,True
2025-09-21 13:00:00,25.0,66,2.305555555555556,True
2025-09-21 14:00:00,24.5,71,1.4166666666666665,True
2025-09-21 15:00:00,24.0,73,0.9722222222222222,True
2025-09-21 16:00:00,23.5,78,0.75,True
2025-09-21 17:00:00,22.0,82,0.41666666666666663,True
2025-09-21 18:00:00,21.2,83,0.5555555555555556,True
2025-09-21 19:00:00,19.9,87,1.027777777777778,True
2025-09-21 20:00:00,18.8,89,1.6666666666666665,True
2025-09-21 21:00:00,17.6,89,2.388888888888889,True
2025-09-21 22:00:00,17.6,80,2.75,True
2025-09-21 23:00:00,17.6,74,2.6666666666666665,True
2025-09-22 00:00:00,17.6,73,2.8055555555555554,True
2025-09-22 01:00:00,16.2,79,2.3333333333333335,True
2025-09-22 02:00:00,16.1,78,3.138888888888889,True
2025-09-22 03:00:00,17.2,71,3.611111111111111,True
2025-09-22 04:00:00,17.6,69,2.972222222222222,True
2025-09-22 05:00:00,17.8,69,2.75,True
2025-09-22 06:00:00,19.1,70,2.8055555555555554,True
2025-09-22 07:00:00,21.5,70,2.75,True
2025-09-22 08:00:00,23.7,66,1.2222222222222223,True
2025-09-22 09:00:00,24.4,65,1.8055555555555556,True
2025-09-22 10:00:00,24.9,64,3.4444444444444446,True
2025-09-22 11:00:00,25.8,60,4.277777777777778,True
2025-09-22 12:00:00,26.2,56,4.305555555555555,True
2025-09-22 13:00:00,26.1,55,4.361111111111111,True
2025-09-22 14:00:00,26.1,55,3.8333333333333335,True
2025-09-22 15:00:00,25.5,62,3.416666666666667,True
2025-09-22 16:00:00,24.2,69,2.25,True
2025-09-22 17:00:00,22.9,77,2.388888888888889,True
2025-09-22 18:00:00,21.5,85,1.1388888888888888,True
2025-09-22 19:00:00,20.2,94,0.2777777777777778,True
2025-09-22 20:00:00,19.3,93,0.7777777777777777,True
2025-09-22 21:00:00,20.0,90,1.3055555555555556,True
2025-09-22 22:00:00,19.3,90,1.2777777777777777,True
2025-09-22 23:00:00,19.3,89,1.4444444444444444,True
2025-09-23 00:00:00,19.2,89,1.611111111111111,True
2025-09-23 01:00:00,19.8,89,2.861111111111111,True
2025-09-23 02:00:00,20.1,88,2.6666666666666665,True
2025-09-23 03:00:00,20.2,87,2.972222222222222,True
2025-09-23 04:00:00,20.2,89,3.416666666666667,True
2025-09-23 05:00:00,19.6,89,1.1388888888888888,True
2025-09-23 06:00:00,19.4,92,3.2499999999999996,True
2025-09-23 07:00:00,20.3,91,2.0833333333333335,True
2025-09-23 08:00:00,21.7,85,1.3888888888888888,True
2025-09-23 09:00:00,21.6,86,1.3888888888888888,True
2025-09-23 10:00:00,22.2,82,1.3611111111111112,True
2025-09-23 11:00:00,23.2,77,1.6388888888888888,True
2025-09-23 12:00:00,21.1,87,3.75,True
2025-09-23 13:00:00,20.2,98,2.1666666666666665,True
2025-09-23 14:00:00,19.3,95,2.944444444444444,True
2025-09-23 15:00:00,19.8,93,3.0555555555555554,True
2025-09-23 16:00:00,20.2,90,3.4444444444444446,True
2025-09-23 17:00:00,20.0,86,2.75,True
2025-09-23 18:00:00,19.7,87,2.972222222222222,True
2025-09-23 19:00:00,19.1,87,4.111111111111112,True
2025-09-23 20:00:00,18.8,85,4.916666666666666,True
2025-09-23 21:00:00,17.8,89,5.805555555555555,True
2025-09-23 22:00:00,16.9,95,3.1111111111111107,True
2025-09-23 23:00:00,16.8,94,3.8333333333333335,True
2025-09-24 00:00:00,16.5,93,2.361111111111111,True
2025-09-24 01:00:00,17.3,95,2.9166666666666665,True
2025-09-24 02:00:00,16.9,94,3.8055555555555554,True
2025-09-24 03:00:00,17.0,89,4.777777777777778,True
2025-09-24 04:00:00,16.7,87,5.305555555555556,True
2025-09-24 05:00:00,16.6,85,5.277777777777778,True
2025-09-24 06:00:00,17.0,83,3.75,True
2025-09-24 07:00:00,17.7,81,4.055555555555555,True
2025-09-24 08:00:00,18.9,78,4.388888888888889,True
2025-09-24 09:00:00,20.4,71,5.0,True
2025-09-24 10:00:00,21.1,67,4.944444444444445,True
2025-09-24 11:00:00,20.8,68,4.0,True
2025-09-24 12:00:00,19.5,83,3.5,True
2025-09-24 13:00:00,18.8,85,6.111111111111111,True
2025-09-24 14:00:00,19.1,79,5.444444444444445,True
2025-09-24 15:00:00,19.1,75,5.555555555555555,True
2025-09-24 16:00:00,18.7,75,5.5,True
2025-09-24 17:00:00,17.7,77,5.166666666666667,True
2025-09-24 18:00:00,16.8,83,4.055555555555555,True
2025-09-24 19:00:00,16.2,87,2.7222222222222223,True
2025-09-24 20:00:00,16.1,88,2.972222222222222,True
2025-09-24 21:00:00,15.9,91,3.4722222222222223,True
2025-09-24 22:00:00,15.8,91,2.8055555555555554,True
2025-09-24 23:00:00,16.0,90,3.6666666666666665,True
2025-09-25 00:00:00,15.4,88,2.361111111111111,True
2025-09-25 01:00:00,15.8,88,3.222222222222222,True
2025-09-25 02:00:00,15.3,88,3.5,True
2025-09-25 03:00:00,15.0,88,3.1111111111111107,True
2025-09-25 04:00:00,14.6,85,2.0,True
2025-09-25 05:00:00,13.7,86,1.3611111111111112,True
2025-09-25 06:00:00,15.2,83,1.8333333333333333,True
2025-09-25 07:00:00,17.2,82,1.8888888888888888,True
2025-09-25 08:00:00,18.6,75,1.6388888888888888,True
2025-09-25 09:00:00,19.5,70,1.25,True
2025-09-25 10:00:00,20.1,67,1.25,True
2025-09-25 11:00:00,20.7,62,1.8888888888888888,True
2025-09-25 12:00:00,20.8,61,2.2777777777777777,True
2025-09-25 13:00:00,20.9,56,1.9166666666666667,True
2025-09-25 14:00:00,20.9,58,1.5833333333333333,True
2025-09-25 15:00:00,20.4,63,1.2222222222222223,True
2025-09-25 16:00:00,19.5,75,0.6388888888888888,True
2025-09-25 17:00:00,18.0,73,0.22222222222222224,True
2025-09-25 18:00:00,17.7,72,0.11111111111111112,True
2025-09-25 19:00:00,16.8,76,0.41666666666666663,True
2025-09-25 20:00:00,15.3,79,0.8333333333333333,True
2025-09-25 21:00:00,14.4,96,0.8611111111111112,True
2025-09-25 22:00:00,15.2,93,1.5833333333333333,True
2025-09-25 23:00:00,15.3,93,0.6111111111111112,True
2025-09-26 00:00:00,15.6,89,2.0,True
2025-09-26 01:00:00,14.5,90,2.8055555555555554,True
2025-09-26 02:00:00,14.1,89,2.5277777777777777,True
2025-09-26 03:00:00,13.4,89,2.9166666666666665,True
2025-09-26 04:00:00,13.2,89,3.2499999999999996,True
2025-09-26 05:00:00,13.3,88,3.4722222222222223,True
2025-09-26 06:00:00,14.8,86,4.25,True
2025-09-26 07:00:00,16.8,82,4.222222222222222,True
2025-09-26 08:00:00,18.7,75,4.138888888888889,True
2025-09-26 09:00:00,20.5,64,3.4722222222222223,True
2025-09-26 10:00:00,21.5,57,1.6944444444444442,True
2025-09-26 11:00:00,21.7,56,2.3333333333333335,True
2025-09-26 12:00:00,21.3,59,2.6666666666666665,True
2025-09-26 13:00:00,21.2,58,0.5833333333333334,True
2025-09-26 14:00:00,21.0,57,0.9166666666666666,True
2025-09-26 15:00:00,20.8,57,0.16666666666666666,True
2025-09-26 16:00:00,20.0,71,0.08333333333333333,True
2025-09-26 17:00:00,18.1,75,0.8611111111111112,True
2025-09-26 18:00:00,17.7,74,1.972222222222222,True
2025-09-26 19:00:00,16.6,78,3.0277777777777777,True
2025-09-26 20:00:00,16.0,80,3.8333333333333335,True
2025-09-26 21:00:00,16.3,80,4.361111111111111,True
2025-09-26 22:00:00,16.1,81,4.333333333333333,True
2025-09-26 23:00:00,16.1,81,4.388888888888889,True
2025-09-27 00:00:00,16.2,80,5.055555555555555,True
2025-09-27 01:00:00,16.6,79,5.027777777777778,True
2025-09-27 02:00:00,16.6,78,3.4444444444444446,True
2025-09-27 03:00:00,16.3,78,4.527777777777778,True
2025-09-27 04:00:00,16.0,78,5.333333333333333,True
2025-09-27 05:00:00,16.0,77,6.055555555555555,True
2025-09-27 06:00:00,16.4,76,6.055555555555555,True
2025-09-27 07:00:00,17.2,75,6.055555555555555,True
2025-09-27 08:00:00,18.2,71,5.75,True
2025-09-27 09:00:00,19.6,65,5.0,True
2025-09-27 10:00:00,20.7,61,4.916666666666666,True
2025-09-27 11:00:00,21.3,58,4.805555555555555,True
2025-09-27 12:00:00,21.3,58,5.444444444444445,True
2025-09-27 13:00:00,21.5,57,5.194444444444444,True
2025-09-27 14:00:00,21.1,57,5.583333333333334,True
2025-09-27 15:00:00,20.4,59,5.444444444444445,True
2025-09-27 16:00:00,19.5,61,5.083333333333333,True
2025-09-27 17:00:00,18.5,62,5.388888888888888,True
2025-09-27 18:00:00,17.8,66,6.166666666666666,True
2025-09-27 19:00:00,17.6,67,6.388888888888888,True
2025-09-27 20:00:00,17.2,68,6.666666666666666,True
2025-09-27 21:00:00,16.8,68,6.444444444444444,True
2025-09-27 22:00:00,16.5,69,6.194444444444445,True
2025-09-27 23:00:00,16.0,72,6.111111111111111,True
2025-09-28 00:00:00,16.2,71,5.916666666666667,True
2025-09-28 01:00:00,16.6,71,5.555555555555555,True
2025-09-28 02:00:00,16.2,71,5.666666666666666,True
2025-09-28 03:00:00,16.0,71,5.972222222222222,True
2025-09-28 04:00:00,15.8,73,5.638888888888889,True
2025-09-28 05:00:00,15.8,72,5.972222222222222,True
2025-09-28 06:00:00,16.3,70,6.055555555555555,True
2025-09-28 07:00:00,17.2,68,5.694444444444445,True
2025-09-28 08:00:00,18.2,63,5.944444444444444,True
2025-09-28 09:00:00,19.0,60,6.138888888888889,True
2025-09-28 10:00:00,19.5,59,6.472222222222222,True
2025-09-28 11:00:00,20.0,58,6.305555555555555,True
2025-09-28 12:00:00,20.6,53,5.888888888888888,True
2025-09-28 13:00:00,20.6,52,6.611111111111111,True
2025-09-28 14:00:00,20.4,52,6.194444444444445,True
2025-09-28 15:00:00,20.0,53,5.277777777777778,True
2025-09-28 16:00:00,19.2,57,4.333333333333333,True
2025-09-28 17:00:00,18.1,57,3.944444444444444,True
2025-09-28 18:00:00,17.1,60,4.055555555555555,True
2025-09-28 19:00:00,16.3,64,3.5,True
2025-09-28 20:00:00,15.4,68,3.0,True
2025-09-28 21:00:00,14.8,71,2.7222222222222223,True
2025-09-28 22:00:00,14.5,73,2.7222222222222223,True
2025-09-28 23:00:00,14.1,75,2.972222222222222,True
2025-09-29 00:00:00,13.9,76,3.138888888888889,True
2025-09-29 01:00:00,13.6,77,3.222222222222222,True
2025-09-29 02:00:00,13.2,79,3.3611111111111107,True
2025-09-29 03:00:00,13.3,79,3.8333333333333335,True
2025-09-29 04:00:00,13.8,77,4.305555555555555,True
2025-09-29 05:00:00,14.2,76,4.333333333333333,True
2025-09-29 06:00:00,14.7,76,4.083333333333333,True
2025-09-29 07:00:00,16.5,73,3.75,True
2025-09-29 08:00:00,18.2,67,3.888888888888889,True
2025-09-29 09:00:00,19.6,61,3.555555555555556,True
2025-09-29 10:00:00,20.6,55,3.083333333333333,True
2025-09-29 11:00:00,21.0,52,2.5833333333333335,True
2025-09-29 12:00:00,21.2,50,2.0833333333333335,True
2025-09-29 13:00:00,21.0,51,1.4444444444444444,True
2025-09-29 14:00:00,21.1,51,1.6388888888888888,True
2025-09-29 15:00:00,20.6,53,1.3611111111111112,True
2025-09-29 16:00:00,19.4,66,1.3611111111111112,True
2025-09-29 17:00:00,18.2,69,2.0,True
2025-09-29 18:00:00,17.2,68,3.0,True
2025-09-29 19:00:00,16.7,66,4.027777777777778,True
2025-09-29 20:00:00,16.4,66,4.027777777777778,True
2025-09-29 21:00:00,16.0,66,4.194444444444445,True
2025-09-29 22:00:00,15.5,70,4.194444444444445,True
2025-09-29 23:00:00,15.2,71,4.583333333333333,True
2025-09-30 00:00:00,15.2,69,4.527777777777778,True
2025-09-30 01:00:00,15.8,64,4.972222222222221,True
2025-09-30 02:00:00,14.7,75,5.083333333333333,True
2025-09-30 03:00:00,14.3,76,4.5,True
2025-09-30 04:00:00,12.9,91,3.888888888888889,True
2025-09-30 05:00:00,12.5,93,3.8333333333333335,True
2025-09-30 06:00:00,12.6,93,4.194444444444445,True
2025-09-30 07:00:00,13.3,86,4.666666666666667,True
2025-09-30 08:00:00,13.6,84,5.5,True
2025-09-30 09:00:00,13.7,83,5.138888888888888,True
2025-09-30 10:00:00,13.2,94,4.055555555555555,True
2025-09-30 11:00:00,13.7,87,5.472222222222222,True
2025-09-30 12:00:00,14.3,80,5.055555555555555,True
2025-09-30 13:00:00,14.6,75,4.888888888888889,True
2025-09-30 14:00:00,15.4,70,4.861111111111111,True
2025-09-30 15:00:00,15.6,67,5.0,True
2025-09-30 16:00:00,15.0,66,5.666666666666666,True
2025-09-30 17:00:00,14.2,66,5.944444444444444,True
2025-09-30 18:00:00,14.0,63,6.916666666666666,True
2025-09-30 19:00:00,13.7,63,7.333333333333333,True
2025-09-30 20:00:00,13.5,64,7.805555555555555,True
2025-09-30 21:00:00,13.3,65,8.027777777777777,True
2025-09-30 22:00:00,13.2,66,8.277777777777779,True
2025-09-30 23:00:00,13.1,66,8.333333333333334,True
2025-10-01 00:00:00,13.3,70,7.833333333333333,True
2025-10-01 01:00:00,12.9,68,8.194444444444445,True
2025-10-01 02:00:00,12.7,65,8.666666666666666,True
2025-10-01 03:00:00,12.1,66,9.388888888888888,True
2025-10-01 04:00:00,11.9,66,9.63888888888889,True
2025-10-01 05:00:00,12.0,62,9.361111111111112,True
2025-10-01 06:00:00,11.9,61,9.444444444444445,True
2025-10-01 07:00:00,13.1,56,9.777777777777779,True
2025-10-01 08:00:00,13.9,57,10.083333333333332,True
2025-10-01 09:00:00,14.8,52,9.583333333333334,True
2025-10-01 10:00:00,15.7,47,8.083333333333334,True
2025-10-01 11:00:00,16.4,43,6.888888888888889,True
2025-10-01 12:00:00,17.0,40,6.472222222222222,True
2025-10-01 13:00:00,17.1,38,6.388888888888888,True
2025-10-01 14:00:00,16.8,39,6.333333333333333,True
2025-10-01 15:00:00,16.2,42,5.972222222222222,True
2025-10-01 16:00:00,15.3,45,5.138888888888888,True
2025-10-01 17:00:00,14.3,46,4.944444444444445,True
2025-10-01 18:00:00,13.5,52,5.055555555555555,True
2025-10-01 19:00:00,12.9,56,5.055555555555555,True
2025-10-01 20:00:00,12.4,58,4.388888888888889,True
2025-10-01 21:00:00,11.7,61,3.888888888888889,True
2025-10-01 22:00:00,11.1,64,3.6666666666666665,True
2025-10-01 23:00:00,10.3,67,3.2777777777777777,True
2025-10-02 00:00:00,10.2,68,3.194444444444444,True
2025-10-02 01:00:00,9.8,70,3.333333333333333,True
2025-10-02 02:00:00,9.6,69,4.194444444444445,True
2025-10-02 03:00:00,10.2,65,5.138888888888888,True
2025-10-02 04:00:00,10.5,63,5.444444444444445,True
2025-10-02 05:00:00,10.0,65,4.972222222222221,True
2025-10-02 06:00:00,10.3,66,3.611111111111111,True
2025-10-02 07:00:00,11.8,61,3.75,True
2025-10-02 08:00:00,12.9,58,3.8055555555555554,True
2025-10-02 09:00:00,14.6,48,5.666666666666666,True
2025-10-02 10:00:00,15.3,44,6.555555555555555,True
2025-10-02 11:00:00,16.2,41,6.333333333333333,True
2025-10-02 12:00:00,16.6,36,6.0,True
2025-10-02 13:00:00,17.1,35,6.388888888888888,True
2025-10-02 14:00:00,16.8,36,6.083333333333333,True
2025-10-02 15:00:00,16.2,40,5.138888888888888,True
2025-10-02 16:00:00,14.8,47,5.083333333333333,True
2025-10-02 17:00:00,12.8,53,6.055555555555555,True
2025-10-02 18:00:00,12.8,54,6.444444444444444,True
2025-10-02 19:00:00,12.1,55,6.777777777777777,True
2025-10-02 20:00:00,11.3,54,6.0,True
2025-10-02 21:00:00,10.5,57,4.944444444444445,True
2025-10-02 22:00:00,9.8,59,4.305555555555555,True
2025-10-02 23:00:00,9.1,62,3.4722222222222223,True
2025-10-03 00:00:00,8.7,62,3.4722222222222223,True
2025-10-03 01:00:00,8.2,64,3.6666666666666665,True
2025-10-03 02:00:00,7.7,66,3.75,True
2025-10-03 03:00:00,7.5,66,4.138888888888889,True
2025-10-03 04:00:00,7.5,65,4.555555555555555,True
2025-10-03 05:00:00,7.5,63,4.972222222222221,True
2025-10-03 06:00:00,8.1,62,5.055555555555555,True
2025-10-03 07:00:00,9.5,60,5.055555555555555,True
2025-10-03 08:00:00,11.3,54,4.861111111111111,True
2025-10-03 09:00:00,13.0,50,3.8055555555555554,True
2025-10-03 10:00:00,14.4,46,2.388888888888889,True
2025-10-03 11:00:00,15.4,44,1.5833333333333333,True
2025-10-03 12:00:00,16.1,39,0.888888888888889,True
2025-10-03 13:00:00,16.7,35,0.8333333333333333,True
2025-10-03 14:00:00,16.8,34,0.4722222222222222,True
2025-10-03 15:00:00,16.0,40,1.5555555555555554,True
2025-10-03 16:00:00,14.2,55,2.0277777777777777,True
2025-10-03 17:00:00,11.9,62,1.2222222222222223,True
2025-10-03 18:00:00,11.0,61,1.1666666666666667,True
2025-10-03 19:00:00,9.7,60,1.9444444444444444,True
2025-10-03 20:00:00,8.5,60,2.7222222222222223,True
2025-10-03 21:00:00,8.4,58,3.3055555555555554,True
2025-10-03 22:00:00,8.8,53,3.75,True
2025-10-03 23:00:00,8.6,54,3.555555555555556,True
2025-10-04 00:00:00,9.0,51,3.861111111111111,True
2025-10-04 01:00:00,8.2,53,4.111111111111112,True
2025-10-04 02:00:00,7.8,54,4.138888888888889,True
2025-10-04 03:00:00,7.2,57,3.7777777777777777,True
2025-10-04 04:00:00,6.9,57,3.1666666666666665,True
2025-10-04 05:00:00,6.8,56,2.9166666666666665,True
2025-10-04 06:00:00,7.2,59,2.5833333333333335,True
2025-10-04 07:00:00,10.4,60,2.305555555555556,True
2025-10-04 08:00:00,13.5,54,1.0833333333333333,True
2025-10-04 09:00:00,14.6,54,0.4444444444444445,True
2025-10-04 10:00:00,14.2,57,0.2777777777777778,True
2025-10-04 11:00:00,14.8,57,0.3611111111111111,True
2025-10-04 12:00:00,15.5,55,0.5277777777777778,True
2025-10-04 13:00:00,16.0,56,0.8611111111111112,True
2025-10-04 14:00:00,16.3,56,1.9166666666666667,True
2025-10-04 15:00:00,16.5,57,3.194444444444444,True
2025-10-04 16:00:00,15.6,63,2.3333333333333335,True
2025-10-04 17:00:00,14.7,68,2.111111111111111,True
2025-10-04 18:00:00,14.0,76,1.1111111111111112,True
2025-10-04 19:00:00,14.8,75,1.0833333333333333,True
2025-10-04 20:00:00,15.0,72,2.305555555555556,True
2025-10-04 21:00:00,15.5,65,2.972222222222222,True
2025-10-04 22:00:00,15.8,65,2.2777777777777777,True
2025-10-04 23:00:00,15.6,73,3.638888888888889,True
2025-10-05 00:00:00,16.2,76,3.861111111111111,True
2025-10-05 01:00:00,14.9,91,3.4444444444444446,True
2025-10-05 02:00:00,14.6,94,3.083333333333333,True
2025-10-05 03:00:00,13.9,94,2.611111111111111,True
2025-10-05 04:00:00,13.3,93,5.083333333333333,True
2025-10-05 05:00:00,9.9,90,11.11111111111111,True
2025-10-05 06:00:00,8.1,92,12.416666666666668,True
2025-10-05 07:00:00,8.1,92,7.083333333333333,True
2025-10-05 08:00:00,7.9,92,7.694444444444444,True
2025-10-05 09:00:00,7.5,93,8.88888888888889,True
2025-10-05 10:00:00,8.8,92,8.916666666666666,True
2025-10-05 11:00:00,8.5,92,7.222222222222222,True
2025-10-05 12:00:00,8.9,87,4.944444444444445,True
2025-10-05 13:00:00,10.8,78,6.416666666666667,True
2025-10-05 14:00:00,11.6,69,4.083333333333333,True
2025-10-05 15:00:00,12.1,67,2.7222222222222223,True
2025-10-05 16:00:00,11.2,71,1.3333333333333333,True
2025-10-05 17:00:00,9.2,76,0.75,True
2025-10-05 18:00:00,9.2,81,1.6666666666666665,True
2025-10-05 19:00:00,8.6,80,2.0833333333333335,True
2025-10-05 20:00:00,8.2,81,3.0,True
2025-10-05 21:00:00,8.0,81,3.1111111111111107,True
2025-10-05 22:00:00,7.9,81,2.944444444444444,True
2025-10-05 23:00:00,7.9,81,2.972222222222222,True
2025-10-06 00:00:00,7.1,78,2.0833333333333335,True
2025-10-06 01:00:00,7.3,78,2.833333333333333,True
2025-10-06 02:00:00,7.3,78,2.611111111111111,True
2025-10-06 03:00:00,7.7,76,2.055555555555556,True
2025-10-06 04:00:00,7.9,74,1.777777777777778,True
2025-10-06 05:00:00,7.6,73,1.9444444444444444,True
2025-10-06 06:00:00,9.1,70,2.5277777777777777,True
2025-10-06 07:00:00,11.0,70,2.3333333333333335,True
2025-10-06 08:00:00,14.2,61,1.1388888888888888,True
2025-10-06 09:00:00,15.7,60,0.6944444444444444,True
2025-10-06 10:00:00,16.5,59,0.9166666666666666,True
2025-10-06 11:00:00,16.8,59,1.611111111111111,True
2025-10-06 12:00:00,16.9,62,1.1944444444444444,True
2025-10-06 13:00:00,17.4,59,0.16666666666666666,True
2025-10-06 14:00:00,17.5,58,0.2777777777777778,True
2025-10-06 15:00:00,17.4,56,0.3055555555555556,True
2025-10-06 16:00:00,15.3,72,1.0,True
2025-10-06 17:00:00,14.1,78,0.9166666666666666,True
2025-10-06 18:00:00,11.5,74,0.75,True
2025-10-06 19:00:00,11.3,67,0.7777777777777777,True
2025-10-06 20:00:00,11.3,65,1.4166666666666665,True
2025-10-06 21:00:00,10.2,71,1.8333333333333333,True
2025-10-06 22:00:00,11.4,68,2.305555555555556,True
2025-10-06 23:00:00,10.7,71,2.5,True
2025-10-07 00:00:00,9.8,73,2.0833333333333335,True
2025-10-07 01:00:00,10.2,70,1.8611111111111112,True
2025-10-07 02:00:00,9.9,70,1.5555555555555554,True
2025-10-07 03:00:00,10.2,68,1.6944444444444442,True
2025-10-07 04:00:00,10.7,67,1.5833333333333333,True
2025-10-07 05:00:00,10.3,68,1.0833333333333333,True
2025-10-07 06:00:00,10.7,68,2.833333333333333,True
2025-10-07 07:00:00,12.7,68,2.833333333333333,True
2025-10-07 08:00:00,15.8,66,1.9444444444444444,True
2025-10-07 09:00:00,18.0,58,1.0555555555555556,True
2025-10-07 10:00:00,19.3,54,0.05555555555555556,True
2025-10-07 11:00:00,19.6,54,1.3055555555555556,True
2025-10-07 12:00:00,19.0,59,2.305555555555556,True
2025-10-07 13:00:00,18.8,57,2.111111111111111,True
2025-10-07 14:00:00,18.8,52,0.6666666666666666,True
2025-10-07 15:00:00,18.5,55,0.5277777777777778,True
2025-10-07 16:00:00,16.5,72,0.6944444444444444,True
2025-10-07 17:00:00,14.6,74,0.5277777777777778,True
2025-10-07 18:00:00,15.3,65,0.8333333333333333,True
2025-10-07 19:00:00,13.9,69,0.9444444444444444,True
2025-10-07 20:00:00,12.5,75,1.3611111111111112,True
2025-10-07 21:00:00,10.5,81,2.1944444444444446,True
2025-10-07 22:00:00,10.9,78,3.4722222222222223,True
2025-10-07 23:00:00,11.1,77,4.111111111111112,True
2025-10-08 00:00:00,10.1,79,2.75,True
2025-10-08 01:00:00,10.9,75,2.8055555555555554,True
2025-10-08 02:00:00,10.6,77,3.0,True
2025-10-08 03:00:00,10.1,79,3.222222222222222,True
2025-10-08 04:00:00,9.9,80,3.416666666666667,True
2025-10-08 05:00:00,10.0,79,3.416666666666667,True
2025-10-08 06:00:00,10.8,77,3.2777777777777777,True
2025-10-08 07:00:00,13.6,73,2.861111111111111,True
2025-10-08 08:00:00,17.3,66,1.75,True
2025-10-08 09:00:00,19.0,55,0.3333333333333333,True
2025-10-08 10:00:00,19.5,52,1.472222222222222,True
2025-10-08 11:00:00,19.5,52,2.2222222222222223,True
2025-10-08 12:00:00,19.9,48,2.388888888888889,True
2025-10-08 13:00:00,19.5,49,2.5555555555555554,True
2025-10-08 14:00:00,19.2,51,1.25,True
2025-10-08 15:00:00,18.6,57,0.888888888888889,True
2025-10-08 16:00:00,17.1,72,0.5555555555555556,True
2025-10-08 17:00:00,15.9,71,0.5555555555555556,True
2025-10-08 18:00:00,15.1,73,0.7777777777777777,True
2025-10-08 19:00:00,14.7,68,1.1111111111111112,True
2025-10-08 20:00:00,13.7,73,1.3611111111111112,True
2025-10-08 21:00:00,12.4,80,1.9444444444444444,True
2025-10-08 22:00:00,12.0,82,2.055555555555556,True
2025-10-08 23:00:00,11.8,82,2.25,True
2025-10-09 00:00:00,10.8,85,2.0277777777777777,True
2025-10-09 01:00:00,10.6,83,2.1666666666666665,True
2025-10-09 02:00:00,10.6,81,2.138888888888889,True
2025-10-09 03:00:00,10.8,80,2.1944444444444446,True
2025-10-09 04:00:00,11.4,80,2.1944444444444446,True
2025-10-09 05:00:00,11.8,80,2.1666666666666665,True
2025-10-09 06:00:00,12.0,80,1.9166666666666667,True
2025-10-09 07:00:00,14.4,77,2.138888888888889,True
2025-10-09 08:00:00,17.1,68,1.0833333333333333,True
2025-10-09 09:00:00,18.5,61,0.22222222222222224,True
2025-10-09 10:00:00,19.1,61,1.1111111111111112,True
2025-10-09 11:00:00,19.2,64,1.9166666666666667,True
2025-10-09 12:00:00,19.7,65,2.1666666666666665,True
2025-10-09 13:00:00,19.3,67,2.361111111111111,True
2025-10-09 14:00:00,18.9,69,1.9166666666666667,True
2025-10-09 15:00:00,18.1,76,0.9722222222222222,True
2025-10-09 16:00:00,16.8,89,0.8333333333333333,True
2025-10-09 17:00:00,16.0,91,0.6666666666666666,True
2025-10-09 18:00:00,16.2,88,0.4722222222222222,True
2025-10-09 19:00:00,16.2,86,1.0555555555555556,True
2025-10-09 20:00:00,15.0,88,1.4444444444444444,True
2025-10-09 21:00:00,13.7,90,2.388888888888889,True
2025-10-09 22:00:00,13.5,90,3.083333333333333,True
2025-10-09 23:00:00,13.4,90,3.555555555555556,True
2025-10-10 00:00:00,13.3,90,3.1666666666666665,True
2025-10-10 01:00:00,12.9,91,3.7222222222222223,True
2025-10-10 02:00:00,13.0,91,3.861111111111111,True
2025-10-10 03:00:00,13.1,90,4.138888888888889,True
2025-10-10 04:00:00,13.2,91,4.5,True
2025-10-10 05:00:00,13.2,91,4.416666666666667,True
2025-10-10 06:00:00,14.1,89,4.833333333333333,True
2025-10-10 07:00:00,15.7,86,4.861111111111111,True
2025-10-10 08:00:00,17.2,81,3.944444444444444,True
2025-10-10 09:00:00,19.1,73,3.888888888888889,True
2025-10-10 10:00:00,20.9,65,3.2777777777777777,True
2025-10-10 11:00:00,22.1,59,1.75,True
2025-10-10 12:00:00,23.0,50,0.16666666666666666,True
2025-10-10 13:00:00,22.7,52,1.3333333333333333,True
2025-10-10 14:00:00,21.6,59,2.2777777777777777,True
2025-10-10 15:00:00,20.3,67,1.6944444444444442,True
2025-10-10 16:00:00,18.4,81,0.1388888888888889,True
2025-10-10 17:00:00,16.9,82,0.3055555555555556,True
2025-10-10 18:00:00,16.7,80,0.75,True
2025-10-10 19:00:00,16.1,79,0.9444444444444444,True
2025-10-10 20:00:00,15.5,80,1.2777777777777777,True
2025-10-10 21:00:00,13.7,87,2.138888888888889,True
2025-10-10 22:00:00,13.8,86,3.083333333333333,True
2025-10-10 23:00:00,13.7,87,3.861111111111111,True
2025-10-11 00:00:00,13.9,83,3.7222222222222223,True
2025-10-11 01:00:00,14.4,82,3.75,True
2025-10-11 02:00:00,14.9,80,4.111111111111112,True
2025-10-11 03:00:00,15.0,80,4.444444444444445,True
2025-10-11 04:00:00,14.2,82,4.166666666666667,True
2025-10-11 05:00:00,13.5,85,4.083333333333333,True
2025-10-11 06:00:00,12.8,86,4.166666666666667,True
2025-10-11 07:00:00,14.8,81,3.7777777777777777,True
2025-10-11 08:00:00,17.2,75,3.416666666666667,True
2025-10-11 09:00:00,19.2,69,2.694444444444444,True
2025-10-11 10:00:00,20.9,61,2.138888888888889,True
2025-10-11 11:00:00,21.8,55,1.1666666666666667,True
2025-10-11 12:00:00,22.3,53,1.611111111111111,True
2025-10-11 13:00:00,21.8,56,2.388888888888889,True
2025-10-11 14:00:00,20.6,69,2.5833333333333335,True
2025-10-11 15:00:00,19.7,78,1.0833333333333333,True
2025-10-11 16:00:00,18.0,86,0.16666666666666666,True
2025-10-11 17:00:00,16.5,87,0.41666666666666663,True
2025-10-11 18:00:00,16.2,86,0.3611111111111111,True
2025-10-11 19:00:00,15.1,86,0.6388888888888888,True
2025-10-11 20:00:00,14.6,85,1.25,True
2025-10-11 21:00:00,13.4,85,2.361111111111111,True
2025-10-11 22:00:00,13.4,84,3.2499999999999996,True
2025-10-11 23:00:00,13.3,85,3.6666666666666665,True
2025-10-12 00:00:00,13.1,85,3.2499999999999996,True
2025-10-12 01:00:00,13.4,82,3.2499999999999996,True
2025-10-12 02:00:00,13.4,81,3.3611111111111107,True
2025-10-12 03:00:00,13.1,81,3.5833333333333335,True
2025-10-12 04:00:00,12.8,81,3.8055555555555554,True
2025-10-12 05:00:00,12.5,82,3.944444444444444,True
2025-10-12 06:00:00,12.7,81,3.9166666666666665,True
2025-10-12 07:00:00,14.9,72,4.5,True
2025-10-12 08:00:00,16.8,69,3.888888888888889,True
2025-10-12 09:00:00,18.4,64,3.611111111111111,True
2025-10-12 10:00:00,19.9,58,2.305555555555556,True
2025-10-12 11:00:00,20.5,56,0.8611111111111112,True
2025-10-12 12:00:00,20.7,57,1.5555555555555554,True
2025-10-12 13:00:00,20.2,63,2.361111111111111,True
2025-10-12 14:00:00,19.5,68,2.6666666666666665,True
2025-10-12 15:00:00,18.5,69,2.1944444444444446,True
2025-10-12 16:00:00,16.9,77,0.22222222222222224,True
2025-10-12 17:00:00,15.4,79,0.6111111111111112,True
2025-10-12 18:00:00,15.2,79,0.75,True
2025-10-12 19:00:00,14.6,81,1.1666666666666667,True
2025-10-12 20:00:00,13.3,84,1.8611111111111112,True
2025-10-12 21:00:00,12.2,84,2.4444444444444446,True
2025-10-12 22:00:00,12.5,80,2.972222222222222,True
2025-10-12 23:00:00,12.1,82,3.194444444444444,True
2025-10-13 00:00:00,11.9,81,3.138888888888889,True
2025-10-13 01:00:00,11.7,84,3.611111111111111,True
2025-10-13 02:00:00,12.2,81,3.6666666666666665,True
2025-10-13 03:00:00,12.7,79,4.222222222222222,True
2025-10-13 04:00:00,12.9,77,4.888888888888889,True
2025-10-13 05:00:00,12.7,77,5.111111111111111,True
2025-10-13 06:00:00,12.6,78,4.805555555555555,True
2025-10-13 07:00:00,14.2,74,5.083333333333333,True
2025-10-13 08:00:00,16.2,69,5.388888888888888,True
2025-10-13 09:00:00,17.7,63,5.666666666666666,True
2025-10-13 10:00:00,18.6,59,5.472222222222222,True
2025-10-13 11:00:00,19.8,55,5.027777777777778,True
2025-10-13 12:00:00,20.7,52,4.305555555555555,True
2025-10-13 13:00:00,21.1,50,4.25,True
2025-10-13 14:00:00,20.8,49,4.833333333333333,True
2025-10-13 15:00:00,19.7,53,5.222222222222222,True
2025-10-13 16:00:00,18.3,56,5.277777777777778,True
2025-10-13 17:00:00,16.8,61,4.472222222222222,True
2025-10-13 18:00:00,15.6,66,3.5277777777777777,True
2025-10-13 19:00:00,15.0,69,3.3888888888888884,True
2025-10-13 20:00:00,14.7,70,3.6666666666666665,True
2025-10-13 21:00:00,14.4,71,3.638888888888889,True
2025-10-13 22:00:00,14.1,72,3.638888888888889,True
2025-10-13 23:00:00,14.0,72,3.555555555555556,True
2025-10-14 00:00:00,13.1,74,3.611111111111111,True
2025-10-14 01:00:00,13.2,74,3.6944444444444446,True
2025-10-14 02:00:00,13.2,74,3.9722222222222223,True
2025-10-14 03:00:00,13.0,74,3.9166666666666665,True
2025-10-14 04:00:00,13.0,73,3.944444444444444,True
2025-10-14 05:00:00,12.9,74,4.305555555555555,True
2025-10-14 06:00:00,13.1,74,4.611111111111112,True
2025-10-14 07:00:00,14.7,70,4.916666666666666,True
2025-10-14 08:00:00,16.4,66,4.638888888888888,True
2025-10-14 09:00:00,17.8,61,4.5,True
2025-10-14 10:00:00,19.0,56,3.9722222222222223,True
2025-10-14 11:00:00,20.0,52,3.0555555555555554,True
2025-10-14 12:00:00,20.7,49,1.6388888888888888,True
2025-10-14 13:00:00,20.8,48,1.6944444444444442,True
2025-10-14 14:00:00,20.6,48,0.888888888888889,True
2025-10-14 15:00:00,20.0,52,0.11111111111111112,True
2025-10-14 16:00:00,17.8,66,0.05555555555555556,True
2025-10-14 17:00:00,16.2,69,0.11111111111111112,True
2025-10-14 18:00:00,14.3,71,0.6388888888888888,True
2025-10-14 19:00:00,12.7,74,1.8333333333333333,True
2025-10-14 20:00:00,12.1,76,2.9166666666666665,True
2025-10-14 21:00:00,12.2,77,3.222222222222222,True
2025-10-14 22:00:00,11.9,79,3.3888888888888884,True
2025-10-14 23:00:00,11.8,79,3.611111111111111,True
2025-10-15 00:00:00,11.3,79,3.638888888888889,True
2025-10-15 01:00:00,11.5,77,3.9166666666666665,True
2025-10-15 02:00:00,11.9,74,4.111111111111112,True
2025-10-15 03:00:00,12.2,72,4.472222222222222,True
2025-10-15 04:00:00,12.5,69,4.694444444444444,True
2025-10-15 05:00:00,12.6,68,4.944444444444445,True
2025-10-15 06:00:00,12.5,70,4.666666666666667,True
2025-10-15 07:00:00,13.9,67,4.944444444444445,True
2025-10-15 08:00:00,15.7,64,5.194444444444444,True
2025-10-15 09:00:00,17.1,57,5.361111111111112,True
2025-10-15 10:00:00,18.2,53,4.75,True
2025-10-15 11:00:00,19.0,51,4.444444444444445,True
2025-10-15 12:00:00,19.9,47,3.8333333333333335,True
2025-10-15 13:00:00,20.1,45,4.166666666666667,True
2025-10-15 14:00:00,19.8,45,4.416666666666667,True
2025-10-15 15:00:00,18.8,50,4.527777777777778,True
2025-10-15 16:00:00,17.2,53,4.333333333333333,True
2025-10-15 17:00:00,15.9,56,4.361111111111111,True
2025-10-15 18:00:00,15.3,59,4.111111111111112,True
2025-10-15 19:00:00,14.3,63,4.277777777777778,True
2025-10-15 20:00:00,13.8,65,4.583333333333333,True
2025-10-15 21:00:00,13.8,65,5.472222222222222,True
2025-10-15 22:00:00,13.6,65,5.666666666666666,True
2025-10-15 23:00:00,13.2,67,5.472222222222222,True
2025-10-16 00:00:00,12.8,68,5.083333333333333,True
2025-10-16 01:00:00,12.6,68,5.416666666666667,True
2025-10-16 02:00:00,12.4,68,5.388888888888888,True
2025-10-16 03:00:00,12.4,68,5.555555555555555,True
2025-10-16 04:00:00,12.1,69,5.472222222222222,True
2025-10-16 05:00:00,11.8,70,5.583333333333334,True
2025-10-16 06:00:00,11.9,70,6.027777777777778,True
2025-10-16 07:00:00,13.1,68,6.416666666666667,True
2025-10-16 08:00:00,14.3,65,6.444444444444444,True
2025-10-16 09:00:00,15.4,61,6.472222222222222,True
2025-10-16 10:00:00,16.7,54,6.472222222222222,True
2025-10-16 11:00:00,17.7,49,6.055555555555555,True
2025-10-16 12:00:00,18.4,47,5.277777777777778,True
2025-10-16 13:00:00,18.4,46,5.222222222222222,True
2025-10-16 14:00:00,18.1,46,5.166666666666667,True
2025-10-16 15:00:00,17.3,50,5.111111111111111,True
2025-10-16 16:00:00,16.0,53,5.416666666666667,True
2025-10-16 17:00:00,14.9,56,5.777777777777778,True
2025-10-16 18:00:00,14.2,59,5.833333333333333,True
2025-10-16 19:00:00,13.5,63,5.638888888888889,True
2025-10-16 20:00:00,13.1,64,5.666666666666666,True
2025-10-16 21:00:00,13.1,64,5.888888888888888,True
2025-10-16 22:00:00,12.9,65,5.888888888888888,True
2025-10-16 23:00:00,12.6,67,5.888888888888888,True
2025-10-17 00:00:00,12.6,65,6.416666666666667,True
2025-10-17 01:00:00,12.1,66,6.638888888888888,True
2025-10-17 02:00:00,12.1,65,6.944444444444445,True
2025-10-17 03:00:00,12.2,64,7.0,True
2025-10-17 04:00:00,12.1,64,7.222222222222222,True
2025-10-17 05:00:00,12.1,63,7.305555555555555,True
2025-10-17 06:00:00,11.9,65,7.25,True
2025-10-17 07:00:00,12.7,64,7.138888888888888,True
2025-10-17 08:00:00,13.9,62,7.25,True
2025-10-17 09:00:00,15.1,57,7.583333333333333,True
2025-10-17 10:00:00,16.1,54,7.305555555555555,True
2025-10-17 11:00:00,17.0,50,6.833333333333334,True
2025-10-17 12:00:00,17.7,49,6.194444444444445,True
2025-10-17 13:00:00,17.9,48,6.111111111111111,True
2025-10-17 14:00:00,17.5,49,5.944444444444444,True
2025-10-17 15:00:00,16.8,51,5.888888888888888,True
2025-10-17 16:00:00,15.8,53,5.833333333333333,True
2025-10-17 17:00:00,14.9,55,6.055555555555555,True
2025-10-17 18:00:00,14.5,56,5.916666666666667,True
2025-10-17 19:00:00,13.7,59,5.722222222222222,True
2025-10-17 20:00:00,13.2,61,5.694444444444445,True
2025-10-17 21:00:00,13.1,61,5.805555555555555,True
2025-10-17 22:00:00,13.1,62,5.944444444444444,True
2025-10-17 23:00:00,13.0,64,5.694444444444445,True
2025-10-18 00:00:00,12.5,65,5.083333333333333,True
2025-10-18 01:00:00,11.6,69,4.777777777777778,True
2025-10-18 02:00:00,11.3,70,4.555555555555555,True
2025-10-18 03:00:00,11.1,70,4.472222222222222,True
2025-10-18 04:00:00,10.9,71,4.361111111111111,True
2025-10-18 05:00:00,10.8,71,4.027777777777778,True
2025-10-18 06:00:00,10.4,72,4.027777777777778,True
2025-10-18 07:00:00,11.8,70,4.277777777777778,True
2025-10-18 08:00:00,14.3,63,4.222222222222222,True
2025-10-18 09:00:00,16.2,55,4.805555555555555,True
2025-10-18 10:00:00,17.2,49,5.0,True
2025-10-18 11:00:00,18.0,47,4.555555555555555,True
2025-10-18 12:00:00,19.0,43,4.111111111111112,True
2025-10-18 13:00:00,18.9,42,4.555555555555555,True
2025-10-18 14:00:00,18.5,41,4.777777777777778,True
2025-10-18 15:00:00,17.4,46,4.361111111111111,True
2025-10-18 16:00:00,15.9,49,3.9722222222222223,True
2025-10-18 17:00:00,14.5,53,3.8055555555555554,True
2025-10-18 18:00:00,13.2,58,3.861111111111111,True
2025-10-18 19:00:00,12.4,60,3.8055555555555554,True
2025-10-18 20:00:00,11.7,63,3.75,True
2025-10-18 21:00:00,11.2,64,3.944444444444444,True
2025-10-18 22:00:00,11.6,63,5.055555555555555,True
2025-10-18 23:00:00,11.4,67,6.166666666666666,True
2025-10-19 00:00:00,11.1,69,6.638888888888888,True
2025-10-19 01:00:00,10.9,68,6.638888888888888,True
2025-10-19 02:00:00,10.6,66,6.972222222222222,True
2025-10-19 03:00:00,10.3,65,6.916666666666666,True
2025-10-19 04:00:00,9.9,65,6.916666666666666,True
2025-10-19 05:00:00,9.6,65,6.416666666666667,True
2025-10-19 06:00:00,9.6,65,5.916666666666667,True
2025-10-19 07:00:00,10.6,63,5.555555555555555,True
2025-10-19 08:00:00,12.4,58,5.777777777777778,True
2025-10-19 09:00:00,13.9,53,5.0,True
2025-10-19 10:00:00,15.3,50,4.083333333333333,True
2025-10-19 11:00:00,16.5,47,2.5833333333333335,True
2025-10-19 12:00:00,16.7,47,0.75,True
2025-10-19 13:00:00,16.8,48,0.9722222222222222,True
2025-10-19 14:00:00,16.6,49,0.9722222222222222,True
2025-10-19 15:00:00,16.0,57,0.8611111111111112,True
2025-10-19 16:00:00,14.4,64,0.41666666666666663,True
2025-10-19 17:00:00,13.2,67,0.4722222222222222,True
2025-10-19 18:00:00,11.5,72,1.027777777777778,True
2025-10-19 19:00:00,10.7,73,1.8333333333333333,True
2025-10-19 20:00:00,10.3,74,2.111111111111111,True
2025-10-19 21:00:00,10.2,73,2.1666666666666665,True
2025-10-19 22:00:00,9.9,74,1.9166666666666667,True
2025-10-19 23:00:00,10.1,73,1.8055555555555556,True
2025-10-20 00:00:00,10.6,70,1.8333333333333333,True
2025-10-20 01:00:00,10.5,71,1.777777777777778,True
2025-10-20 02:00:00,10.5,71,1.8611111111111112,True
2025-10-20 03:00:00,10.2,72,2.055555555555556,True
2025-10-20 04:00:00,10.4,71,2.1666666666666665,True
2025-10-20 05:00:00,10.8,70,2.361111111111111,True
2025-10-20 06:00:00,10.5,73,2.2222222222222223,True
2025-10-20 07:00:00,12.9,68,2.361111111111111,True
2025-10-20 08:00:00,14.3,67,1.5555555555555554,True
2025-10-20 09:00:00,14.6,72,1.3611111111111112,True
2025-10-20 10:00:00,14.9,74,1.1388888888888888,True
2025-10-20 11:00:00,15.1,76,0.5,True
2025-10-20 12:00:00,14.5,88,1.7222222222222223,True
2025-10-20 13:00:00,14.3,92,0.6111111111111112,True
2025-10-20 14:00:00,14.6,93,1.8611111111111112,True
2025-10-20 15:00:00,15.2,90,1.0833333333333333,True
2025-10-20 16:00:00,14.6,90,0.5555555555555556,True
2025-10-20 17:00:00,14.3,92,1.25,True
2025-10-20 18:00:00,15.2,84,1.8333333333333333,True
2025-10-20 19:00:00,14.5,92,1.3333333333333333,True
2025-10-20 20:00:00,14.8,85,0.4444444444444445,True
2025-10-20 21:00:00,14.1,91,1.4444444444444444,True
2025-10-20 22:00:00,14.6,89,2.75,True
2025-10-20 23:00:00,13.7,96,2.5555555555555554,True
2025-10-21 00:00:00,14.2,95,2.361111111111111,True
2025-10-21 01:00:00,14.9,92,2.8055555555555554,True
2025-10-21 02:00:00,14.4,95,1.6666666666666665,True
2025-10-21 03:00:00,14.5,95,2.3333333333333335,True
2025-10-21 04:00:00,14.1,94,2.1944444444444446,True
2025-10-21 05:00:00,14.1,95,2.1666666666666665,True
2025-10-21 06:00:00,14.4,96,3.416666666666667,True
2025-10-21 07:00:00,15.0,95,4.083333333333333,True
2025-10-21 08:00:00,15.5,96,5.138888888888888,True
2025-10-21 09:00:00,15.3,97,4.75,True
2025-10-21 10:00:00,15.8,96,3.0555555555555554,True
2025-10-21 11:00:00,16.1,95,3.0277777777777777,True
2025-10-21 12:00:00,15.7,93,5.638888888888889,True
2025-10-21 13:00:00,15.5,96,5.083333333333333,True
2025-10-21 14:00:00,15.3,95,4.861111111111111,True
2025-10-21 15:00:00,15.3,96,4.166666666666667,True
2025-10-21 16:00:00,15.3,96,3.5833333333333335,True
2025-10-21 17:00:00,15.1,96,3.0277777777777777,True
2025-10-21 18:00:00,15.6,91,2.2777777777777777,True
2025-10-21 19:00:00,15.0,95,1.3611111111111112,True
2025-10-21 20:00:00,14.8,96,3.3055555555555554,True
2025-10-21 21:00:00,15.1,97,4.555555555555555,True
2025-10-21 22:00:00,15.1,94,3.9166666666666665,True
2025-10-21 23:00:00,14.8,94,3.222222222222222,True
2025-10-22 00:00:00,15.5,96,3.944444444444444,True
2025-10-22 01:00:00,15.5,91,3.611111111111111,True
2025-10-22 02:00:00,14.9,96,2.861111111111111,True
2025-10-22 03:00:00,15.2,95,2.833333333333333,True
2025-10-22 04:00:00,14.8,97,2.75,True
2025-10-22 05:00:00,14.8,96,2.7222222222222223,True
2025-10-22 06:00:00,15.1,92,1.7222222222222223,True
2025-10-22 07:00:00,15.3,92,2.111111111111111,True
2025-10-22 08:00:00,15.7,91,2.4444444444444446,True
2025-10-22 09:00:00,16.3,86,3.2777777777777777,True
2025-10-22 10:00:00,16.9,84,3.3888888888888884,True
2025-10-22 11:00:00,17.3,80,2.9166666666666665,True
2025-10-22 12:00:00,16.0,88,1.9166666666666667,True
2025-10-22 13:00:00,16.3,89,2.0,True
2025-10-22 14:00:00,15.9,97,1.027777777777778,True
2025-10-22 15:00:00,15.9,98,0.41666666666666663,True
2025-10-22 16:00:00,15.8,93,0.11111111111111112,True
2025-10-22 17:00:00,15.4,95,0.6111111111111112,True
2025-10-22 18:00:00,16.2,90,0.25,True
2025-10-22 19:00:00,16.2,91,0.1388888888888889,True
2025-10-22 20:00:00,15.9,92,0.6111111111111112,True
2025-10-22 21:00:00,15.9,92,0.3333333333333333,True
2025-10-22 22:00:00,15.9,92,0.25,True
2025-10-22 23:00:00,15.4,94,0.7222222222222222,True
2025-10-23 00:00:00,15.3,94,0.75,True
2025-10-23 01:00:00,15.3,95,0.8611111111111112,True
2025-10-23 02:00:00,15.5,97,1.5833333333333333,True
2025-10-23 03:00:00,15.5,95,0.8055555555555555,True
2025-10-23 04:00:00,15.7,97,1.6944444444444442,True
2025-10-23 05:00:00,16.0,98,3.7222222222222223,True
2025-10-23 06:00:00,15.8,97,2.638888888888889,True
2025-10-23 07:00:00,16.2,98,3.4722222222222223,True
2025-10-23 08:00:00,16.3,98,4.388888888888889,True
2025-10-23 09:00:00,16.6,98,2.9166666666666665,True
2025-10-23 10:00:00,16.9,98,3.888888888888889,True
2025-10-23 11:00:00,17.3,94,6.25,True
2025-10-23 12:00:00,17.6,93,7.027777777777778,True
2025-10-23 13:00:00,17.5,96,7.25,True
2025-10-23 14:00:00,17.6,96,5.944444444444444,True
2025-10-23 15:00:00,17.4,95,8.027777777777777,True
2025-10-23 16:00:00,16.8,95,8.416666666666666,True
2025-10-23 17:00:00,16.7,95,8.805555555555555,True
2025-10-23 18:00:00,16.8,92,5.75,True
2025-10-23 19:00:00,16.0,95,2.5833333333333335,True
2025-10-23 20:00:00,15.4,96,2.694444444444444,True
2025-10-23 21:00:00,14.9,97,2.0,True
2025-10-23 22:00:00,11.4,92,3.6666666666666665,True
2025-10-23 23:00:00,10.3,93,5.333333333333333,True
2025-10-24 00:00:00,10.8,93,5.055555555555555,True
2025-10-24 01:00:00,11.2,82,5.416666666666667,True
2025-10-24 02:00:00,10.8,80,3.5833333333333335,True
2025-10-24 03:00:00,9.9,81,3.2777777777777777,True
2025-10-24 04:00:00,9.0,84,1.8055555555555556,True
2025-10-24 05:00:00,7.9,87,1.1666666666666667,True
2025-10-24 06:00:00,10.0,78,3.4444444444444446,True
2025-10-24 07:00:00,12.1,71,2.055555555555556,True
2025-10-24 08:00:00,14.8,62,1.7222222222222223,True
2025-10-24 09:00:00,15.5,62,1.3055555555555556,True
2025-10-24 10:00:00,16.3,62,1.972222222222222,True
2025-10-24 11:00:00,16.2,64,3.944444444444444,True
2025-10-24 12:00:00,16.9,63,2.3333333333333335,True
2025-10-24 13:00:00,16.7,62,3.888888888888889,True
2025-10-24 14:00:00,16.8,64,2.25,True
2025-10-24 15:00:00,16.0,72,1.8333333333333333,True
2025-10-24 16:00:00,14.0,83,1.4166666666666665,True
2025-10-24 17:00:00,13.3,83,0.9722222222222222,True
2025-10-24 18:00:00,13.3,83,1.8888888888888888,True
2025-10-24 19:00:00,11.7,84,2.611111111111111,True
2025-10-24 20:00:00,11.4,81,3.861111111111111,True
2025-10-24 21:00:00,11.7,75,4.388888888888889,True
2025-10-24 22:00:00,11.6,73,4.305555555555555,True
2025-10-24 23:00:00,11.7,76,5.472222222222222,True
2025-10-25 00:00:00,11.1,76,4.138888888888889,True
2025-10-25 01:00:00,10.5,75,4.861111111111111,True
2025-10-25 02:00:00,10.0,69,5.777777777777778,True
2025-10-25 03:00:00,9.9,72,5.444444444444445,True
2025-10-25 04:00:00,9.8,75,5.249999999999999,True
2025-10-25 05:00:00,9.6,78,4.388888888888889,True
2025-10-25 06:00:00,9.6,83,3.888888888888889,True
2025-10-25 07:00:00,11.4,80,3.4722222222222223,True
2025-10-25 08:00:00,14.2,74,1.8611111111111112,True
2025-10-25 09:00:00,16.1,71,0.75,True
2025-10-25 10:00:00,17.2,72,1.6666666666666665,True
2025-10-25 11:00:00,17.1,73,4.027777777777778,True
2025-10-25 12:00:00,15.2,81,1.2222222222222223,True
2025-10-25 13:00:00,14.1,92,1.2222222222222223,True
2025-10-25 14:00:00,13.7,84,2.75,True
2025-10-25 15:00:00,14.0,92,2.2222222222222223,True
2025-10-25 16:00:00,13.5,92,1.1388888888888888,True
2025-10-25 17:00:00,13.2,98,1.1111111111111112,True
2025-10-25 18:00:00,12.4,91,2.4166666666666665,True
2025-10-25 19:00:00,13.3,91,3.138888888888889,True
2025-10-25 20:00:00,13.5,90,1.9166666666666667,True
2025-10-25 21:00:00,13.3,86,1.0555555555555556,True
2025-10-25 22:00:00,12.4,93,3.1666666666666665,True
2025-10-25 23:00:00,12.5,86,3.194444444444444,True
2025-10-26 00:00:00,12.2,87,4.111111111111112,True
2025-10-26 01:00:00,12.3,88,3.5277777777777777,True
2025-10-26 02:00:00,12.2,95,2.7222222222222223,True
2025-10-26 03:00:00,12.2,95,1.9444444444444444,True
2025-10-26 04:00:00,12.2,95,1.6388888888888888,True
2025-10-26 05:00:00,12.0,95,1.3333333333333333,True
2025-10-26 06:00:00,12.2,89,2.5,True
2025-10-26 07:00:00,12.4,90,2.388888888888889,True
2025-10-26 08:00:00,13.2,92,2.1944444444444446,True
2025-10-26 09:00:00,13.8,93,2.2777777777777777,True
2025-10-26 10:00:00,14.4,87,3.6666666666666665,True
2025-10-26 11:00:00,15.3,69,4.555555555555555,True
2025-10-26 12:00:00,17.5,67,1.3888888888888888,True
2025-10-26 13:00:00,18.0,63,2.0833333333333335,True
2025-10-26 14:00:00,16.0,67,3.2499999999999996,True
2025-10-26 15:00:00,15.3,72,3.1111111111111107,True
2025-10-26 16:00:00,13.5,83,0.5555555555555556,True
2025-10-26 17:00:00,13.2,86,3.0555555555555554,True
2025-10-26 18:00:00,12.5,75,4.75,True
2025-10-26 19:00:00,12.3,65,5.0,True
2025-10-26 20:00:00,12.0,62,6.583333333333333,True
2025-10-26 21:00:00,11.6,61,5.333333333333333,True
2025-10-26 22:00:00,11.3,61,4.944444444444445,True
2025-10-26 23:00:00,11.1,61,4.361111111111111,True
2025-10-27 00:00:00,10.8,63,3.6666666666666665,True
2025-10-27 01:00:00,10.8,62,3.5,True
2025-10-27 02:00:00,9.9,66,2.861111111111111,True
2025-10-27 03:00:00,9.2,71,2.5833333333333335,True
2025-10-27 04:00:00,8.6,76,2.638888888888889,True
2025-10-27 05:00:00,8.1,79,2.972222222222222,True
2025-10-27 06:00:00,8.0,76,4.111111111111112,True
2025-10-27 07:00:00,9.2,72,3.6666666666666665,True
2025-10-27 08:00:00,11.5,66,2.861111111111111,True
2025-10-27 09:00:00,13.6,59,1.6944444444444442,True
2025-10-27 10:00:00,14.5,57,2.25,True
2025-10-27 11:00:00,14.3,63,3.0,True
2025-10-27 12:00:00,14.3,70,3.6944444444444446,True
2025-10-27 13:00:00,14.3,73,2.944444444444444,True
2025-10-27 14:00:00,14.3,73,1.9166666666666667,True
2025-10-27 15:00:00,13.8,75,1.1666666666666667,True
2025-10-27 16:00:00,11.7,80,1.1388888888888888,True
2025-10-27 17:00:00,12.1,77,1.4444444444444444,True
2025-10-27 18:00:00,13.4,74,2.055555555555556,True
2025-10-27 19:00:00,12.2,79,1.5277777777777777,True
2025-10-27 20:00:00,11.9,74,2.305555555555556,True
2025-10-27 21:00:00,11.8,74,1.8055555555555556,True
2025-10-27 22:00:00,10.8,76,1.6666666666666665,True
2025-10-27 23:00:00,9.6,79,1.5277777777777777,True
2025-10-28 00:00:00,8.4,82,1.5277777777777777,True
2025-10-28 01:00:00,8.6,80,1.75,True
2025-10-28 02:00:00,8.8,78,1.777777777777778,True
2025-10-28 03:00:00,8.9,77,1.6944444444444442,True
2025-10-28 04:00:00,8.9,75,1.8055555555555556,True
2025-10-28 05:00:00,8.8,75,1.972222222222222,True
2025-10-28 06:00:00,7.2,79,2.4722222222222223,True
2025-10-28 07:00:00,9.7,74,2.5833333333333335,True
2025-10-28 08:00:00,13.1,70,1.8611111111111112,True
2025-10-28 09:00:00,16.0,52,1.0833333333333333,True
2025-10-28 10:00:00,15.6,56,3.5277777777777777,True
2025-10-28 11:00:00,15.6,60,2.4166666666666665,True
2025-10-28 12:00:00,15.5,65,2.861111111111111,True
2025-10-28 13:00:00,15.7,64,1.472222222222222,True
2025-10-28 14:00:00,15.6,65,0.888888888888889,True
2025-10-28 15:00:00,15.0,75,0.11111111111111112,True
2025-10-28 16:00:00,13.2,73,0.3055555555555556,True
2025-10-28 17:00:00,12.4,75,0.3611111111111111,True
2025-10-28 18:00:00,13.1,77,0.19444444444444442,True
2025-10-28 19:00:00,12.9,80,0.11111111111111112,True
2025-10-28 20:00:00,12.3,82,0.5277777777777778,True
2025-10-28 21:00:00,11.8,81,1.0833333333333333,True
2025-10-28 22:00:00,11.9,77,1.1111111111111112,True
2025-10-28 23:00:00,12.3,71,1.0555555555555556,True
2025-10-29 00:00:00,11.9,75,1.25,True
2025-10-29 01:00:00,12.5,76,1.9444444444444444,True
2025-10-29 02:00:00,12.2,81,1.611111111111111,True
2025-10-29 03:00:00,12.3,85,1.3055555555555556,True
2025-10-29 04:00:00,12.6,87,1.1666666666666667,True
2025-10-29 05:00:00,12.8,90,1.0,True
2025-10-29 06:00:00,13.1,86,0.9166666666666666,True
2025-10-29 07:00:00,14.8,89,2.2222222222222223,True
2025-10-29 08:00:00,15.9,93,3.083333333333333,True
2025-10-29 09:00:00,17.1,87,2.972222222222222,True
2025-10-29 10:00:00,17.8,78,3.944444444444444,True
2025-10-29 11:00:00,16.8,83,3.8333333333333335,True
2025-10-29 12:00:00,17.4,81,3.0,True
2025-10-29 13:00:00,15.8,84,3.6666666666666665,True
2025-10-29 14:00:00,15.7,91,2.5555555555555554,True
2025-10-29 15:00:00,15.2,92,1.6666666666666665,True
2025-10-29 16:00:00,14.2,92,0.5555555555555556,True
2025-10-29 17:00:00,14.5,90,0.19444444444444442,True
2025-10-29 18:00:00,14.7,92,1.6944444444444442,True
2025-10-29 19:00:00,14.9,88,2.888888888888889,True
2025-10-29 20:00:00,13.8,93,1.6666666666666665,True
2025-10-29 21:00:00,14.2,79,0.5,True
2025-10-29 22:00:00,13.8,88,0.7777777777777777,True
2025-10-29 23:00:00,13.9,93,1.1111111111111112,True
2025-10-30 00:00:00,14.5,95,3.2777777777777777,True
2025-10-30 01:00:00,16.0,91,6.777777777777777,True
2025-10-30 02:00:00,16.4,91,7.138888888888888,True
2025-10-30 03:00:00,16.7,87,6.638888888888888,True
2025-10-30 04:00:00,16.8,82,6.388888888888888,True
2025-10-30 05:00:00,16.5,86,5.722222222222222,True
2025-10-30 06:00:00,15.7,96,5.055555555555555,True
2025-10-30 07:00:00,15.9,96,5.416666666666667,True
2025-10-30 08:00:00,16.0,97,5.472222222222222,True
2025-10-30 09:00:00,16.0,97,4.277777777777778,True
2025-10-30 10:00:00,16.2,97,2.0,True
2025-10-30 11:00:00,16.2,98,1.4444444444444444,True
2025-10-30 12:00:00,16.8,92,4.666666666666667,True
2025-10-30 13:00:00,16.6,97,4.361111111111111,True
2025-10-30 14:00:00,16.4,98,3.0277777777777777,True
2025-10-30 15:00:00,16.5,97,1.6388888888888888,True
2025-10-30 16:00:00,16.3,94,1.2777777777777777,True
2025-10-30 17:00:00,16.2,95,1.4444444444444444,True
2025-10-30 18:00:00,16.6,92,2.5555555555555554,True
2025-10-30 19:00:00,16.4,92,0.3611111111111111,True
2025-10-30 20:00:00,16.2,93,0.5833333333333334,True
2025-10-30 21:00:00,16.2,94,1.0,True
2025-10-30 22:00:00,16.4,97,1.972222222222222,True
2025-10-30 23:00:00,16.2,97,1.3055555555555556,True
2025-10-31 00:00:00,16.3,98,1.3611111111111112,True
2025-10-31 01:00:00,16.2,96,1.25,True
2025-10-31 02:00:00,16.0,92,1.0,True
2025-10-31 03:00:00,15.8,92,1.2777777777777777,True
2025-10-31 04:00:00,15.5,93,1.4166666666666665,True
2025-10-31 05:00:00,14.9,94,1.027777777777778,True
2025-10-31 06:00:00,14.9,94,0.7777777777777777,True
2025-10-31 07:00:00,16.2,92,0.75,True
2025-10-31 08:00:00,17.2,95,0.6111111111111112,True
2025-10-31 09:00:00,18.2,88,0.5,True
2025-10-31 10:00:00,19.0,80,0.6944444444444444,True
2025-10-31 11:00:00,19.7,75,2.0277777777777777,True
2025-10-31 12:00:00,18.6,85,0.6666666666666666,True
2025-10-31 13:00:00,19.1,82,1.0,True
2025-10-31 14:00:00,18.7,83,0.888888888888889,True
2025-10-31 15:00:00,18.0,88,0.3611111111111111,True
2025-10-31 16:00:00,16.8,91,0.5833333333333334,True
2025-10-31 17:00:00,15.7,92,0.888888888888889,True
2025-10-31 18:00:00,15.9,92,0.5555555555555556,True
2025-10-31 19:00:00,16.1,94,0.5277777777777778,True
2025-10-31 20:00:00,16.1,96,0.888888888888889,True
2025-10-31 21:00:00,16.1,95,1.3333333333333333,True
2025-10-31 22:00:00,14.9,98,1.2222222222222223,True
2025-10-31 23:00:00,14.8,96,1.611111111111111,True
2025-11-01 00:00:00,13.9,98,1.0555555555555556,True
2025-11-01 01:00:00,14.8,98,1.25,True
2025-11-01 02:00:00,15.5,94,1.5,True
2025-11-01 03:00:00,15.1,96,1.0833333333333333,True
2025-11-01 04:00:00,15.5,93,0.7777777777777777,True
2025-11-01 05:00:00,15.8,92,0.5,True
2025-11-01 06:00:00,15.9,92,0.8611111111111112,True
2025-11-01 07:00:00,16.3,94,2.4166666666666665,True
2025-11-01 08:00:00,16.4,96,2.305555555555556,True
2025-11-01 09:00:00,16.5,96,2.611111111111111,True
2025-11-01 10:00:00,16.9,93,2.694444444444444,True
2025-11-01 11:00:00,16.9,94,2.7222222222222223,True
2025-11-01 12:00:00,17.6,89,3.5833333333333335,True
2025-11-01 13:00:00,17.3,87,3.3888888888888884,True
2025-11-01 14:00:00,16.9,88,2.5555555555555554,True
2025-11-01 15:00:00,16.4,94,2.3333333333333335,True
2025-11-01 16:00:00,16.0,97,1.5,True
2025-11-01 17:00:00,16.0,96,0.9166666666666666,True
2025-11-01 18:00:00,16.1,95,0.3055555555555556,True
2025-11-01 19:00:00,16.1,98,0.9444444444444444,True
2025-11-01 20:00:00,16.2,97,1.611111111111111,True
2025-11-01 21:00:00,16.1,96,2.138888888888889,True
2025-11-01 22:00:00,16.1,95,2.75,True
2025-11-01 23:00:00,16.0,95,2.9166666666666665,True
2025-11-02 00:00:00,16.1,94,3.3888888888888884,True
2025-11-02 01:00:00,16.2,93,2.861111111111111,True
2025-11-02 02:00:00,16.2,93,2.305555555555556,True
2025-11-02 03:00:00,16.1,92,2.111111111111111,True
2025-11-02 04:00:00,16.2,92,2.6666666666666665,True
2025-11-02 05:00:00,15.6,97,1.611111111111111,True
2025-11-02 06:00:00,15.3,97,0.8055555555555555,True
2025-11-02 07:00:00,15.7,98,0.4444444444444445,True
2025-11-02 08:00:00,16.1,99,2.0277777777777777,True
2025-11-02 09:00:00,16.8,99,4.194444444444445,True
2025-11-02 10:00:00,16.7,97,3.5,True
2025-11-02 11:00:00,16.9,96,3.0555555555555554,True
2025-11-02 12:00:00,17.1,92,2.4722222222222223,True
2025-11-02 13:00:00,17.9,87,1.9166666666666667,True
2025-11-02 14:00:00,18.1,88,2.0277777777777777,True
2025-11-02 15:00:00,17.7,88,3.555555555555556,True
2025-11-02 16:00:00,16.6,88,4.0,True
2025-11-02 17:00:00,15.9,95,2.0277777777777777,True
2025-11-02 18:00:00,16.1,76,1.2777777777777777,True
2025-11-02 19:00:00,15.4,97,3.6666666666666665,True
2025-11-02 20:00:00,16.6,94,5.166666666666667,True
2025-11-02 21:00:00,16.6,91,4.972222222222221,True
2025-11-02 22:00:00,16.0,94,4.444444444444445,True
2025-11-02 23:00:00,16.1,98,5.249999999999999,True
2025-11-03 00:00:00,15.4,97,5.972222222222222,True
2025-11-03 01:00:00,15.0,97,3.194444444444444,True
2025-11-03 02:00:00,14.8,98,1.3611111111111112,True
2025-11-03 03:00:00,13.1,85,4.638888888888888,True
2025-11-03 04:00:00,12.9,72,3.083333333333333,True
2025-11-03 05:00:00,12.5,79,1.5833333333333333,True
2025-11-03 06:00:00,12.3,67,3.611111111111111,True
2025-11-03 07:00:00,13.4,64,3.3888888888888884,True
2025-11-03 08:00:00,14.5,60,3.888888888888889,True
2025-11-03 09:00:00,15.8,54,4.416666666666667,True
2025-11-03 10:00:00,16.9,47,4.194444444444445,True
2025-11-03 11:00:00,17.6,44,3.3611111111111107,True
2025-11-03 12:00:00,18.7,45,1.4166666666666665,True
2025-11-03 13:00:00,18.8,44,1.6666666666666665,True
2025-11-03 14:00:00,18.2,44,2.833333333333333,True
2025-11-03 15:00:00,17.0,47,3.3611111111111107,True
2025-11-03 16:00:00,15.2,50,4.083333333333333,True
2025-11-03 17:00:00,13.6,56,3.9166666666666665,True
2025-11-03 18:00:00,11.9,67,3.2499999999999996,True
2025-11-03 19:00:00,10.9,70,3.4444444444444446,True
2025-11-03 20:00:00,10.7,69,3.944444444444444,True
2025-11-03 21:00:00,11.0,66,4.333333333333333,True
2025-11-03 22:00:00,11.3,64,4.333333333333333,True
2025-11-03 23:00:00,11.1,65,4.361111111111111,True
2025-11-04 00:00:00,10.3,68,4.083333333333333,True
2025-11-04 01:00:00,10.0,69,4.305555555555555,True
2025-11-04 02:00:00,10.3,69,4.472222222222222,True
2025-11-04 03:00:00,10.0,71,4.166666666666667,True
2025-11-04 04:00:00,9.6,73,3.8333333333333335,True
2025-11-04 05:00:00,9.1,75,3.4722222222222223,True
2025-11-04 06:00:00,8.6,76,3.9722222222222223,True
2025-11-04 07:00:00,9.9,72,4.138888888888889,True
2025-11-04 08:00:00,12.3,65,3.8055555555555554,True
2025-11-04 09:00:00,14.4,58,3.3611111111111107,True
2025-11-04 10:00:00,16.0,50,2.4166666666666665,True
2025-11-04 11:00:00,17.1,44,1.777777777777778,True
2025-11-04 12:00:00,17.8,41,1.5,True
2025-11-04 13:00:00,17.8,40,1.8611111111111112,True
2025-11-04 14:00:00,17.1,44,1.9166666666666667,True
2025-11-04 15:00:00,15.4,61,1.25,True
2025-11-04 16:00:00,12.6,66,1.1944444444444444,True
2025-11-04 17:00:00,11.3,71,1.9444444444444444,True
2025-11-04 18:00:00,9.8,78,2.4722222222222223,True
2025-11-04 19:00:00,9.5,79,2.944444444444444,True
2025-11-04 20:00:00,9.3,79,3.1666666666666665,True
2025-11-04 21:00:00,9.1,77,3.3611111111111107,True
2025-11-04 22:00:00,8.9,75,3.4444444444444446,True
2025-11-04 23:00:00,8.7,73,3.555555555555556,True
2025-11-05 00:00:00,8.2,75,3.555555555555556,True
2025-11-05 01:00:00,8.3,73,3.5833333333333335,True
2025-11-05 02:00:00,8.2,72,3.7222222222222223,True
2025-11-05 03:00:00,7.9,72,3.944444444444444,True
2025-11-05 04:00:00,7.8,71,3.9722222222222223,True
2025-11-05 05:00:00,7.7,71,3.7222222222222223,True
2025-11-05 06:00:00,7.5,73,3.888888888888889,True
2025-11-05 07:00:00,8.8,71,4.194444444444445,True
2025-11-05 08:00:00,11.8,64,3.5277777777777777,True
2025-11-05 09:00:00,14.2,58,2.833333333333333,True
2025-11-05 10:00:00,16.0,51,3.222222222222222,True
2025-11-05 11:00:00,17.3,47,3.1666666666666665,True
2025-11-05 12:00:00,18.0,46,2.7777777777777777,True
2025-11-05 13:00:00,18.0,46,2.888888888888889,True
2025-11-05 14:00:00,17.4,49,2.5277777777777777,True
2025-11-05 15:00:00,15.6,55,2.8055555555555554,True
2025-11-05 16:00:00,13.1,59,3.416666666666667,True
2025-11-05 17:00:00,11.4,63,3.638888888888889,True
2025-11-05 18:00:00,11.3,62,3.555555555555556,True
2025-11-05 19:00:00,11.1,63,3.861111111111111,True
2025-11-05 20:00:00,10.7,66,4.111111111111112,True
2025-11-05 21:00:00,10.5,67,4.416666666666667,True
2025-11-05 22:00:00,10.5,66,4.694444444444444,True
2025-11-05 23:00:00,10.4,66,4.75,True
2025-11-06 00:00:00,9.9,69,4.972222222222221,True
2025-11-06 01:00:00,9.5,71,5.138888888888888,True
2025-11-06 02:00:00,9.3,72,4.861111111111111,True
2025-11-06 03:00:00,8.9,74,4.611111111111112,True
2025-11-06 04:00:00,8.4,76,4.638888888888888,True
2025-11-06 05:00:00,7.9,78,4.638888888888888,True
2025-11-06 06:00:00,7.6,78,4.75,True
2025-11-06 07:00:00,8.7,74,4.888888888888889,True
2025-11-06 08:00:00,11.1,67,4.527777777777778,True
2025-11-06 09:00:00,13.5,63,3.861111111111111,True
2025-11-06 10:00:00,15.3,58,3.194444444444444,True
2025-11-06 11:00:00,16.7,52,3.083333333333333,True
2025-11-06 12:00:00,17.3,51,3.1111111111111107,True
2025-11-06 13:00:00,17.4,50,3.5277777777777777,True
2025-11-06 14:00:00,16.7,53,3.7222222222222223,True
2025-11-06 15:00:00,15.0,61,3.2499999999999996,True
2025-11-06 16:00:00,12.2,70,3.8055555555555554,True
2025-11-06 17:00:00,11.0,73,3.9722222222222223,True
2025-11-06 18:00:00,11.1,72,3.9166666666666665,True
2025-11-06 19:00:00,11.2,72,4.527777777777778,True
2025-11-06 20:00:00,10.9,72,4.888888888888889,True
2025-11-06 21:00:00,10.4,73,5.194444444444444,True
2025-11-06 22:00:00,10.1,73,5.305555555555556,True
2025-11-06 23:00:00,9.8,75,5.555555555555555,True
2025-11-07 00:00:00,9.7,75,6.138888888888889,True
2025-11-07 01:00:00,10.0,74,6.777777777777777,True
2025-11-07 02:00:00,10.2,74,7.0,True
2025-11-07 03:00:00,10.5,73,7.25,True
2025-11-07 04:00:00,10.6,73,7.027777777777778,True
2025-11-07 05:00:00,10.6,72,7.166666666666667,True
2025-11-07 06:00:00,10.6,72,7.777777777777778,True
2025-11-07 07:00:00,11.1,70,8.055555555555555,True
2025-11-07 08:00:00,11.7,69,7.749999999999999,True
2025-11-07 09:00:00,12.5,66,7.916666666666666,True
2025-11-07 10:00:00,13.4,63,7.555555555555555,True
2025-11-07 11:00:00,14.2,59,6.75,True
2025-11-07 12:00:00,14.4,60,6.111111111111111,True
2025-11-07 13:00:00,14.5,57,6.361111111111111,True
2025-11-07 14:00:00,14.0,58,6.722222222222221,True
2025-11-07 15:00:00,13.1,60,6.861111111111111,True
2025-11-07 16:00:00,12.0,63,7.0,True
2025-11-07 17:00:00,11.3,67,7.111111111111112,True
2025-11-07 18:00:00,11.1,72,7.5,True
2025-11-07 19:00:00,10.9,72,7.749999999999999,True
2025-11-07 20:00:00,10.9,70,7.583333333333333,True
2025-11-07 21:00:00,10.7,69,7.638888888888888,True
2025-11-07 22:00:00,10.1,68,7.25,True
2025-11-07 23:00:00,10.1,67,7.166666666666667,True
2025-11-08 00:00:00,10.2,69,7.222222222222222,True
2025-11-08 01:00:00,10.3,68,7.5,True
2025-11-08 02:00:00,10.4,68,7.472222222222221,True
2025-11-08 03:00:00,10.7,66,7.25,True
2025-11-08 04:00:00,10.8,68,6.888888888888889,True
2025-11-08 05:00:00,11.0,69,6.805555555555555,True
2025-11-08 06:00:00,10.7,69,7.416666666666666,True
2025-11-08 07:00:00,11.2,67,7.361111111111111,True
2025-11-08 08:00:00,11.8,67,6.694444444444445,True
2025-11-08 09:00:00,12.9,59,7.166666666666667,True
2025-11-08 10:00:00,13.7,55,6.527777777777778,True
2025-11-08 11:00:00,14.5,52,5.888888888888888,True
2025-11-08 12:00:00,14.2,52,5.833333333333333,True
2025-11-08 13:00:00,14.5,50,5.333333333333333,True
2025-11-08 14:00:00,14.3,50,5.055555555555555,True
2025-11-08 15:00:00,13.6,53,4.5,True
2025-11-08 16:00:00,12.3,57,4.416666666666667,True
2025-11-08 17:00:00,11.3,64,4.416666666666667,True
2025-11-08 18:00:00,11.1,68,4.527777777777778,True
2025-11-08 19:00:00,10.9,70,4.027777777777778,True
2025-11-08 20:00:00,10.2,74,3.75,True
2025-11-08 21:00:00,9.6,76,3.7777777777777777,True
2025-11-08 22:00:00,9.0,78,3.555555555555556,True
2025-11-08 23:00:00,8.6,79,3.4444444444444446,True
2025-11-09 00:00:00,7.9,79,3.416666666666667,True
2025-11-09 01:00:00,7.8,80,3.5,True
2025-11-09 02:00:00,7.7,81,3.638888888888889,True
2025-11-09 03:00:00,7.5,81,3.8055555555555554,True
2025-11-09 04:00:00,7.3,82,3.9722222222222223,True
2025-11-09 05:00:00,7.1,83,4.027777777777778,True
2025-11-09 06:00:00,6.8,81,3.888888888888889,True
2025-11-09 07:00:00,8.0,78,3.9722222222222223,True
2025-11-09 08:00:00,10.8,70,3.1111111111111107,True
2025-11-09 09:00:00,13.3,61,2.694444444444444,True
2025-11-09 10:00:00,14.9,54,2.25,True
2025-11-09 11:00:00,16.0,49,1.5,True
2025-11-09 12:00:00,15.9,51,1.8333333333333333,True
2025-11-09 13:00:00,16.2,51,1.8055555555555556,True
2025-11-09 14:00:00,15.9,53,1.8333333333333333,True
2025-11-09 15:00:00,14.4,65,1.3611111111111112,True
2025-11-09 16:00:00,11.9,72,0.5555555555555556,True
2025-11-09 17:00:00,10.0,74,1.1944444444444444,True
2025-11-09 18:00:00,9.0,76,1.5,True
2025-11-09 19:00:00,8.2,79,2.4444444444444446,True
2025-11-09 20:00:00,8.1,78,3.0,True
2025-11-09 21:00:00,8.1,77,3.222222222222222,True
2025-11-09 22:00:00,8.4,75,3.638888888888889,True
2025-11-09 23:00:00,8.8,72,3.888888888888889,True
2025-11-10 00:00:00,9.1,68,4.388888888888889,True
2025-11-10 01:00:00,9.2,67,4.722222222222222,True
2025-11-10 02:00:00,9.3,65,4.611111111111112,True
2025-11-10 03:00:00,9.4,61,4.5,True
2025-11-10 04:00:00,9.5,59,4.666666666666667,True
2025-11-10 05:00:00,9.2,59,4.694444444444444,True
2025-11-10 06:00:00,8.5,63,4.861111111111111,True
2025-11-10 07:00:00,9.6,61,5.111111111111111,True
2025-11-10 08:00:00,12.0,59,5.138888888888888,True
2025-11-10 09:00:00,14.5,52,5.138888888888888,True
2025-11-10 10:00:00,15.6,46,5.277777777777778,True
2025-11-10 11:00:00,16.1,45,5.249999999999999,True
2025-11-10 12:00:00,16.7,46,4.722222222222222,True
2025-11-10 13:00:00,16.4,47,5.111111111111111,True
2025-11-10 14:00:00,15.8,49,4.916666666666666,True
2025-11-10 15:00:00,14.3,53,4.888888888888889,True
2025-11-10 16:00:00,12.4,56,4.694444444444444,True
2025-11-10 17:00:00,11.4,60,4.194444444444445,True
2025-11-10 18:00:00,10.7,65,4.138888888888889,True
2025-11-10 19:00:00,10.1,67,4.055555555555555,True
2025-11-10 20:00:00,9.6,70,4.166666666666667,True
2025-11-10 21:00:00,9.2,72,4.305555555555555,True
2025-11-10 22:00:00,8.8,74,4.25,True
2025-11-10 23:00:00,8.3,76,4.277777777777778,True
2025-11-11 00:00:00,7.6,77,3.861111111111111,True
2025-11-11 01:00:00,7.2,78,3.75,True
2025-11-11 02:00:00,6.8,79,3.638888888888889,True
2025-11-11 03:00:00,6.6,80,3.638888888888889,True
2025-11-11 04:00:00,6.5,80,3.555555555555556,True
2025-11-11 05:00:00,7.0,77,3.3055555555555554,True
2025-11-11 06:00:00,6.6,76,2.694444444444444,True
2025-11-11 07:00:00,8.3,69,2.972222222222222,True
2025-11-11 08:00:00,11.4,64,2.0833333333333335,True
2025-11-11 09:00:00,14.7,56,0.9722222222222222,True
2025-11-11 10:00:00,16.2,46,0.3611111111111111,True
2025-11-11 11:00:00,16.6,47,1.2222222222222223,True
2025-11-11 12:00:00,17.0,49,1.5277777777777777,True
2025-11-11 13:00:00,16.7,53,1.5,True
2025-11-11 14:00:00,15.9,58,0.9722222222222222,True
2025-11-11 15:00:00,14.3,70,0.2777777777777778,True
2025-11-11 16:00:00,12.8,70,0.11111111111111112,True
2025-11-11 17:00:00,12.3,71,0.19444444444444442,True
2025-11-11 18:00:00,11.4,71,0.6111111111111112,True
2025-11-11 19:00:00,10.3,71,0.8611111111111112,True
2025-11-11 20:00:00,10.0,73,1.5,True
2025-11-11 21:00:00,9.2,76,2.1944444444444446,True
2025-11-11 22:00:00,8.5,77,2.388888888888889,True
2025-11-11 23:00:00,7.9,79,2.138888888888889,True
2025-11-12 00:00:00,7.7,76,1.8611111111111112,True
2025-11-12 01:00:00,7.9,73,2.388888888888889,True
2025-11-12 02:00:00,8.0,72,2.5,True
2025-11-12 03:00:00,7.6,74,2.4166666666666665,True
2025-11-12 04:00:00,7.4,77,2.6666666666666665,True
2025-11-12 05:00:00,8.0,77,3.0555555555555554,True
2025-11-12 06:00:00,8.3,72,2.5277777777777777,True
2025-11-12 07:00:00,8.5,74,2.1666666666666665,True
2025-11-12 08:00:00,12.2,70,1.9166666666666667,True
2025-11-12 09:00:00,13.8,72,1.6388888888888888,True
2025-11-12 10:00:00,15.3,72,2.4166666666666665,True
2025-11-12 11:00:00,15.1,80,3.333333333333333,True
2025-11-12 12:00:00,15.2,78,2.4722222222222223,True
2025-11-12 13:00:00,15.3,79,1.8611111111111112,True
2025-11-12 14:00:00,15.0,79,1.3611111111111112,True
2025-11-12 15:00:00,13.5,89,0.8055555555555555,True
2025-11-12 16:00:00,12.4,90,0.3055555555555556,True
2025-11-12 17:00:00,12.5,90,0.05555555555555556,True
2025-11-12 18:00:00,12.2,90,0.3611111111111111,True
2025-11-12 19:00:00,12.6,89,0.41666666666666663,True
2025-11-12 20:00:00,13.0,91,0.8055555555555555,True
2025-11-12 21:00:00,13.5,90,0.9166666666666666,True
2025-11-12 22:00:00,13.0,92,0.75,True
2025-11-12 23:00:00,12.9,92,0.6944444444444444,True
2025-11-13 00:00:00,12.6,93,0.9444444444444444,True
2025-11-13 01:00:00,12.5,96,1.2222222222222223,True
2025-11-13 02:00:00,12.6,96,1.25,True
2025-11-13 03:00:00,12.8,97,1.2222222222222223,True
2025-11-13 04:00:00,12.7,97,1.0555555555555556,True
2025-11-13 05:00:00,12.5,97,1.0,True
2025-11-13 06:00:00,12.7,94,0.3333333333333333,True
2025-11-13 07:00:00,12.6,97,0.8055555555555555,True
2025-11-13 08:00:00,13.6,94,1.2777777777777777,True
2025-11-13 09:00:00,14.1,93,1.8611111111111112,True
2025-11-13 10:00:00,14.2,94,2.4444444444444446,True
2025-11-13 11:00:00,14.6,92,2.5833333333333335,True
2025-11-13 12:00:00,14.8,90,2.388888888888889,True
2025-11-13 13:00:00,15.1,86,2.25,True
2025-11-13 14:00:00,15.1,86,2.111111111111111,True
2025-11-13 15:00:00,14.4,90,1.0833333333333333,True
2025-11-13 16:00:00,13.2,93,0.6666666666666666,True
2025-11-13 17:00:00,13.0,93,0.5277777777777778,True
2025-11-13 18:00:00,13.1,94,0.2777777777777778,True
2025-11-13 19:00:00,13.4,92,0.16666666666666666,True
2025-11-13 20:00:00,13.7,92,0.3611111111111111,True
2025-11-13 21:00:00,13.5,94,0.3611111111111111,True
2025-11-13 22:00:00,12.9,96,0.9166666666666666,True
2025-11-13 23:00:00,12.9,97,1.1944444444444444,True
2025-11-14 00:00:00,13.0,96,1.1388888888888888,True
2025-11-14 01:00:00,13.5,97,1.5833333333333333,True
2025-11-14 02:00:00,13.4,97,1.4166666666666665,True
2025-11-14 03:00:00,13.4,97,1.472222222222222,True
2025-11-14 04:00:00,13.4,98,1.8055555555555556,True
2025-11-14 05:00:00,13.3,98,1.75,True
2025-11-14 06:00:00,12.8,98,1.3611111111111112,True
2025-11-14 07:00:00,13.0,98,1.5277777777777777,True
2025-11-14 08:00:00,13.2,99,1.7222222222222223,True
2025-11-14 09:00:00,13.5,96,2.1944444444444446,True
2025-11-14 10:00:00,13.7,96,2.861111111111111,True
2025-11-14 11:00:00,14.0,95,3.138888888888889,True
2025-11-14 12:00:00,14.1,91,2.361111111111111,True
2025-11-14 13:00:00,14.3,87,2.5555555555555554,True
2025-11-14 14:00:00,13.9,87,1.9166666666666667,True
2025-11-14 15:00:00,13.6,89,1.3333333333333333,True
2025-11-14 16:00:00,12.9,93,0.4722222222222222,True
2025-11-14 17:00:00,13.2,93,0.8333333333333333,True
2025-11-14 18:00:00,13.6,93,1.7222222222222223,True
2025-11-14 19:00:00,13.5,96,2.4722222222222223,True
2025-11-14 20:00:00,13.1,98,2.0,True
2025-11-14 21:00:00,13.0,99,1.3333333333333333,True
2025-11-14 22:00:00,12.9,98,0.7222222222222222,True
2025-11-14 23:00:00,12.9,98,0.5,True
2025-11-15 00:00:00,13.5,98,1.6666666666666665,True
2025-11-15 01:00:00,13.5,99,1.8333333333333333,True
2025-11-15 02:00:00,13.5,99,2.361111111111111,True
2025-11-15 03:00:00,13.6,97,2.5555555555555554,True
2025-11-15 04:00:00,13.4,98,2.138888888888889,True
2025-11-15 05:00:00,13.5,97,1.8055555555555556,True
2025-11-15 06:00:00,13.7,95,0.8055555555555555,True
2025-11-15 07:00:00,13.8,97,1.3888888888888888,True
2025-11-15 08:00:00,14.2,95,2.5555555555555554,True
2025-11-15 09:00:00,14.8,93,3.0555555555555554,True
2025-11-15 10:00:00,15.8,85,3.4722222222222223,True
2025-11-15 11:00:00,16.5,80,3.9722222222222223,True
2025-11-15 12:00:00,16.4,87,3.5833333333333335,True
2025-11-15 13:00:00,16.9,81,4.416666666666667,True
2025-11-15 14:00:00,16.2,83,4.388888888888889,True
2025-11-15 15:00:00,15.0,87,4.222222222222222,True
2025-11-15 16:00:00,14.8,93,2.5,True
2025-11-15 17:00:00,15.2,91,2.861111111111111,True
2025-11-15 18:00:00,14.9,81,1.8055555555555556,True
2025-11-15 19:00:00,14.5,96,2.055555555555556,True
2025-11-15 20:00:00,14.6,97,3.5277777777777777,True
2025-11-15 21:00:00,14.7,97,3.416666666666667,True
2025-11-15 22:00:00,15.0,92,4.138888888888889,True
2025-11-15 23:00:00,14.6,97,3.3611111111111107,True
2025-11-16 00:00:00,14.7,96,4.333333333333333,True
2025-11-16 01:00:00,14.9,93,4.388888888888889,True
2025-11-16 02:00:00,14.5,95,4.416666666666667,True
2025-11-16 03:00:00,14.9,95,5.416666666666667,True
2025-11-16 04:00:00,14.3,96,4.5,True
2025-11-16 05:00:00,14.3,93,3.0,True
2025-11-16 06:00:00,14.3,92,3.2499999999999996,True
2025-11-16 07:00:00,14.5,93,4.083333333333333,True
2025-11-16 08:00:00,14.6,93,5.0,True
2025-11-16 09:00:00,14.8,90,4.111111111111112,True
2025-11-16 10:00:00,14.5,95,3.8055555555555554,True
2025-11-16 11:00:00,15.3,96,4.666666666666667,True
2025-11-16 12:00:00,15.9,89,4.0,True
2025-11-16 13:00:00,15.3,91,5.472222222222222,True
2025-11-16 14:00:00,15.1,97,5.166666666666667,True
2025-11-16 15:00:00,15.3,97,4.138888888888889,True
2025-11-16 16:00:00,15.5,94,3.944444444444444,True
2025-11-16 17:00:00,15.5,94,4.166666666666667,True
2025-11-16 18:00:00,15.5,92,4.722222222222222,True
2025-11-16 19:00:00,15.9,89,6.583333333333333,True
2025-11-16 20:00:00,16.2,86,5.861111111111112,True
2025-11-16 21:00:00,15.4,95,3.8055555555555554,True
2025-11-16 22:00:00,15.2,96,4.333333333333333,True
2025-11-16 23:00:00,15.1,96,4.583333333333333,True
2025-11-17 00:00:00,15.6,93,4.5,True
2025-11-17 01:00:00,15.2,94,5.333333333333333,True
2025-11-17 02:00:00,15.5,95,5.694444444444445,True
2025-11-17 03:00:00,15.3,97,5.388888888888888,True
2025-11-17 04:00:00,15.3,98,5.305555555555556,True
2025-11-17 05:00:00,15.3,97,4.888888888888889,True
2025-11-17 06:00:00,14.3,99,4.305555555555555,True
2025-11-17 07:00:00,14.2,98,6.166666666666666,True
2025-11-17 08:00:00,13.6,97,7.5,True
2025-11-17 09:00:00,13.7,94,5.0,True
2025-11-17 10:00:00,13.5,93,4.638888888888888,True
2025-11-17 11:00:00,13.9,83,4.583333333333333,True
2025-11-17 12:00:00,12.9,96,4.166666666666667,True
2025-11-17 13:00:00,13.1,92,3.9166666666666665,True
2025-11-17 14:00:00,13.0,93,2.972222222222222,True
2025-11-17 15:00:00,12.8,97,2.055555555555556,True
2025-11-17 16:00:00,12.6,97,0.8055555555555555,True
2025-11-17 17:00:00,12.7,95,0.2777777777777778,True
2025-11-17 18:00:00,12.5,94,3.944444444444444,True
2025-11-17 19:00:00,11.9,93,3.1111111111111107,True
2025-11-17 20:00:00,12.1,92,4.888888888888889,True
2025-11-17 21:00:00,11.9,96,3.2777777777777777,True
2025-11-17 22:00:00,10.7,93,6.0,True
2025-11-17 23:00:00,8.1,85,7.0,True
2025-11-18 00:00:00,7.4,86,9.666666666666666,True
2025-11-18 01:00:00,7.1,85,10.194444444444445,True
2025-11-18 02:00:00,6.4,82,11.277777777777779,True
2025-11-18 03:00:00,6.4,83,10.777777777777777,True
2025-11-18 04:00:00,7.4,68,10.25,True
2025-11-18 05:00:00,8.0,61,10.222222222222221,True
2025-11-18 06:00:00,7.4,60,9.88888888888889,True
2025-11-18 07:00:00,7.1,61,9.361111111111112,True
2025-11-18 08:00:00,7.0,64,7.5,True
2025-11-18 09:00:00,7.8,61,7.305555555555555,True
2025-11-18 10:00:00,8.0,59,7.861111111111111,True
2025-11-18 11:00:00,8.8,56,8.5,True
2025-11-18 12:00:00,9.5,47,8.5,True
2025-11-18 13:00:00,9.1,50,8.86111111111111,True
2025-11-18 14:00:00,8.2,56,9.027777777777777,True
2025-11-18 15:00:00,7.5,61,9.0,True
2025-11-18 16:00:00,6.6,64,9.277777777777777,True
2025-11-18 17:00:00,6.3,65,9.194444444444445,True
2025-11-18 18:00:00,6.1,65,8.444444444444445,True
2025-11-18 19:00:00,6.1,64,8.305555555555555,True
2025-11-18 20:00:00,6.0,68,8.527777777777777,True
2025-11-18 21:00:00,6.3,68,8.166666666666666,True
2025-11-18 22:00:00,6.1,69,7.944444444444445,True
2025-11-18 23:00:00,6.2,67,7.916666666666666,True
2025-11-19 00:00:00,5.9,69,7.0,True
2025-11-19 01:00:00,5.8,69,6.333333333333333,True
2025-11-19 02:00:00,5.8,70,5.944444444444444,True
2025-11-19 03:00:00,5.5,71,5.583333333333334,True
2025-11-19 04:00:00,5.2,72,5.166666666666667,True
2025-11-19 05:00:00,4.9,71,5.055555555555555,True
2025-11-19 06:00:00,4.7,70,5.249999999999999,True
2025-11-19 07:00:00,5.0,69,5.194444444444444,True
2025-11-19 08:00:00,6.4,63,4.722222222222222,True
2025-11-19 09:00:00,7.6,60,4.555555555555555,True
2025-11-19 10:00:00,8.5,56,4.111111111111112,True
2025-11-19 11:00:00,9.3,52,3.611111111111111,True
2025-11-19 12:00:00,9.4,56,2.7777777777777777,True
2025-11-19 13:00:00,9.6,54,3.0555555555555554,True
2025-11-19 14:00:00,9.1,55,3.1666666666666665,True
2025-11-19 15:00:00,7.8,59,3.6944444444444446,True
2025-11-19 16:00:00,6.1,67,3.6666666666666665,True
2025-11-19 17:00:00,5.3,71,3.611111111111111,True
2025-11-19 18:00:00,5.4,74,3.3611111111111107,True
2025-11-19 19:00:00,4.8,76,3.5,True
2025-11-19 20:00:00,4.5,76,3.5,True
2025-11-19 21:00:00,4.8,75,3.0555555555555554,True
2025-11-19 22:00:00,5.2,74,2.75,True
2025-11-19 23:00:00,6.5,72,2.2222222222222223,True
2025-11-20 00:00:00,5.9,76,1.75,True
2025-11-20 01:00:00,5.7,75,0.75,True
2025-11-20 02:00:00,6.3,79,0.6388888888888888,True
2025-11-20 03:00:00,5.9,86,1.25,True
2025-11-20 04:00:00,5.8,91,1.7222222222222223,True
2025-11-20 05:00:00,6.3,93,2.5277777777777777,True
2025-11-20 06:00:00,5.9,91,1.8611111111111112,True
2025-11-20 07:00:00,7.4,84,0.9722222222222222,True
2025-11-20 08:00:00,9.2,77,0.6111111111111112,True
2025-11-20 09:00:00,9.9,87,1.2777777777777777,True
2025-11-20 10:00:00,11.2,79,1.1111111111111112,True
2025-11-20 11:00:00,12.0,73,0.888888888888889,True
2025-11-20 12:00:00,11.9,74,1.2222222222222223,True
2025-11-20 13:00:00,11.0,76,1.5555555555555554,True
2025-11-20 14:00:00,10.6,79,0.8055555555555555,True
2025-11-20 15:00:00,10.2,81,1.6388888888888888,True
2025-11-20 16:00:00,9.3,83,2.138888888888889,True
2025-11-20 17:00:00,9.2,80,2.944444444444444,True
2025-11-20 18:00:00,9.0,79,4.527777777777778,True
2025-11-20 19:00:00,8.9,76,5.583333333333334,True
2025-11-20 20:00:00,9.1,71,7.972222222222221,True
2025-11-20 21:00:00,8.1,65,10.027777777777779,True
2025-11-20 22:00:00,7.4,68,10.277777777777777,True
2025-11-20 23:00:00,7.4,67,10.277777777777777,True
2025-11-21 00:00:00,7.1,73,9.86111111111111,True
2025-11-21 01:00:00,6.5,74,10.333333333333334,True
2025-11-21 02:00:00,6.4,70,10.416666666666666,True
2025-11-21 03:00:00,6.3,70,9.61111111111111,True
2025-11-21 04:00:00,6.1,72,9.444444444444445,True
2025-11-21 05:00:00,6.1,70,9.916666666666668,True
2025-11-21 06:00:00,5.7,73,9.805555555555555,True
2025-11-21 07:00:00,5.6,73,10.972222222222221,True
2025-11-21 08:00:00,6.1,68,10.666666666666666,True
2025-11-21 09:00:00,5.7,73,10.11111111111111,True
2025-11-21 10:00:00,5.8,72,10.472222222222223,True
2025-11-21 11:00:00,6.3,67,9.88888888888889,True
2025-11-21 12:00:00,5.5,80,7.861111111111111,True
2025-11-21 13:00:00,6.9,61,8.75,True
2025-11-21 14:00:00,6.5,62,9.75,True
2025-11-21 15:00:00,6.2,62,10.36111111111111,True
2025-11-21 16:00:00,6.2,60,10.305555555555555,True
2025-11-21 17:00:00,6.2,59,9.61111111111111,True
2025-11-21 18:00:00,6.1,61,9.833333333333332,True
2025-11-21 19:00:00,6.1,61,9.222222222222223,True
2025-11-21 20:00:00,6.2,60,8.555555555555555,True
2025-11-21 21:00:00,6.0,62,8.86111111111111,True
2025-11-21 22:00:00,5.9,63,9.63888888888889,True
2025-11-21 23:00:00,5.7,62,9.333333333333334,True
2025-11-22 00:00:00,6.0,63,9.444444444444445,True
2025-11-22 01:00:00,5.9,62,9.0,True
2025-11-22 02:00:00,5.5,60,9.027777777777777,True
2025-11-22 03:00:00,5.2,58,9.5,True
2025-11-22 04:00:00,5.0,55,10.666666666666666,True
2025-11-22 05:00:00,4.8,51,10.611111111111112,True
2025-11-22 06:00:00,5.0,54,10.472222222222223,True
2025-11-22 07:00:00,5.1,48,11.444444444444445,True
2025-11-22 08:00:00,5.1,49,9.833333333333332,True
2025-11-22 09:00:00,5.1,53,7.055555555555555,True
2025-11-22 10:00:00,5.0,52,4.916666666666666,True
2025-11-22 11:00:00,5.0,52,4.861111111111111,True
2025-11-22 12:00:00,5.6,55,5.083333333333333,True
2025-11-22 13:00:00,5.2,59,2.833333333333333,True
2025-11-22 14:00:00,4.9,60,3.9722222222222223,True
2025-11-22 15:00:00,4.5,57,5.416666666666667,True
2025-11-22 16:00:00,4.3,56,4.416666666666667,True
2025-11-22 17:00:00,4.1,57,3.944444444444444,True
2025-11-22 18:00:00,4.3,59,3.194444444444444,True
2025-11-22 19:00:00,3.8,64,3.4444444444444446,True
2025-11-22 20:00:00,3.5,64,3.555555555555556,True
2025-11-22 21:00:00,3.3,65,3.0,True
2025-11-22 22:00:00,2.6,70,2.7777777777777777,True
2025-11-22 23:00:00,2.4,68,3.083333333333333,True
2025-11-23 00:00:00,2.7,63,3.9166666666666665,True
2025-11-23 01:00:00,2.4,63,3.3611111111111107,True
2025-11-23 02:00:00,1.7,68,2.888888888888889,True
2025-11-23 03:00:00,1.2,69,3.5,True
2025-11-23 04:00:00,1.2,68,4.111111111111112,True
2025-11-23 05:00:00,1.3,67,4.25,True
2025-11-23 06:00:00,0.9,70,3.3055555555555554,True
2025-11-23 07:00:00,1.3,68,3.3888888888888884,True
2025-11-23 08:00:00,3.3,62,3.6944444444444446,True
2025-11-23 09:00:00,5.4,51,4.027777777777778,True
2025-11-23 10:00:00,6.8,42,3.1666666666666665,True
2025-11-23 11:00:00,7.7,36,1.5833333333333333,True
2025-11-23 12:00:00,7.8,40,1.0555555555555556,True
2025-11-23 13:00:00,8.1,37,1.2777777777777777,True
2025-11-23 14:00:00,7.4,40,2.0833333333333335,True
2025-11-23 15:00:00,5.2,56,1.0833333333333333,True
2025-11-23 16:00:00,3.7,55,1.0,True
2025-11-23 17:00:00,3.0,53,1.1666666666666667,True
2025-11-23 18:00:00,3.5,56,1.5555555555555554,True
2025-11-23 19:00:00,2.9,59,1.7222222222222223,True
2025-11-23 20:00:00,2.7,61,1.7222222222222223,True
2025-11-23 21:00:00,3.2,61,1.6944444444444442,True
2025-11-23 22:00:00,3.5,64,0.8611111111111112,True
2025-11-23 23:00:00,4.7,63,0.75,True
2025-11-24 00:00:00,5.1,62,1.5277777777777777,True
2025-11-24 01:00:00,5.2,69,0.5555555555555556,True
2025-11-24 02:00:00,5.9,68,0.05555555555555556,True
2025-11-24 03:00:00,6.7,70,2.1944444444444446,True
2025-11-24 04:00:00,7.8,83,3.2499999999999996,True
2025-11-24 05:00:00,6.8,95,1.1666666666666667,True
2025-11-24 06:00:00,6.2,93,0.8611111111111112,True
2025-11-24 07:00:00,6.1,93,0.9166666666666666,True
2025-11-24 08:00:00,6.3,94,1.1388888888888888,True
2025-11-24 09:00:00,6.6,94,1.4444444444444444,True
2025-11-24 10:00:00,7.2,94,1.8888888888888888,True
2025-11-24 11:00:00,8.1,93,0.22222222222222224,True
2025-11-24 12:00:00,8.5,91,0.75,True
2025-11-24 13:00:00,8.7,93,0.8055555555555555,True
2025-11-24 14:00:00,8.6,95,1.3888888888888888,True
2025-11-24 15:00:00,8.3,96,2.0,True
2025-11-24 16:00:00,8.3,97,1.5,True
2025-11-24 17:00:00,8.3,97,2.4166666666666665,True
2025-11-24 18:00:00,9.1,89,0.8055555555555555,True
2025-11-24 19:00:00,9.3,91,0.7222222222222222,True
2025-11-24 20:00:00,9.9,88,0.3611111111111111,True
2025-11-24 21:00:00,10.0,88,0.5833333333333334,True
2025-11-24 22:00:00,9.5,93,1.0833333333333333,True
2025-11-24 23:00:00,10.1,88,0.1388888888888889,True
2025-11-25 00:00:00,11.6,97,4.0,True
2025-11-25 01:00:00,11.9,96,4.972222222222221,True
2025-11-25 02:00:00,11.7,96,5.138888888888888,True
2025-11-25 03:00:00,11.4,97,4.277777777777778,True
2025-11-25 04:00:00,11.7,97,4.805555555555555,True
2025-11-25 05:00:00,11.9,95,3.611111111111111,True
2025-11-25 06:00:00,12.2,92,5.083333333333333,True
2025-11-25 07:00:00,11.1,96,4.361111111111111,True
2025-11-25 08:00:00,11.2,96,3.5833333333333335,True
2025-11-25 09:00:00,11.3,97,3.0555555555555554,True
2025-11-25 10:00:00,11.0,98,1.972222222222222,True
2025-11-25 11:00:00,10.5,100,1.0,True
2025-11-25 12:00:00,10.8,96,3.194444444444444,True
2025-11-25 13:00:00,10.2,97,3.222222222222222,True
2025-11-25 14:00:00,9.7,98,1.4444444444444444,True
2025-11-25 15:00:00,9.7,97,0.5833333333333334,True
2025-11-25 16:00:00,9.8,93,0.16666666666666666,True
2025-11-25 17:00:00,9.3,95,0.8611111111111112,True
2025-11-25 18:00:00,9.2,90,0.5555555555555556,True
2025-11-25 19:00:00,9.0,93,1.472222222222222,True
2025-11-25 20:00:00,9.6,82,1.8611111111111112,True
2025-11-25 21:00:00,8.4,81,1.777777777777778,True
2025-11-25 22:00:00,7.4,88,2.1944444444444446,True
2025-11-25 23:00:00,6.9,90,2.944444444444444,True
2025-11-26 00:00:00,7.5,90,2.111111111111111,True
2025-11-26 01:00:00,8.0,91,2.4166666666666665,True
2025-11-26 02:00:00,7.8,90,3.083333333333333,True
2025-11-26 03:00:00,7.0,91,2.611111111111111,True
2025-11-26 04:00:00,6.3,93,1.4444444444444444,True
2025-11-26 05:00:00,6.0,91,2.888888888888889,True
2025-11-26 06:00:00,6.3,89,1.8611111111111112,True
2025-11-26 07:00:00,6.1,95,3.2499999999999996,True
2025-11-26 08:00:00,6.6,89,3.222222222222222,True
2025-11-26 09:00:00,7.4,89,3.1666666666666665,True
2025-11-26 10:00:00,8.0,87,3.8333333333333335,True
2025-11-26 11:00:00,9.6,73,3.944444444444444,True
2025-11-26 12:00:00,10.3,69,4.416666666666667,True
2025-11-26 13:00:00,11.5,54,5.027777777777778,True
2025-11-26 14:00:00,11.1,53,5.305555555555556,True
2025-11-26 15:00:00,9.9,59,5.611111111111111,True
2025-11-26 16:00:00,8.7,63,6.361111111111111,True
2025-11-26 17:00:00,8.6,66,6.083333333333333,True
2025-11-26 18:00:00,9.0,64,6.75,True
2025-11-26 19:00:00,8.4,67,7.277777777777778,True
2025-11-26 20:00:00,8.4,66,7.583333333333333,True
2025-11-26 21:00:00,8.1,67,7.388888888888889,True
2025-11-26 22:00:00,7.8,67,7.027777777777778,True
2025-11-26 23:00:00,7.8,66,7.222222222222222,True
2025-11-27 00:00:00,8.2,65,7.972222222222221,True
2025-11-27 01:00:00,7.8,64,8.0,True
2025-11-27 02:00:00,7.6,63,8.88888888888889,True
2025-11-27 03:00:00,7.4,65,9.333333333333334,True
2025-11-27 04:00:00,6.9,65,8.88888888888889,True
2025-11-27 05:00:00,6.5,64,8.166666666666666,True
2025-11-27 06:00:00,6.5,64,7.722222222222222,True
2025-11-27 07:00:00,6.2,63,7.5,True
2025-11-27 08:00:00,6.1,65,6.527777777777778,True
2025-11-27 09:00:00,6.9,59,7.472222222222221,True
2025-11-27 10:00:00,7.5,54,8.13888888888889,True
2025-11-27 11:00:00,8.2,50,7.388888888888889,True
2025-11-27 12:00:00,9.0,47,5.916666666666667,True
2025-11-27 13:00:00,9.0,47,6.055555555555555,True
2025-11-27 14:00:00,8.3,49,6.027777777777778,True
2025-11-27 15:00:00,7.5,52,6.194444444444445,True
2025-11-27 16:00:00,6.9,52,5.666666666666666,True
2025-11-27 17:00:00,6.3,54,4.055555555555555,True
2025-11-27 18:00:00,5.9,59,3.0555555555555554,True
2025-11-27 19:00:00,5.4,61,2.833333333333333,True
2025-11-27 20:00:00,4.9,62,4.333333333333333,True
2025-11-27 21:00:00,4.7,61,3.4444444444444446,True
2025-11-27 22:00:00,4.4,62,3.7222222222222223,True
2025-11-27 23:00:00,4.2,63,4.916666666666666,True
2025-11-28 00:00:00,4.7,60,5.027777777777778,True
2025-11-28 01:00:00,4.9,58,5.416666666666667,True
2025-11-28 02:00:00,4.4,60,5.611111111111111,True
2025-11-28 03:00:00,4.1,60,5.861111111111112,True
2025-11-28 04:00:00,4.3,56,6.0,True
2025-11-28 05:00:00,4.3,54,5.194444444444444,True
2025-11-28 06:00:00,3.8,59,4.361111111111111,True
2025-11-28 07:00:00,4.0,58,4.388888888888889,True
2025-11-28 08:00:00,4.5,61,3.194444444444444,True
2025-11-28 09:00:00,6.3,56,3.2777777777777777,True
2025-11-28 10:00:00,7.9,48,4.138888888888889,True
2025-11-28 11:00:00,8.9,42,4.555555555555555,True
2025-11-28 12:00:00,9.3,40,3.75,True
2025-11-28 13:00:00,9.4,38,4.527777777777778,True
2025-11-28 14:00:00,8.8,41,4.777777777777778,True
2025-11-28 15:00:00,8.3,39,5.416666666666667,True
2025-11-28 16:00:00,7.6,40,5.055555555555555,True
2025-11-28 17:00:00,6.2,45,4.888888888888889,True
2025-11-28 18:00:00,6.0,50,4.111111111111112,True
2025-11-28 19:00:00,6.0,49,4.166666666666667,True
2025-11-28 20:00:00,5.2,52,4.361111111111111,True
2025-11-28 21:00:00,4.7,55,4.444444444444445,True
2025-11-28 22:00:00,4.5,55,4.666666666666667,True
2025-11-28 23:00:00,4.5,54,4.944444444444445,True
2025-11-29 00:00:00,4.3,55,5.916666666666667,True
2025-11-29 01:00:00,4.5,54,6.416666666666667,True
2025-11-29 02:00:00,4.6,52,6.027777777777778,True
2025-11-29 03:00:00,4.6,52,5.416666666666667,True
2025-11-29 04:00:00,4.5,51,5.444444444444445,True
2025-11-29 05:00:00,4.5,50,5.249999999999999,True
2025-11-29 06:00:00,3.7,56,4.0,True
2025-11-29 07:00:00,4.3,54,4.861111111111111,True
2025-11-29 08:00:00,6.0,51,5.833333333333333,True
2025-11-29 09:00:00,7.7,50,5.111111111111111,True
2025-11-29 10:00:00,10.2,40,4.138888888888889,True
2025-11-29 11:00:00,11.6,33,3.138888888888889,True
2025-11-29 12:00:00,11.9,33,3.888888888888889,True
2025-11-29 13:00:00,11.9,32,4.5,True
2025-11-29 14:00:00,11.0,34,4.527777777777778,True
2025-11-29 15:00:00,9.4,38,4.361111111111111,True
2025-11-29 16:00:00,7.2,43,3.7222222222222223,True
2025-11-29 17:00:00,5.9,47,3.7777777777777777,True
2025-11-29 18:00:00,5.3,53,4.0,True
2025-11-29 19:00:00,5.8,50,4.305555555555555,True
2025-11-29 20:00:00,5.7,50,4.5,True
2025-11-29 21:00:00,5.6,50,4.611111111111112,True
2025-11-29 22:00:00,5.6,49,4.25,True
2025-11-29 23:00:00,5.2,51,4.0,True
2025-11-30 00:00:00,4.2,55,3.4444444444444446,True
2025-11-30 01:00:00,3.7,57,3.888888888888889,True
2025-11-30 02:00:00,3.2,59,3.7777777777777777,True
2025-11-30 03:00:00,3.0,59,3.4722222222222223,True
2025-11-30 04:00:00,3.0,60,2.7777777777777777,True
2025-11-30 05:00:00,3.2,61,2.75,True
2025-11-30 06:00:00,2.9,66,2.5,True
2025-11-30 07:00:00,3.3,66,3.222222222222222,True
2025-11-30 08:00:00,6.2,59,2.694444444444444,True
2025-11-30 09:00:00,9.7,54,1.4444444444444444,True
2025-11-30 10:00:00,11.7,44,0.6111111111111112,True
2025-11-30 11:00:00,11.9,46,1.3333333333333333,True
2025-11-30 12:00:00,12.4,44,1.5277777777777777,True
2025-11-30 13:00:00,12.1,50,1.3888888888888888,True
2025-11-30 14:00:00,11.1,62,0.6388888888888888,True
2025-11-30 15:00:00,9.6,66,0.05555555555555556,True
2025-11-30 16:00:00,8.1,67,0.3055555555555556,True
2025-11-30 17:00:00,7.1,65,0.75,True
2025-11-30 18:00:00,7.0,57,1.25,True
2025-11-30 19:00:00,6.6,52,2.361111111111111,True
2025-11-30 20:00:00,6.5,53,2.638888888888889,True
2025-11-30 21:00:00,6.2,56,2.4444444444444446,True
2025-11-30 22:00:00,5.9,58,2.4444444444444446,True
2025-11-30 23:00:00,6.0,58,2.611111111111111,True
